Sqtl chromosome,Sqtl position,Gene chromosome,Gene start,Gene end,Gene
1,24388945,1,24356999,24416934,ENSG00000001460
1,24389338,1,24356999,24416934,ENSG00000001460
1,24395908,1,24356999,24416934,ENSG00000001460
1,24397215,1,24356999,24416934,ENSG00000001460
1,24403742,1,24356999,24416934,ENSG00000001460
1,24406364,1,24356999,24416934,ENSG00000001460
1,24412730,1,24356999,24416934,ENSG00000001460
1,24419125,1,24356999,24416934,ENSG00000001460
1,24370402,1,24356999,24416934,ENSG00000001460
1,24371556,1,24356999,24416934,ENSG00000001460
1,24379802,1,24356999,24416934,ENSG00000001460
1,24373382,1,24356999,24416934,ENSG00000001460
1,24378604,1,24356999,24416934,ENSG00000001460
1,24380721,1,24356999,24416934,ENSG00000001460
1,24380806,1,24356999,24416934,ENSG00000001460
1,24381139,1,24356999,24416934,ENSG00000001460
1,24381179,1,24356999,24416934,ENSG00000001460
1,24381195,1,24356999,24416934,ENSG00000001460
1,24381393,1,24356999,24416934,ENSG00000001460
1,24381814,1,24356999,24416934,ENSG00000001460
1,24382250,1,24356999,24416934,ENSG00000001460
1,24382714,1,24356999,24416934,ENSG00000001460
1,24379077,1,24356999,24416934,ENSG00000001460
1,24379623,1,24356999,24416934,ENSG00000001460
1,24379779,1,24356999,24416934,ENSG00000001460
1,24379920,1,24356999,24416934,ENSG00000001460
1,24379948,1,24356999,24416934,ENSG00000001460
1,24379971,1,24356999,24416934,ENSG00000001460
1,24377031,1,24356999,24416934,ENSG00000001460
1,24377177,1,24356999,24416934,ENSG00000001460
1,24377773,1,24356999,24416934,ENSG00000001460
1,24382393,1,24356999,24416934,ENSG00000001460
1,24373099,1,24356999,24416934,ENSG00000001460
1,24369259,1,24356999,24416934,ENSG00000001460
1,24367599,1,24356999,24416934,ENSG00000001460
1,24367937,1,24356999,24416934,ENSG00000001460
1,24368624,1,24356999,24416934,ENSG00000001460
1,24368661,1,24356999,24416934,ENSG00000001460
1,24410545,1,24356999,24416934,ENSG00000001460
1,24354425,1,24356999,24416934,ENSG00000001460
1,24355711,1,24356999,24416934,ENSG00000001460
1,24359245,1,24356999,24416934,ENSG00000001460
1,24354175,1,24356999,24416934,ENSG00000001460
12,8936676,12,8940361,8949761,ENSG00000003056
12,8936749,12,8940361,8949761,ENSG00000003056
12,8938520,12,8940361,8949761,ENSG00000003056
12,8938597,12,8940361,8949761,ENSG00000003056
12,8946937,12,8940361,8949761,ENSG00000003056
12,8952013,12,8940361,8949761,ENSG00000003056
12,8952343,12,8940361,8949761,ENSG00000003056
12,8937490,12,8940361,8949761,ENSG00000003056
12,8938263,12,8940361,8949761,ENSG00000003056
12,8938296,12,8940361,8949761,ENSG00000003056
12,8941952,12,8940361,8949761,ENSG00000003056
12,8951069,12,8940361,8949761,ENSG00000003056
12,8943153,12,8940361,8949761,ENSG00000003056
2,201139467,2,201116154,201176687,ENSG00000003402
2,201117821,2,201116154,201176687,ENSG00000003402
2,201127684,2,201116154,201176687,ENSG00000003402
2,201120638,2,201116154,201176687,ENSG00000003402
2,201128965,2,201116154,201176687,ENSG00000003402
2,37238763,2,37231631,37253403,ENSG00000003509
2,37239539,2,37231631,37253403,ENSG00000003509
2,37254839,2,37231631,37253403,ENSG00000003509
2,37237287,2,37231631,37253403,ENSG00000003509
2,37257572,2,37231631,37253403,ENSG00000003509
2,37233557,2,37231631,37253403,ENSG00000003509
2,37232527,2,37231631,37253403,ENSG00000003509
17,58313062,17,58301228,58328795,ENSG00000005379
17,50556996,17,50543058,50555852,ENSG00000006282
1,112546698,1,112523514,112620825,ENSG00000007341
1,112548865,1,112523514,112620825,ENSG00000007341
1,112555384,1,112523514,112620825,ENSG00000007341
1,112555393,1,112523514,112620825,ENSG00000007341
1,112549905,1,112523514,112620825,ENSG00000007341
1,112555227,1,112523514,112620825,ENSG00000007341
1,112563747,1,112523514,112620825,ENSG00000007341
1,112566652,1,112523514,112620825,ENSG00000007341
1,112567997,1,112523514,112620825,ENSG00000007341
1,112570124,1,112523514,112620825,ENSG00000007341
1,112580334,1,112523514,112620825,ENSG00000007341
1,112581112,1,112523514,112620825,ENSG00000007341
1,112589739,1,112523514,112620825,ENSG00000007341
1,112589771,1,112523514,112620825,ENSG00000007341
1,112593607,1,112523514,112620825,ENSG00000007341
1,112602772,1,112523514,112620825,ENSG00000007341
1,112611778,1,112523514,112620825,ENSG00000007341
1,112613804,1,112523514,112620825,ENSG00000007341
1,112614238,1,112523514,112620825,ENSG00000007341
1,112614432,1,112523514,112620825,ENSG00000007341
1,112601641,1,112523514,112620825,ENSG00000007341
1,112520503,1,112523514,112620825,ENSG00000007341
1,112546384,1,112523514,112620825,ENSG00000007341
1,112540817,1,112523514,112620825,ENSG00000007341
1,112534134,1,112523514,112620825,ENSG00000007341
1,112579051,1,112523514,112620825,ENSG00000007341
1,112598304,1,112523514,112620825,ENSG00000007341
1,112614750,1,112523514,112620825,ENSG00000007341
1,112538554,1,112523514,112620825,ENSG00000007341
1,112543099,1,112523514,112620825,ENSG00000007341
1,112586182,1,112523514,112620825,ENSG00000007341
1,112621345,1,112523514,112620825,ENSG00000007341
1,112620420,1,112523514,112620825,ENSG00000007341
1,112620907,1,112523514,112620825,ENSG00000007341
1,112566482,1,112523514,112620825,ENSG00000007341
1,112525170,1,112523514,112620825,ENSG00000007341
1,112547487,1,112523514,112620825,ENSG00000007341
1,112554124,1,112523514,112620825,ENSG00000007341
1,112562265,1,112523514,112620825,ENSG00000007341
1,112571489,1,112523514,112620825,ENSG00000007341
1,112575278,1,112523514,112620825,ENSG00000007341
1,112595488,1,112523514,112620825,ENSG00000007341
1,112605645,1,112523514,112620825,ENSG00000007341
1,112613328,1,112523514,112620825,ENSG00000007341
1,112540352,1,112523514,112620825,ENSG00000007341
1,112602157,1,112523514,112620825,ENSG00000007341
1,112554218,1,112523514,112620825,ENSG00000007341
1,112608583,1,112523514,112620825,ENSG00000007341
1,112624254,1,112523514,112620825,ENSG00000007341
1,112552266,1,112523514,112620825,ENSG00000007341
16,571673,16,566995,584109,ENSG00000007541
16,581752,16,566995,584109,ENSG00000007541
16,582138,16,566995,584109,ENSG00000007541
16,565326,16,566995,584109,ENSG00000007541
16,572211,16,566995,584109,ENSG00000007541
16,583125,16,566995,584109,ENSG00000007541
16,588264,16,566995,584109,ENSG00000007541
16,588323,16,566995,584109,ENSG00000007541
16,576346,16,566995,584109,ENSG00000007541
16,577920,16,566995,584109,ENSG00000007541
16,578130,16,566995,584109,ENSG00000007541
16,578302,16,566995,584109,ENSG00000007541
16,580025,16,566995,584109,ENSG00000007541
16,580089,16,566995,584109,ENSG00000007541
16,580367,16,566995,584109,ENSG00000007541
16,580405,16,566995,584109,ENSG00000007541
16,580665,16,566995,584109,ENSG00000007541
16,580710,16,566995,584109,ENSG00000007541
16,582051,16,566995,584109,ENSG00000007541
16,582073,16,566995,584109,ENSG00000007541
16,582115,16,566995,584109,ENSG00000007541
16,582180,16,566995,584109,ENSG00000007541
16,582198,16,566995,584109,ENSG00000007541
16,582225,16,566995,584109,ENSG00000007541
16,582230,16,566995,584109,ENSG00000007541
16,582233,16,566995,584109,ENSG00000007541
16,582728,16,566995,584109,ENSG00000007541
16,582767,16,566995,584109,ENSG00000007541
16,583353,16,566995,584109,ENSG00000007541
16,583354,16,566995,584109,ENSG00000007541
16,584260,16,566995,584109,ENSG00000007541
16,584313,16,566995,584109,ENSG00000007541
16,585525,16,566995,584109,ENSG00000007541
16,585794,16,566995,584109,ENSG00000007541
16,582736,16,566995,584109,ENSG00000007541
16,583843,16,566995,584109,ENSG00000007541
16,583851,16,566995,584109,ENSG00000007541
1,1714932,1,1702379,1724357,ENSG00000008128
1,1704310,1,1702379,1724357,ENSG00000008128
1,1726904,1,1702379,1724357,ENSG00000008128
1,1724489,1,1702379,1724357,ENSG00000008128
1,1706067,1,1702379,1724357,ENSG00000008128
1,1720192,1,1702379,1724357,ENSG00000008128
1,1715838,1,1702379,1724357,ENSG00000008128
1,1704835,1,1702379,1724357,ENSG00000008128
1,1728604,1,1702379,1724357,ENSG00000008128
1,1706566,1,1702379,1724357,ENSG00000008128
1,1704180,1,1702379,1724357,ENSG00000008128
7,38189505,7,38178245,38230670,ENSG00000010270
7,38193601,7,38178245,38230670,ENSG00000010270
7,38197690,7,38178245,38230670,ENSG00000010270
7,38199852,7,38178245,38230670,ENSG00000010270
7,38201544,7,38178245,38230670,ENSG00000010270
7,38207062,7,38178245,38230670,ENSG00000010270
7,38180995,7,38178245,38230670,ENSG00000010270
7,38181357,7,38178245,38230670,ENSG00000010270
7,38192537,7,38178245,38230670,ENSG00000010270
7,38187522,7,38178245,38230670,ENSG00000010270
7,38198518,7,38178245,38230670,ENSG00000010270
7,38211619,7,38178245,38230670,ENSG00000010270
7,38213426,7,38178245,38230670,ENSG00000010270
7,38214322,7,38178245,38230670,ENSG00000010270
7,38178365,7,38178245,38230670,ENSG00000010270
7,38179081,7,38178245,38230670,ENSG00000010270
3,42691682,3,42692663,42702824,ENSG00000010282
3,42692175,3,42692663,42702824,ENSG00000010282
3,42693658,3,42692663,42702824,ENSG00000010282
3,42693782,3,42692663,42702824,ENSG00000010282
3,42695545,3,42692663,42702824,ENSG00000010282
3,42695754,3,42692663,42702824,ENSG00000010282
3,42696387,3,42692663,42702824,ENSG00000010282
3,42696547,3,42692663,42702824,ENSG00000010282
3,42696805,3,42692663,42702824,ENSG00000010282
3,42691976,3,42692663,42702824,ENSG00000010282
3,42691447,3,42692663,42702824,ENSG00000010282
3,42699368,3,42692663,42702824,ENSG00000010282
3,42701146,3,42692663,42702824,ENSG00000010282
19,49812441,19,49806866,49817376,ENSG00000010361
19,49810549,19,49806866,49817376,ENSG00000010361
19,49806358,19,49806866,49817376,ENSG00000010361
19,49806603,19,49806866,49817376,ENSG00000010361
19,49812516,19,49806866,49817376,ENSG00000010361
19,49804877,19,49806866,49817376,ENSG00000010361
19,49804087,19,49806866,49817376,ENSG00000010361
19,49805636,19,49806866,49817376,ENSG00000010361
19,49813497,19,49806866,49817376,ENSG00000010361
19,49804151,19,49806866,49817376,ENSG00000010361
19,49812166,19,49806866,49817376,ENSG00000010361
19,49814712,19,49806866,49817376,ENSG00000010361
19,49817811,19,49806866,49817376,ENSG00000010361
19,49818255,19,49806866,49817376,ENSG00000010361
19,49811481,19,49806866,49817376,ENSG00000010361
19,49820071,19,49806866,49817376,ENSG00000010361
12,263802,12,220621,262873,ENSG00000010379
12,236009,12,220621,262873,ENSG00000010379
12,256123,12,220621,262873,ENSG00000010379
12,263216,12,220621,262873,ENSG00000010379
12,265136,12,220621,262873,ENSG00000010379
12,266454,12,220621,262873,ENSG00000010379
12,266620,12,220621,262873,ENSG00000010379
12,239340,12,220621,262873,ENSG00000010379
12,242301,12,220621,262873,ENSG00000010379
12,246676,12,220621,262873,ENSG00000010379
12,236203,12,220621,262873,ENSG00000010379
12,237902,12,220621,262873,ENSG00000010379
12,255287,12,220621,262873,ENSG00000010379
12,257719,12,220621,262873,ENSG00000010379
12,255573,12,220621,262873,ENSG00000010379
12,255850,12,220621,262873,ENSG00000010379
12,243095,12,220621,262873,ENSG00000010379
12,242031,12,220621,262873,ENSG00000010379
12,239619,12,220621,262873,ENSG00000010379
12,244766,12,220621,262873,ENSG00000010379
12,245394,12,220621,262873,ENSG00000010379
12,245505,12,220621,262873,ENSG00000010379
12,246692,12,220621,262873,ENSG00000010379
12,252830,12,220621,262873,ENSG00000010379
12,243083,12,220621,262873,ENSG00000010379
12,243249,12,220621,262873,ENSG00000010379
12,240132,12,220621,262873,ENSG00000010379
12,239710,12,220621,262873,ENSG00000010379
7,36407740,7,36389821,36453791,ENSG00000011426
7,36407991,7,36389821,36453791,ENSG00000011426
7,36409168,7,36389821,36453791,ENSG00000011426
7,36411751,7,36389821,36453791,ENSG00000011426
14,93227258,14,93207241,93229215,ENSG00000012963
3,53809542,3,53812335,53846419,ENSG00000016391
3,53815996,3,53812335,53846419,ENSG00000016391
3,53816212,3,53812335,53846419,ENSG00000016391
3,53816448,3,53812335,53846419,ENSG00000016391
3,53827544,3,53812335,53846419,ENSG00000016391
11,3087800,11,3087107,3166739,ENSG00000021762
11,3088173,11,3087107,3166739,ENSG00000021762
11,3088178,11,3087107,3166739,ENSG00000021762
11,3088054,11,3087107,3166739,ENSG00000021762
11,3098475,11,3087107,3166739,ENSG00000021762
15,34929761,15,34851782,34969742,ENSG00000021776
11,494942,11,494512,507300,ENSG00000023191
11,496626,11,494512,507300,ENSG00000023191
11,502013,11,494512,507300,ENSG00000023191
11,502217,11,494512,507300,ENSG00000023191
11,509648,11,494512,507300,ENSG00000023191
11,509996,11,494512,507300,ENSG00000023191
11,512046,11,494512,507300,ENSG00000023191
11,492309,11,494512,507300,ENSG00000023191
11,492199,11,494512,507300,ENSG00000023191
11,495103,11,494512,507300,ENSG00000023191
11,493085,11,494512,507300,ENSG00000023191
11,496924,11,494512,507300,ENSG00000023191
11,500278,11,494512,507300,ENSG00000023191
11,503993,11,494512,507300,ENSG00000023191
11,497784,11,494512,507300,ENSG00000023191
11,497039,11,494512,507300,ENSG00000023191
11,507443,11,494512,507300,ENSG00000023191
11,505851,11,494512,507300,ENSG00000023191
11,492765,11,494512,507300,ENSG00000023191
11,493065,11,494512,507300,ENSG00000023191
11,493068,11,494512,507300,ENSG00000023191
11,507447,11,494512,507300,ENSG00000023191
11,493007,11,494512,507300,ENSG00000023191
6,26404146,6,26402237,26415216,ENSG00000026950
5,177605049,5,177600132,177610330,ENSG00000027847
5,177602835,5,177600132,177610330,ENSG00000027847
5,177615153,5,177600132,177610330,ENSG00000027847
5,177609230,5,177600132,177610330,ENSG00000027847
5,177603572,5,177600132,177610330,ENSG00000027847
5,177611827,5,177600132,177610330,ENSG00000027847
5,177600109,5,177600132,177610330,ENSG00000027847
5,177607785,5,177600132,177610330,ENSG00000027847
5,177608963,5,177600132,177610330,ENSG00000027847
5,177605371,5,177600132,177610330,ENSG00000027847
5,177603743,5,177600132,177610330,ENSG00000027847
5,177606518,5,177600132,177610330,ENSG00000027847
5,177598762,5,177600132,177610330,ENSG00000027847
5,177610449,5,177600132,177610330,ENSG00000027847
5,177608351,5,177600132,177610330,ENSG00000027847
5,177609255,5,177600132,177610330,ENSG00000027847
5,177598966,5,177600132,177610330,ENSG00000027847
5,177606793,5,177600132,177610330,ENSG00000027847
5,177597337,5,177600132,177610330,ENSG00000027847
5,177603176,5,177600132,177610330,ENSG00000027847
5,177606860,5,177600132,177610330,ENSG00000027847
5,177610609,5,177600132,177610330,ENSG00000027847
5,177610758,5,177600132,177610330,ENSG00000027847
5,177614771,5,177600132,177610330,ENSG00000027847
2,214837,2,217730,266398,ENSG00000035115
2,217334,2,217730,266398,ENSG00000035115
2,217560,2,217730,266398,ENSG00000035115
2,217563,2,217730,266398,ENSG00000035115
2,218386,2,217730,266398,ENSG00000035115
2,220889,2,217730,266398,ENSG00000035115
2,221560,2,217730,266398,ENSG00000035115
2,221981,2,217730,266398,ENSG00000035115
2,222336,2,217730,266398,ENSG00000035115
2,224919,2,217730,266398,ENSG00000035115
2,226933,2,217730,266398,ENSG00000035115
2,227066,2,217730,266398,ENSG00000035115
2,227201,2,217730,266398,ENSG00000035115
2,228088,2,217730,266398,ENSG00000035115
2,229456,2,217730,266398,ENSG00000035115
2,230912,2,217730,266398,ENSG00000035115
2,231741,2,217730,266398,ENSG00000035115
2,234668,2,217730,266398,ENSG00000035115
2,237346,2,217730,266398,ENSG00000035115
2,239597,2,217730,266398,ENSG00000035115
2,239969,2,217730,266398,ENSG00000035115
2,242132,2,217730,266398,ENSG00000035115
2,242426,2,217730,266398,ENSG00000035115
2,242793,2,217730,266398,ENSG00000035115
2,243929,2,217730,266398,ENSG00000035115
2,249092,2,217730,266398,ENSG00000035115
2,254215,2,217730,266398,ENSG00000035115
2,256116,2,217730,266398,ENSG00000035115
2,258210,2,217730,266398,ENSG00000035115
2,262335,2,217730,266398,ENSG00000035115
2,264019,2,217730,266398,ENSG00000035115
2,264227,2,217730,266398,ENSG00000035115
2,267367,2,217730,266398,ENSG00000035115
2,268191,2,217730,266398,ENSG00000035115
2,268293,2,217730,266398,ENSG00000035115
2,269679,2,217730,266398,ENSG00000035115
2,224086,2,217730,266398,ENSG00000035115
2,224970,2,217730,266398,ENSG00000035115
2,225951,2,217730,266398,ENSG00000035115
2,240054,2,217730,266398,ENSG00000035115
2,266907,2,217730,266398,ENSG00000035115
2,221032,2,217730,266398,ENSG00000035115
2,262553,2,217730,266398,ENSG00000035115
2,248037,2,217730,266398,ENSG00000035115
2,230442,2,217730,266398,ENSG00000035115
2,251673,2,217730,266398,ENSG00000035115
2,253411,2,217730,266398,ENSG00000035115
2,253566,2,217730,266398,ENSG00000035115
2,219461,2,217730,266398,ENSG00000035115
2,220542,2,217730,266398,ENSG00000035115
2,217826,2,217730,266398,ENSG00000035115
2,240785,2,217730,266398,ENSG00000035115
2,264429,2,217730,266398,ENSG00000035115
2,243504,2,217730,266398,ENSG00000035115
2,232343,2,217730,266398,ENSG00000035115
2,239736,2,217730,266398,ENSG00000035115
2,224192,2,217730,266398,ENSG00000035115
2,226231,2,217730,266398,ENSG00000035115
2,227684,2,217730,266398,ENSG00000035115
2,227722,2,217730,266398,ENSG00000035115
2,231905,2,217730,266398,ENSG00000035115
2,234130,2,217730,266398,ENSG00000035115
2,236950,2,217730,266398,ENSG00000035115
2,238975,2,217730,266398,ENSG00000035115
2,240630,2,217730,266398,ENSG00000035115
2,241669,2,217730,266398,ENSG00000035115
2,246077,2,217730,266398,ENSG00000035115
2,256278,2,217730,266398,ENSG00000035115
2,255580,2,217730,266398,ENSG00000035115
2,256839,2,217730,266398,ENSG00000035115
2,259296,2,217730,266398,ENSG00000035115
2,259774,2,217730,266398,ENSG00000035115
2,260677,2,217730,266398,ENSG00000035115
2,265591,2,217730,266398,ENSG00000035115
2,265970,2,217730,266398,ENSG00000035115
2,266895,2,217730,266398,ENSG00000035115
2,238308,2,217730,266398,ENSG00000035115
2,269352,2,217730,266398,ENSG00000035115
2,245672,2,217730,266398,ENSG00000035115
2,242800,2,217730,266398,ENSG00000035115
2,253291,2,217730,266398,ENSG00000035115
5,6604420,5,6599239,6633291,ENSG00000037474
5,6606210,5,6599239,6633291,ENSG00000037474
5,6607012,5,6599239,6633291,ENSG00000037474
5,6607803,5,6599239,6633291,ENSG00000037474
5,6610278,5,6599239,6633291,ENSG00000037474
5,6602431,5,6599239,6633291,ENSG00000037474
5,6605419,5,6599239,6633291,ENSG00000037474
5,6613714,5,6599239,6633291,ENSG00000037474
5,6600680,5,6599239,6633291,ENSG00000037474
5,6626448,5,6599239,6633291,ENSG00000037474
5,6626560,5,6599239,6633291,ENSG00000037474
5,6621097,5,6599239,6633291,ENSG00000037474
5,6616898,5,6599239,6633291,ENSG00000037474
5,6618073,5,6599239,6633291,ENSG00000037474
5,6618210,5,6599239,6633291,ENSG00000037474
5,6618590,5,6599239,6633291,ENSG00000037474
5,6620918,5,6599239,6633291,ENSG00000037474
5,6605158,5,6599239,6633291,ENSG00000037474
5,6608421,5,6599239,6633291,ENSG00000037474
5,6619620,5,6599239,6633291,ENSG00000037474
5,6620346,5,6599239,6633291,ENSG00000037474
5,6600942,5,6599239,6633291,ENSG00000037474
5,6608844,5,6599239,6633291,ENSG00000037474
5,6614850,5,6599239,6633291,ENSG00000037474
5,6612351,5,6599239,6633291,ENSG00000037474
5,6610136,5,6599239,6633291,ENSG00000037474
5,6612130,5,6599239,6633291,ENSG00000037474
5,6616419,5,6599239,6633291,ENSG00000037474
5,6604818,5,6599239,6633291,ENSG00000037474
5,6604857,5,6599239,6633291,ENSG00000037474
5,6605906,5,6599239,6633291,ENSG00000037474
5,6606190,5,6599239,6633291,ENSG00000037474
5,6608037,5,6599239,6633291,ENSG00000037474
5,6609026,5,6599239,6633291,ENSG00000037474
5,6610150,5,6599239,6633291,ENSG00000037474
5,6610673,5,6599239,6633291,ENSG00000037474
5,6611644,5,6599239,6633291,ENSG00000037474
5,6613033,5,6599239,6633291,ENSG00000037474
5,6613305,5,6599239,6633291,ENSG00000037474
5,6614540,5,6599239,6633291,ENSG00000037474
5,6614542,5,6599239,6633291,ENSG00000037474
5,6614856,5,6599239,6633291,ENSG00000037474
5,6614947,5,6599239,6633291,ENSG00000037474
5,6614979,5,6599239,6633291,ENSG00000037474
5,6611870,5,6599239,6633291,ENSG00000037474
5,6614651,5,6599239,6633291,ENSG00000037474
5,6610124,5,6599239,6633291,ENSG00000037474
5,6600379,5,6599239,6633291,ENSG00000037474
5,6600751,5,6599239,6633291,ENSG00000037474
5,6600385,5,6599239,6633291,ENSG00000037474
5,6615615,5,6599239,6633291,ENSG00000037474
5,6615430,5,6599239,6633291,ENSG00000037474
5,6608999,5,6599239,6633291,ENSG00000037474
5,6622972,5,6599239,6633291,ENSG00000037474
5,6608975,5,6599239,6633291,ENSG00000037474
5,6616295,5,6599239,6633291,ENSG00000037474
5,6604092,5,6599239,6633291,ENSG00000037474
4,13608050,4,13568738,13627725,ENSG00000038219
4,13605726,4,13568738,13627725,ENSG00000038219
4,13606458,4,13568738,13627725,ENSG00000038219
4,13612829,4,13568738,13627725,ENSG00000038219
4,13590834,4,13568738,13627725,ENSG00000038219
4,13617807,4,13568738,13627725,ENSG00000038219
4,13587390,4,13568738,13627725,ENSG00000038219
4,13587438,4,13568738,13627725,ENSG00000038219
4,13587871,4,13568738,13627725,ENSG00000038219
4,13620431,4,13568738,13627725,ENSG00000038219
4,13620935,4,13568738,13627725,ENSG00000038219
4,13621576,4,13568738,13627725,ENSG00000038219
4,13624278,4,13568738,13627725,ENSG00000038219
4,13626191,4,13568738,13627725,ENSG00000038219
4,13589212,4,13568738,13627725,ENSG00000038219
4,13589253,4,13568738,13627725,ENSG00000038219
4,13592904,4,13568738,13627725,ENSG00000038219
4,13593935,4,13568738,13627725,ENSG00000038219
16,71694409,16,71637835,71724701,ENSG00000040199
16,71634731,16,71637835,71724701,ENSG00000040199
16,71657139,16,71637835,71724701,ENSG00000040199
16,71657426,16,71637835,71724701,ENSG00000040199
16,71657544,16,71637835,71724701,ENSG00000040199
16,71657683,16,71637835,71724701,ENSG00000040199
16,71678418,16,71637835,71724701,ENSG00000040199
16,71678559,16,71637835,71724701,ENSG00000040199
16,71686016,16,71637835,71724701,ENSG00000040199
16,71692138,16,71637835,71724701,ENSG00000040199
16,71694055,16,71637835,71724701,ENSG00000040199
16,71698892,16,71637835,71724701,ENSG00000040199
16,71707721,16,71637835,71724701,ENSG00000040199
16,71725461,16,71637835,71724701,ENSG00000040199
3,194640947,3,194640791,194672463,ENSG00000041802
14,88408571,14,88384924,88470350,ENSG00000042317
14,88469581,14,88384924,88470350,ENSG00000042317
14,88470358,14,88384924,88470350,ENSG00000042317
14,88471603,14,88384924,88470350,ENSG00000042317
14,88471832,14,88384924,88470350,ENSG00000042317
14,88471879,14,88384924,88470350,ENSG00000042317
14,88472308,14,88384924,88470350,ENSG00000042317
14,88414904,14,88384924,88470350,ENSG00000042317
14,88461455,14,88384924,88470350,ENSG00000042317
14,88413784,14,88384924,88470350,ENSG00000042317
14,88449288,14,88384924,88470350,ENSG00000042317
14,88453497,14,88384924,88470350,ENSG00000042317
14,88455372,14,88384924,88470350,ENSG00000042317
14,88460479,14,88384924,88470350,ENSG00000042317
14,88441127,14,88384924,88470350,ENSG00000042317
14,88447580,14,88384924,88470350,ENSG00000042317
14,88472736,14,88384924,88470350,ENSG00000042317
14,88396185,14,88384924,88470350,ENSG00000042317
14,88473090,14,88384924,88470350,ENSG00000042317
14,88434642,14,88384924,88470350,ENSG00000042317
14,88411690,14,88384924,88470350,ENSG00000042317
14,88433746,14,88384924,88470350,ENSG00000042317
14,88391886,14,88384924,88470350,ENSG00000042317
14,88392657,14,88384924,88470350,ENSG00000042317
14,88391138,14,88384924,88470350,ENSG00000042317
14,88469307,14,88384924,88470350,ENSG00000042317
14,88469910,14,88384924,88470350,ENSG00000042317
14,88460396,14,88384924,88470350,ENSG00000042317
14,88465461,14,88384924,88470350,ENSG00000042317
14,88408836,14,88384924,88470350,ENSG00000042317
14,88468512,14,88384924,88470350,ENSG00000042317
14,88397859,14,88384924,88470350,ENSG00000042317
14,88401473,14,88384924,88470350,ENSG00000042317
14,88402337,14,88384924,88470350,ENSG00000042317
14,88411691,14,88384924,88470350,ENSG00000042317
14,88415858,14,88384924,88470350,ENSG00000042317
14,88417585,14,88384924,88470350,ENSG00000042317
14,88424384,14,88384924,88470350,ENSG00000042317
14,88427866,14,88384924,88470350,ENSG00000042317
14,88439285,14,88384924,88470350,ENSG00000042317
14,88442850,14,88384924,88470350,ENSG00000042317
14,88445245,14,88384924,88470350,ENSG00000042317
14,88451334,14,88384924,88470350,ENSG00000042317
14,88467016,14,88384924,88470350,ENSG00000042317
14,88380876,14,88384924,88470350,ENSG00000042317
14,88400054,14,88384924,88470350,ENSG00000042317
14,88414926,14,88384924,88470350,ENSG00000042317
14,88415571,14,88384924,88470350,ENSG00000042317
14,88439331,14,88384924,88470350,ENSG00000042317
14,88448387,14,88384924,88470350,ENSG00000042317
14,88429597,14,88384924,88470350,ENSG00000042317
14,88385822,14,88384924,88470350,ENSG00000042317
14,88395506,14,88384924,88470350,ENSG00000042317
15,52680881,15,52581317,52709817,ENSG00000047346
15,52680884,15,52581317,52709817,ENSG00000047346
15,52679244,15,52581317,52709817,ENSG00000047346
15,52658572,15,52581317,52709817,ENSG00000047346
15,52656160,15,52581317,52709817,ENSG00000047346
15,52609236,15,52581317,52709817,ENSG00000047346
15,52619138,15,52581317,52709817,ENSG00000047346
15,52583631,15,52581317,52709817,ENSG00000047346
15,52594765,15,52581317,52709817,ENSG00000047346
15,52663605,15,52581317,52709817,ENSG00000047346
15,52664950,15,52581317,52709817,ENSG00000047346
15,52667490,15,52581317,52709817,ENSG00000047346
15,52678796,15,52581317,52709817,ENSG00000047346
15,52609441,15,52581317,52709817,ENSG00000047346
15,52609780,15,52581317,52709817,ENSG00000047346
15,52588066,15,52581317,52709817,ENSG00000047346
15,52589120,15,52581317,52709817,ENSG00000047346
15,52589543,15,52581317,52709817,ENSG00000047346
15,52651617,15,52581317,52709817,ENSG00000047346
15,52655204,15,52581317,52709817,ENSG00000047346
15,52590084,15,52581317,52709817,ENSG00000047346
15,52613036,15,52581317,52709817,ENSG00000047346
15,52641351,15,52581317,52709817,ENSG00000047346
15,52673271,15,52581317,52709817,ENSG00000047346
15,52625701,15,52581317,52709817,ENSG00000047346
15,52594269,15,52581317,52709817,ENSG00000047346
15,52605281,15,52581317,52709817,ENSG00000047346
15,52629857,15,52581317,52709817,ENSG00000047346
15,52630019,15,52581317,52709817,ENSG00000047346
15,52643482,15,52581317,52709817,ENSG00000047346
15,52644133,15,52581317,52709817,ENSG00000047346
15,52596296,15,52581317,52709817,ENSG00000047346
15,52632034,15,52581317,52709817,ENSG00000047346
15,52634641,15,52581317,52709817,ENSG00000047346
15,52646924,15,52581317,52709817,ENSG00000047346
15,52649914,15,52581317,52709817,ENSG00000047346
15,52637519,15,52581317,52709817,ENSG00000047346
15,52638302,15,52581317,52709817,ENSG00000047346
15,52591088,15,52581317,52709817,ENSG00000047346
15,52586522,15,52581317,52709817,ENSG00000047346
15,52675996,15,52581317,52709817,ENSG00000047346
15,52648341,15,52581317,52709817,ENSG00000047346
15,52639404,15,52581317,52709817,ENSG00000047346
15,52654491,15,52581317,52709817,ENSG00000047346
15,52580291,15,52581317,52709817,ENSG00000047346
15,52697066,15,52581317,52709817,ENSG00000047346
1,40315479,1,40300489,40317813,ENSG00000049089
9,131082911,9,131009174,131094473,ENSG00000050555
9,131089254,9,131009174,131094473,ENSG00000050555
9,131089368,9,131009174,131094473,ENSG00000050555
9,131089802,9,131009174,131094473,ENSG00000050555
9,131089932,9,131009174,131094473,ENSG00000050555
9,131090009,9,131009174,131094473,ENSG00000050555
9,131090414,9,131009174,131094473,ENSG00000050555
9,131064659,9,131009174,131094473,ENSG00000050555
9,131067688,9,131009174,131094473,ENSG00000050555
9,131067785,9,131009174,131094473,ENSG00000050555
9,131069138,9,131009174,131094473,ENSG00000050555
9,131069470,9,131009174,131094473,ENSG00000050555
9,131064199,9,131009174,131094473,ENSG00000050555
9,131093715,9,131009174,131094473,ENSG00000050555
9,131093120,9,131009174,131094473,ENSG00000050555
9,131093430,9,131009174,131094473,ENSG00000050555
9,131094051,9,131009174,131094473,ENSG00000050555
5,175927959,5,175917873,176034680,ENSG00000051596
5,175965432,5,175917873,176034680,ENSG00000051596
5,175916663,5,175917873,176034680,ENSG00000051596
5,175916749,5,175917873,176034680,ENSG00000051596
5,175917349,5,175917873,176034680,ENSG00000051596
5,175943890,5,175917873,176034680,ENSG00000051596
5,175943891,5,175917873,176034680,ENSG00000051596
5,175919694,5,175917873,176034680,ENSG00000051596
5,175923944,5,175917873,176034680,ENSG00000051596
5,175929811,5,175917873,176034680,ENSG00000051596
5,175930096,5,175917873,176034680,ENSG00000051596
5,176011646,5,175917873,176034680,ENSG00000051596
5,176011252,5,175917873,176034680,ENSG00000051596
5,176029678,5,175917873,176034680,ENSG00000051596
5,175914214,5,175917873,176034680,ENSG00000051596
17,78785854,17,78787381,78841441,ENSG00000055483
17,78787560,17,78787381,78841441,ENSG00000055483
17,78788116,17,78787381,78841441,ENSG00000055483
17,78789039,17,78787381,78841441,ENSG00000055483
17,78790918,17,78787381,78841441,ENSG00000055483
17,78793909,17,78787381,78841441,ENSG00000055483
17,78796097,17,78787381,78841441,ENSG00000055483
17,78797646,17,78787381,78841441,ENSG00000055483
17,78797743,17,78787381,78841441,ENSG00000055483
17,78798692,17,78787381,78841441,ENSG00000055483
17,78798899,17,78787381,78841441,ENSG00000055483
17,78800381,17,78787381,78841441,ENSG00000055483
17,78800772,17,78787381,78841441,ENSG00000055483
17,78803713,17,78787381,78841441,ENSG00000055483
17,78803778,17,78787381,78841441,ENSG00000055483
17,78803816,17,78787381,78841441,ENSG00000055483
17,78811168,17,78787381,78841441,ENSG00000055483
17,78812644,17,78787381,78841441,ENSG00000055483
17,78813270,17,78787381,78841441,ENSG00000055483
17,78833833,17,78787381,78841441,ENSG00000055483
17,78836051,17,78787381,78841441,ENSG00000055483
17,78815709,17,78787381,78841441,ENSG00000055483
17,78814202,17,78787381,78841441,ENSG00000055483
17,78826086,17,78787381,78841441,ENSG00000055483
17,78826049,17,78787381,78841441,ENSG00000055483
17,78815721,17,78787381,78841441,ENSG00000055483
17,78813271,17,78787381,78841441,ENSG00000055483
17,78816758,17,78787381,78841441,ENSG00000055483
17,78791803,17,78787381,78841441,ENSG00000055483
17,78793804,17,78787381,78841441,ENSG00000055483
17,78794197,17,78787381,78841441,ENSG00000055483
17,78795135,17,78787381,78841441,ENSG00000055483
17,78797518,17,78787381,78841441,ENSG00000055483
17,78797803,17,78787381,78841441,ENSG00000055483
17,78804100,17,78787381,78841441,ENSG00000055483
17,78832072,17,78787381,78841441,ENSG00000055483
17,78833133,17,78787381,78841441,ENSG00000055483
17,78835718,17,78787381,78841441,ENSG00000055483
17,78837834,17,78787381,78841441,ENSG00000055483
17,78793672,17,78787381,78841441,ENSG00000055483
17,78789158,17,78787381,78841441,ENSG00000055483
17,78788699,17,78787381,78841441,ENSG00000055483
17,78806566,17,78787381,78841441,ENSG00000055483
10,100972002,10,100969458,100987515,ENSG00000055950
10,100987606,10,100969458,100987515,ENSG00000055950
10,100985749,10,100969458,100987515,ENSG00000055950
10,100990176,10,100969458,100987515,ENSG00000055950
10,100986474,10,100969458,100987515,ENSG00000055950
10,100973950,10,100969458,100987515,ENSG00000055950
10,100984574,10,100969458,100987515,ENSG00000055950
10,100984956,10,100969458,100987515,ENSG00000055950
16,2936322,16,2911931,2951208,ENSG00000059122
16,2932340,16,2911931,2951208,ENSG00000059122
16,2949217,16,2911931,2951208,ENSG00000059122
16,2932707,16,2911931,2951208,ENSG00000059122
16,2947633,16,2911931,2951208,ENSG00000059122
16,2932182,16,2911931,2951208,ENSG00000059122
16,2932546,16,2911931,2951208,ENSG00000059122
16,2932740,16,2911931,2951208,ENSG00000059122
16,2943813,16,2911931,2951208,ENSG00000059122
16,2942651,16,2911931,2951208,ENSG00000059122
16,2940829,16,2911931,2951208,ENSG00000059122
16,2942113,16,2911931,2951208,ENSG00000059122
16,2947254,16,2911931,2951208,ENSG00000059122
16,2945723,16,2911931,2951208,ENSG00000059122
16,2946434,16,2911931,2951208,ENSG00000059122
16,2947502,16,2911931,2951208,ENSG00000059122
16,2936157,16,2911931,2951208,ENSG00000059122
16,2937001,16,2911931,2951208,ENSG00000059122
16,2931201,16,2911931,2951208,ENSG00000059122
16,2931842,16,2911931,2951208,ENSG00000059122
16,2931357,16,2911931,2951208,ENSG00000059122
16,2949297,16,2911931,2951208,ENSG00000059122
16,2947032,16,2911931,2951208,ENSG00000059122
16,2931745,16,2911931,2951208,ENSG00000059122
7,140027870,7,140023749,140062951,ENSG00000059378
7,140034897,7,140023749,140062951,ENSG00000059378
16,1813015,16,1795620,1827157,ENSG00000063854
19,1036019,19,1026586,1039068,ENSG00000064666
16,2037657,16,2025356,2039026,ENSG00000065054
16,2030540,16,2025356,2039026,ENSG00000065054
16,2026474,16,2025356,2039026,ENSG00000065054
16,2030652,16,2025356,2039026,ENSG00000065054
16,2031502,16,2025356,2039026,ENSG00000065054
16,2030570,16,2025356,2039026,ENSG00000065054
16,2021940,16,2025356,2039026,ENSG00000065054
16,2031376,16,2025356,2039026,ENSG00000065054
10,104265109,10,104268873,104304950,ENSG00000065621
10,104265500,10,104268873,104304950,ENSG00000065621
10,104268396,10,104268873,104304950,ENSG00000065621
10,104268399,10,104268873,104304950,ENSG00000065621
10,104272455,10,104268873,104304950,ENSG00000065621
10,104273681,10,104268873,104304950,ENSG00000065621
10,104273746,10,104268873,104304950,ENSG00000065621
10,104274733,10,104268873,104304950,ENSG00000065621
10,104275555,10,104268873,104304950,ENSG00000065621
10,104278589,10,104268873,104304950,ENSG00000065621
10,104279427,10,104268873,104304950,ENSG00000065621
10,104279545,10,104268873,104304950,ENSG00000065621
10,104280022,10,104268873,104304950,ENSG00000065621
10,104282744,10,104268873,104304950,ENSG00000065621
10,104283374,10,104268873,104304950,ENSG00000065621
10,104286204,10,104268873,104304950,ENSG00000065621
10,104286645,10,104268873,104304950,ENSG00000065621
10,104287010,10,104268873,104304950,ENSG00000065621
10,104288536,10,104268873,104304950,ENSG00000065621
10,104290557,10,104268873,104304950,ENSG00000065621
10,104301411,10,104268873,104304950,ENSG00000065621
10,104306241,10,104268873,104304950,ENSG00000065621
10,104308220,10,104268873,104304950,ENSG00000065621
10,104306678,10,104268873,104304950,ENSG00000065621
10,104293883,10,104268873,104304950,ENSG00000065621
10,104295266,10,104268873,104304950,ENSG00000065621
10,104296205,10,104268873,104304950,ENSG00000065621
10,104278136,10,104268873,104304950,ENSG00000065621
10,12137188,10,12129637,12169961,ENSG00000065665
10,12134867,10,12129637,12169961,ENSG00000065665
10,12134998,10,12129637,12169961,ENSG00000065665
10,12141141,10,12129637,12169961,ENSG00000065665
10,12145257,10,12129637,12169961,ENSG00000065665
10,12150318,10,12129637,12169961,ENSG00000065665
10,12168658,10,12129637,12169961,ENSG00000065665
10,12132568,10,12129637,12169961,ENSG00000065665
10,12138466,10,12129637,12169961,ENSG00000065665
10,12138570,10,12129637,12169961,ENSG00000065665
10,12139893,10,12129637,12169961,ENSG00000065665
10,12140447,10,12129637,12169961,ENSG00000065665
10,12141859,10,12129637,12169961,ENSG00000065665
10,12145122,10,12129637,12169961,ENSG00000065665
10,12146807,10,12129637,12169961,ENSG00000065665
10,12154931,10,12129637,12169961,ENSG00000065665
10,12159633,10,12129637,12169961,ENSG00000065665
10,12165509,10,12129637,12169961,ENSG00000065665
10,12148322,10,12129637,12169961,ENSG00000065665
10,12148526,10,12129637,12169961,ENSG00000065665
10,12148897,10,12129637,12169961,ENSG00000065665
10,12148912,10,12129637,12169961,ENSG00000065665
10,12149238,10,12129637,12169961,ENSG00000065665
10,12149308,10,12129637,12169961,ENSG00000065665
10,12149934,10,12129637,12169961,ENSG00000065665
10,12152280,10,12129637,12169961,ENSG00000065665
10,12152990,10,12129637,12169961,ENSG00000065665
10,12153882,10,12129637,12169961,ENSG00000065665
10,12154691,10,12129637,12169961,ENSG00000065665
10,12156020,10,12129637,12169961,ENSG00000065665
10,12158126,10,12129637,12169961,ENSG00000065665
10,12158407,10,12129637,12169961,ENSG00000065665
10,12158906,10,12129637,12169961,ENSG00000065665
10,12159595,10,12129637,12169961,ENSG00000065665
10,12160409,10,12129637,12169961,ENSG00000065665
10,12160497,10,12129637,12169961,ENSG00000065665
10,12160709,10,12129637,12169961,ENSG00000065665
10,12160867,10,12129637,12169961,ENSG00000065665
10,12161322,10,12129637,12169961,ENSG00000065665
10,12161357,10,12129637,12169961,ENSG00000065665
10,12165888,10,12129637,12169961,ENSG00000065665
10,12168405,10,12129637,12169961,ENSG00000065665
10,12169591,10,12129637,12169961,ENSG00000065665
10,12169762,10,12129637,12169961,ENSG00000065665
10,12163965,10,12129637,12169961,ENSG00000065665
10,12166308,10,12129637,12169961,ENSG00000065665
10,12167937,10,12129637,12169961,ENSG00000065665
10,12167400,10,12129637,12169961,ENSG00000065665
10,12128175,10,12129637,12169961,ENSG00000065665
10,12157474,10,12129637,12169961,ENSG00000065665
10,12128660,10,12129637,12169961,ENSG00000065665
10,12151067,10,12129637,12169961,ENSG00000065665
10,12129189,10,12129637,12169961,ENSG00000065665
10,12136340,10,12129637,12169961,ENSG00000065665
10,12137271,10,12129637,12169961,ENSG00000065665
10,12167753,10,12129637,12169961,ENSG00000065665
10,12159177,10,12129637,12169961,ENSG00000065665
10,12164194,10,12129637,12169961,ENSG00000065665
10,12148895,10,12129637,12169961,ENSG00000065665
10,12159003,10,12129637,12169961,ENSG00000065665
10,12131173,10,12129637,12169961,ENSG00000065665
10,6536666,10,6427143,6580301,ENSG00000065675
2,230463865,2,230415942,230545606,ENSG00000067066
2,230464013,2,230415942,230545606,ENSG00000067066
2,230464335,2,230415942,230545606,ENSG00000067066
2,230464802,2,230415942,230545606,ENSG00000067066
2,230464922,2,230415942,230545606,ENSG00000067066
2,230465005,2,230415942,230545606,ENSG00000067066
2,230465142,2,230415942,230545606,ENSG00000067066
2,230465178,2,230415942,230545606,ENSG00000067066
2,230465256,2,230415942,230545606,ENSG00000067066
2,230465731,2,230415942,230545606,ENSG00000067066
2,230465805,2,230415942,230545606,ENSG00000067066
2,230465823,2,230415942,230545606,ENSG00000067066
2,230466111,2,230415942,230545606,ENSG00000067066
2,230462907,2,230415942,230545606,ENSG00000067066
2,230462973,2,230415942,230545606,ENSG00000067066
2,230463363,2,230415942,230545606,ENSG00000067066
2,230463697,2,230415942,230545606,ENSG00000067066
2,230467690,2,230415942,230545606,ENSG00000067066
2,230467834,2,230415942,230545606,ENSG00000067066
2,230468094,2,230415942,230545606,ENSG00000067066
2,230468192,2,230415942,230545606,ENSG00000067066
2,230468566,2,230415942,230545606,ENSG00000067066
2,230468790,2,230415942,230545606,ENSG00000067066
2,230468794,2,230415942,230545606,ENSG00000067066
2,230469119,2,230415942,230545606,ENSG00000067066
2,230469137,2,230415942,230545606,ENSG00000067066
2,230469175,2,230415942,230545606,ENSG00000067066
2,230469295,2,230415942,230545606,ENSG00000067066
2,230469296,2,230415942,230545606,ENSG00000067066
2,230469501,2,230415942,230545606,ENSG00000067066
2,230469584,2,230415942,230545606,ENSG00000067066
2,230463141,2,230415942,230545606,ENSG00000067066
2,230463711,2,230415942,230545606,ENSG00000067066
2,230469706,2,230415942,230545606,ENSG00000067066
2,230469964,2,230415942,230545606,ENSG00000067066
2,230470444,2,230415942,230545606,ENSG00000067066
2,230470597,2,230415942,230545606,ENSG00000067066
2,230470751,2,230415942,230545606,ENSG00000067066
2,230471405,2,230415942,230545606,ENSG00000067066
2,230471530,2,230415942,230545606,ENSG00000067066
2,230471584,2,230415942,230545606,ENSG00000067066
2,230471590,2,230415942,230545606,ENSG00000067066
2,230471686,2,230415942,230545606,ENSG00000067066
2,230472029,2,230415942,230545606,ENSG00000067066
2,230472166,2,230415942,230545606,ENSG00000067066
2,230472263,2,230415942,230545606,ENSG00000067066
2,230472279,2,230415942,230545606,ENSG00000067066
2,230472772,2,230415942,230545606,ENSG00000067066
2,230472885,2,230415942,230545606,ENSG00000067066
2,230472893,2,230415942,230545606,ENSG00000067066
2,230466991,2,230415942,230545606,ENSG00000067066
2,230469048,2,230415942,230545606,ENSG00000067066
2,230462715,2,230415942,230545606,ENSG00000067066
2,230470945,2,230415942,230545606,ENSG00000067066
2,230472550,2,230415942,230545606,ENSG00000067066
2,230472944,2,230415942,230545606,ENSG00000067066
2,230473496,2,230415942,230545606,ENSG00000067066
2,230476577,2,230415942,230545606,ENSG00000067066
2,230477706,2,230415942,230545606,ENSG00000067066
2,230462576,2,230415942,230545606,ENSG00000067066
15,73076757,15,73051710,73305205,ENSG00000067141
15,73077751,15,73051710,73305205,ENSG00000067141
15,73078009,15,73051710,73305205,ENSG00000067141
15,73110101,15,73051710,73305205,ENSG00000067141
15,73110562,15,73051710,73305205,ENSG00000067141
15,73085094,15,73051710,73305205,ENSG00000067141
15,73224055,15,73051710,73305205,ENSG00000067141
15,73232288,15,73051710,73305205,ENSG00000067141
15,73237151,15,73051710,73305205,ENSG00000067141
15,73259490,15,73051710,73305205,ENSG00000067141
15,73267124,15,73051710,73305205,ENSG00000067141
15,73210068,15,73051710,73305205,ENSG00000067141
15,73213201,15,73051710,73305205,ENSG00000067141
15,73213292,15,73051710,73305205,ENSG00000067141
15,73217170,15,73051710,73305205,ENSG00000067141
15,73220297,15,73051710,73305205,ENSG00000067141
15,73222453,15,73051710,73305205,ENSG00000067141
15,73229225,15,73051710,73305205,ENSG00000067141
15,73245904,15,73051710,73305205,ENSG00000067141
15,73248206,15,73051710,73305205,ENSG00000067141
15,73254254,15,73051710,73305205,ENSG00000067141
15,73258909,15,73051710,73305205,ENSG00000067141
15,73261242,15,73051710,73305205,ENSG00000067141
15,73125485,15,73051710,73305205,ENSG00000067141
15,73064800,15,73051710,73305205,ENSG00000067141
15,73068336,15,73051710,73305205,ENSG00000067141
15,73068337,15,73051710,73305205,ENSG00000067141
15,73275496,15,73051710,73305205,ENSG00000067141
15,73090906,15,73051710,73305205,ENSG00000067141
15,73108593,15,73051710,73305205,ENSG00000067141
15,73253924,15,73051710,73305205,ENSG00000067141
15,73124588,15,73051710,73305205,ENSG00000067141
15,73220559,15,73051710,73305205,ENSG00000067141
15,73228462,15,73051710,73305205,ENSG00000067141
15,73228878,15,73051710,73305205,ENSG00000067141
15,73249172,15,73051710,73305205,ENSG00000067141
15,73252945,15,73051710,73305205,ENSG00000067141
15,73111224,15,73051710,73305205,ENSG00000067141
15,73225288,15,73051710,73305205,ENSG00000067141
15,73236992,15,73051710,73305205,ENSG00000067141
15,73237257,15,73051710,73305205,ENSG00000067141
15,73263234,15,73051710,73305205,ENSG00000067141
15,73070418,15,73051710,73305205,ENSG00000067141
15,73123026,15,73051710,73305205,ENSG00000067141
15,73124252,15,73051710,73305205,ENSG00000067141
15,73130681,15,73051710,73305205,ENSG00000067141
15,73274173,15,73051710,73305205,ENSG00000067141
15,73279910,15,73051710,73305205,ENSG00000067141
15,73231403,15,73051710,73305205,ENSG00000067141
15,73267900,15,73051710,73305205,ENSG00000067141
15,73115803,15,73051710,73305205,ENSG00000067141
15,73075655,15,73051710,73305205,ENSG00000067141
15,73077961,15,73051710,73305205,ENSG00000067141
2,86251547,2,86213993,86338083,ENSG00000068615
2,86279394,2,86213993,86338083,ENSG00000068615
2,86282265,2,86213993,86338083,ENSG00000068615
2,86257659,2,86213993,86338083,ENSG00000068615
2,86265907,2,86213993,86338083,ENSG00000068615
2,86270283,2,86213993,86338083,ENSG00000068615
2,86280565,2,86213993,86338083,ENSG00000068615
2,86281640,2,86213993,86338083,ENSG00000068615
2,86283161,2,86213993,86338083,ENSG00000068615
2,86283165,2,86213993,86338083,ENSG00000068615
2,86247421,2,86213993,86338083,ENSG00000068615
2,86250717,2,86213993,86338083,ENSG00000068615
2,86251541,2,86213993,86338083,ENSG00000068615
2,86251746,2,86213993,86338083,ENSG00000068615
2,86251857,2,86213993,86338083,ENSG00000068615
2,86251912,2,86213993,86338083,ENSG00000068615
2,86252164,2,86213993,86338083,ENSG00000068615
2,86252484,2,86213993,86338083,ENSG00000068615
2,86253815,2,86213993,86338083,ENSG00000068615
2,86255270,2,86213993,86338083,ENSG00000068615
2,86255898,2,86213993,86338083,ENSG00000068615
2,86256039,2,86213993,86338083,ENSG00000068615
2,86256976,2,86213993,86338083,ENSG00000068615
2,86257000,2,86213993,86338083,ENSG00000068615
2,86257069,2,86213993,86338083,ENSG00000068615
2,86257375,2,86213993,86338083,ENSG00000068615
2,86258011,2,86213993,86338083,ENSG00000068615
2,86267147,2,86213993,86338083,ENSG00000068615
2,86259215,2,86213993,86338083,ENSG00000068615
2,86259478,2,86213993,86338083,ENSG00000068615
2,86259960,2,86213993,86338083,ENSG00000068615
2,86260917,2,86213993,86338083,ENSG00000068615
2,86261640,2,86213993,86338083,ENSG00000068615
2,86261827,2,86213993,86338083,ENSG00000068615
2,86262171,2,86213993,86338083,ENSG00000068615
2,86262397,2,86213993,86338083,ENSG00000068615
2,86263065,2,86213993,86338083,ENSG00000068615
2,86263538,2,86213993,86338083,ENSG00000068615
2,86319450,2,86213993,86338083,ENSG00000068615
2,86332025,2,86213993,86338083,ENSG00000068615
2,86314990,2,86213993,86338083,ENSG00000068615
2,86321725,2,86213993,86338083,ENSG00000068615
2,86323534,2,86213993,86338083,ENSG00000068615
2,86325454,2,86213993,86338083,ENSG00000068615
2,86327361,2,86213993,86338083,ENSG00000068615
2,86332235,2,86213993,86338083,ENSG00000068615
2,86254712,2,86213993,86338083,ENSG00000068615
2,86266100,2,86213993,86338083,ENSG00000068615
2,86271035,2,86213993,86338083,ENSG00000068615
2,86271226,2,86213993,86338083,ENSG00000068615
2,86278204,2,86213993,86338083,ENSG00000068615
2,86284021,2,86213993,86338083,ENSG00000068615
2,86309584,2,86213993,86338083,ENSG00000068615
2,86240495,2,86213993,86338083,ENSG00000068615
2,86242498,2,86213993,86338083,ENSG00000068615
2,86244659,2,86213993,86338083,ENSG00000068615
2,86246617,2,86213993,86338083,ENSG00000068615
2,86247348,2,86213993,86338083,ENSG00000068615
2,86247796,2,86213993,86338083,ENSG00000068615
2,86253229,2,86213993,86338083,ENSG00000068615
2,86256217,2,86213993,86338083,ENSG00000068615
2,86258034,2,86213993,86338083,ENSG00000068615
2,86248586,2,86213993,86338083,ENSG00000068615
2,86250899,2,86213993,86338083,ENSG00000068615
2,86259640,2,86213993,86338083,ENSG00000068615
2,86260093,2,86213993,86338083,ENSG00000068615
2,86261142,2,86213993,86338083,ENSG00000068615
2,86264122,2,86213993,86338083,ENSG00000068615
2,86268934,2,86213993,86338083,ENSG00000068615
2,86275540,2,86213993,86338083,ENSG00000068615
2,86278330,2,86213993,86338083,ENSG00000068615
2,86282144,2,86213993,86338083,ENSG00000068615
2,86284333,2,86213993,86338083,ENSG00000068615
2,86285784,2,86213993,86338083,ENSG00000068615
2,86286080,2,86213993,86338083,ENSG00000068615
2,86289750,2,86213993,86338083,ENSG00000068615
2,86290479,2,86213993,86338083,ENSG00000068615
2,86314368,2,86213993,86338083,ENSG00000068615
2,86317895,2,86213993,86338083,ENSG00000068615
2,86318215,2,86213993,86338083,ENSG00000068615
2,86318837,2,86213993,86338083,ENSG00000068615
2,86324179,2,86213993,86338083,ENSG00000068615
2,86326127,2,86213993,86338083,ENSG00000068615
2,86272279,2,86213993,86338083,ENSG00000068615
2,86274978,2,86213993,86338083,ENSG00000068615
2,86289088,2,86213993,86338083,ENSG00000068615
2,86329282,2,86213993,86338083,ENSG00000068615
2,86314543,2,86213993,86338083,ENSG00000068615
2,86325796,2,86213993,86338083,ENSG00000068615
2,86327502,2,86213993,86338083,ENSG00000068615
2,86301961,2,86213993,86338083,ENSG00000068615
2,86244991,2,86213993,86338083,ENSG00000068615
2,53802290,2,53787009,53833038,ENSG00000068912
2,53810921,2,53787009,53833038,ENSG00000068912
2,53808237,2,53787009,53833038,ENSG00000068912
2,53812107,2,53787009,53833038,ENSG00000068912
2,53819509,2,53787009,53833038,ENSG00000068912
2,53795131,2,53787009,53833038,ENSG00000068912
2,53796185,2,53787009,53833038,ENSG00000068912
2,53803725,2,53787009,53833038,ENSG00000068912
2,53794088,2,53787009,53833038,ENSG00000068912
2,53795695,2,53787009,53833038,ENSG00000068912
2,53784242,2,53787009,53833038,ENSG00000068912
2,53800708,2,53787009,53833038,ENSG00000068912
2,53806851,2,53787009,53833038,ENSG00000068912
2,53814846,2,53787009,53833038,ENSG00000068912
2,53821221,2,53787009,53833038,ENSG00000068912
2,53822111,2,53787009,53833038,ENSG00000068912
2,53822332,2,53787009,53833038,ENSG00000068912
2,53797489,2,53787009,53833038,ENSG00000068912
2,53823144,2,53787009,53833038,ENSG00000068912
1,205745244,1,205712822,205750182,ENSG00000069275
1,205710111,1,205712822,205750182,ENSG00000069275
1,205712242,1,205712822,205750182,ENSG00000069275
1,205722033,1,205712822,205750182,ENSG00000069275
1,205727487,1,205712822,205750182,ENSG00000069275
1,205732742,1,205712822,205750182,ENSG00000069275
1,205735452,1,205712822,205750182,ENSG00000069275
1,205741205,1,205712822,205750182,ENSG00000069275
1,205749730,1,205712822,205750182,ENSG00000069275
1,205755174,1,205712822,205750182,ENSG00000069275
1,205720679,1,205712822,205750182,ENSG00000069275
1,205710759,1,205712822,205750182,ENSG00000069275
15,61174276,15,60488284,61229302,ENSG00000069667
15,61175109,15,60488284,61229302,ENSG00000069667
15,61175154,15,60488284,61229302,ENSG00000069667
15,61175535,15,60488284,61229302,ENSG00000069667
15,61175605,15,60488284,61229302,ENSG00000069667
15,61175612,15,60488284,61229302,ENSG00000069667
15,61176146,15,60488284,61229302,ENSG00000069667
15,61176422,15,60488284,61229302,ENSG00000069667
15,61173467,15,60488284,61229302,ENSG00000069667
15,61174009,15,60488284,61229302,ENSG00000069667
15,61183117,15,60488284,61229302,ENSG00000069667
15,61197896,15,60488284,61229302,ENSG00000069667
15,61184411,15,60488284,61229302,ENSG00000069667
15,61173724,15,60488284,61229302,ENSG00000069667
15,61180020,15,60488284,61229302,ENSG00000069667
15,61174879,15,60488284,61229302,ENSG00000069667
15,61208064,15,60488284,61229302,ENSG00000069667
11,17311651,11,17208153,17349980,ENSG00000070081
11,17308251,11,17208153,17349980,ENSG00000070081
11,17308562,11,17208153,17349980,ENSG00000070081
11,17311830,11,17208153,17349980,ENSG00000070081
11,17312695,11,17208153,17349980,ENSG00000070081
11,17314784,11,17208153,17349980,ENSG00000070081
11,17320030,11,17208153,17349980,ENSG00000070081
11,17321939,11,17208153,17349980,ENSG00000070081
11,17322762,11,17208153,17349980,ENSG00000070081
11,17324531,11,17208153,17349980,ENSG00000070081
11,17327138,11,17208153,17349980,ENSG00000070081
11,17328874,11,17208153,17349980,ENSG00000070081
11,17329093,11,17208153,17349980,ENSG00000070081
11,17330326,11,17208153,17349980,ENSG00000070081
11,17332363,11,17208153,17349980,ENSG00000070081
11,17342559,11,17208153,17349980,ENSG00000070081
11,17343585,11,17208153,17349980,ENSG00000070081
11,17344280,11,17208153,17349980,ENSG00000070081
11,17344341,11,17208153,17349980,ENSG00000070081
11,17305091,11,17208153,17349980,ENSG00000070081
11,17314864,11,17208153,17349980,ENSG00000070081
11,17315683,11,17208153,17349980,ENSG00000070081
11,17324832,11,17208153,17349980,ENSG00000070081
11,17325908,11,17208153,17349980,ENSG00000070081
11,17326729,11,17208153,17349980,ENSG00000070081
11,17329739,11,17208153,17349980,ENSG00000070081
11,17330930,11,17208153,17349980,ENSG00000070081
11,17344611,11,17208153,17349980,ENSG00000070081
11,17345112,11,17208153,17349980,ENSG00000070081
7,73678563,7,73683597,73698212,ENSG00000071462
7,73680369,7,73683597,73698212,ENSG00000071462
7,73680435,7,73683597,73698212,ENSG00000071462
7,73681040,7,73683597,73698212,ENSG00000071462
7,73681109,7,73683597,73698212,ENSG00000071462
7,73681314,7,73683597,73698212,ENSG00000071462
7,73681676,7,73683597,73698212,ENSG00000071462
7,73682908,7,73683597,73698212,ENSG00000071462
7,73684126,7,73683597,73698212,ENSG00000071462
7,73684824,7,73683597,73698212,ENSG00000071462
7,73686394,7,73683597,73698212,ENSG00000071462
7,73686458,7,73683597,73698212,ENSG00000071462
7,73686807,7,73683597,73698212,ENSG00000071462
7,73687425,7,73683597,73698212,ENSG00000071462
7,73687613,7,73683597,73698212,ENSG00000071462
7,73687988,7,73683597,73698212,ENSG00000071462
7,73688970,7,73683597,73698212,ENSG00000071462
7,73689131,7,73683597,73698212,ENSG00000071462
7,73689628,7,73683597,73698212,ENSG00000071462
7,73689891,7,73683597,73698212,ENSG00000071462
7,73690517,7,73683597,73698212,ENSG00000071462
7,73690814,7,73683597,73698212,ENSG00000071462
7,73691852,7,73683597,73698212,ENSG00000071462
7,73691859,7,73683597,73698212,ENSG00000071462
7,73692673,7,73683597,73698212,ENSG00000071462
7,73692949,7,73683597,73698212,ENSG00000071462
7,73693875,7,73683597,73698212,ENSG00000071462
7,73693980,7,73683597,73698212,ENSG00000071462
7,73696502,7,73683597,73698212,ENSG00000071462
7,73700110,7,73683597,73698212,ENSG00000071462
7,73702147,7,73683597,73698212,ENSG00000071462
7,73703090,7,73683597,73698212,ENSG00000071462
7,73703866,7,73683597,73698212,ENSG00000071462
7,73707383,7,73683597,73698212,ENSG00000071462
7,73708593,7,73683597,73698212,ENSG00000071462
7,73686157,7,73683597,73698212,ENSG00000071462
7,73696273,7,73683597,73698212,ENSG00000071462
7,73697727,7,73683597,73698212,ENSG00000071462
7,73678238,7,73683597,73698212,ENSG00000071462
7,73707017,7,73683597,73698212,ENSG00000071462
7,73703703,7,73683597,73698212,ENSG00000071462
7,73699153,7,73683597,73698212,ENSG00000071462
7,73682663,7,73683597,73698212,ENSG00000071462
7,73683324,7,73683597,73698212,ENSG00000071462
7,73690575,7,73683597,73698212,ENSG00000071462
7,73708178,7,73683597,73698212,ENSG00000071462
6,170572042,6,170575295,170584692,ENSG00000071994
6,170583760,6,170575295,170584692,ENSG00000071994
6,170572962,6,170575295,170584692,ENSG00000071994
6,170577443,6,170575295,170584692,ENSG00000071994
6,170583012,6,170575295,170584692,ENSG00000071994
6,170589138,6,170575295,170584692,ENSG00000071994
6,170579120,6,170575295,170584692,ENSG00000071994
6,170583831,6,170575295,170584692,ENSG00000071994
6,170587556,6,170575295,170584692,ENSG00000071994
6,170578170,6,170575295,170584692,ENSG00000071994
6,170578141,6,170575295,170584692,ENSG00000071994
6,170584930,6,170575295,170584692,ENSG00000071994
6,170576824,6,170575295,170584692,ENSG00000071994
6,170582768,6,170575295,170584692,ENSG00000071994
6,170584276,6,170575295,170584692,ENSG00000071994
6,170586543,6,170575295,170584692,ENSG00000071994
6,170587569,6,170575295,170584692,ENSG00000071994
6,170578605,6,170575295,170584692,ENSG00000071994
6,170579274,6,170575295,170584692,ENSG00000071994
6,170581296,6,170575295,170584692,ENSG00000071994
6,170582405,6,170575295,170584692,ENSG00000071994
17,19644180,17,19648136,19685760,ENSG00000072210
17,19646228,17,19648136,19685760,ENSG00000072210
17,19649935,17,19648136,19685760,ENSG00000072210
17,19650346,17,19648136,19685760,ENSG00000072210
17,19656155,17,19648136,19685760,ENSG00000072210
17,19657698,17,19648136,19685760,ENSG00000072210
17,19659705,17,19648136,19685760,ENSG00000072210
17,19662632,17,19648136,19685760,ENSG00000072210
17,19665173,17,19648136,19685760,ENSG00000072210
17,19667007,17,19648136,19685760,ENSG00000072210
17,19673705,17,19648136,19685760,ENSG00000072210
17,19675560,17,19648136,19685760,ENSG00000072210
17,19677181,17,19648136,19685760,ENSG00000072210
17,19677696,17,19648136,19685760,ENSG00000072210
17,19649406,17,19648136,19685760,ENSG00000072210
17,19658116,17,19648136,19685760,ENSG00000072210
17,19674095,17,19648136,19685760,ENSG00000072210
17,19646957,17,19648136,19685760,ENSG00000072210
17,19652663,17,19648136,19685760,ENSG00000072210
17,19660335,17,19648136,19685760,ENSG00000072210
17,19649163,17,19648136,19685760,ENSG00000072210
17,19655782,17,19648136,19685760,ENSG00000072210
17,19656310,17,19648136,19685760,ENSG00000072210
17,19657539,17,19648136,19685760,ENSG00000072210
17,19665713,17,19648136,19685760,ENSG00000072210
17,19666690,17,19648136,19685760,ENSG00000072210
17,19667956,17,19648136,19685760,ENSG00000072210
17,19668599,17,19648136,19685760,ENSG00000072210
17,19668600,17,19648136,19685760,ENSG00000072210
17,19668605,17,19648136,19685760,ENSG00000072210
17,19668617,17,19648136,19685760,ENSG00000072210
17,19668619,17,19648136,19685760,ENSG00000072210
17,19668634,17,19648136,19685760,ENSG00000072210
17,19668637,17,19648136,19685760,ENSG00000072210
17,19652412,17,19648136,19685760,ENSG00000072210
17,19677447,17,19648136,19685760,ENSG00000072210
17,19673757,17,19648136,19685760,ENSG00000072210
17,19672765,17,19648136,19685760,ENSG00000072210
5,132872671,5,132875395,132963634,ENSG00000072364
5,132874744,5,132875395,132963634,ENSG00000072364
4,5786780,4,5748084,5893086,ENSG00000072832
16,15656162,16,15643267,15734691,ENSG00000072864
16,15664120,16,15643267,15734691,ENSG00000072864
16,15664127,16,15643267,15734691,ENSG00000072864
16,15724985,16,15643267,15734691,ENSG00000072864
16,15651498,16,15643267,15734691,ENSG00000072864
16,15659598,16,15643267,15734691,ENSG00000072864
16,15661448,16,15643267,15734691,ENSG00000072864
16,15699480,16,15643267,15734691,ENSG00000072864
16,15730138,16,15643267,15734691,ENSG00000072864
16,15648083,16,15643267,15734691,ENSG00000072864
16,15677990,16,15643267,15734691,ENSG00000072864
16,15713295,16,15643267,15734691,ENSG00000072864
16,15729533,16,15643267,15734691,ENSG00000072864
16,15647814,16,15643267,15734691,ENSG00000072864
16,15702266,16,15643267,15734691,ENSG00000072864
16,15654497,16,15643267,15734691,ENSG00000072864
16,15678094,16,15643267,15734691,ENSG00000072864
16,15679009,16,15643267,15734691,ENSG00000072864
16,15692862,16,15643267,15734691,ENSG00000072864
16,15695433,16,15643267,15734691,ENSG00000072864
16,15695891,16,15643267,15734691,ENSG00000072864
16,15641111,16,15643267,15734691,ENSG00000072864
16,15642351,16,15643267,15734691,ENSG00000072864
16,15702462,16,15643267,15734691,ENSG00000072864
11,10634076,11,10573091,10693988,ENSG00000072952
11,10646094,11,10573091,10693988,ENSG00000072952
11,10647681,11,10573091,10693988,ENSG00000072952
11,10639293,11,10573091,10693988,ENSG00000072952
11,10645728,11,10573091,10693988,ENSG00000072952
11,10643354,11,10573091,10693988,ENSG00000072952
11,10637188,11,10573091,10693988,ENSG00000072952
11,10639269,11,10573091,10693988,ENSG00000072952
11,10647625,11,10573091,10693988,ENSG00000072952
11,10642874,11,10573091,10693988,ENSG00000072952
11,10642486,11,10573091,10693988,ENSG00000072952
11,10652192,11,10573091,10693988,ENSG00000072952
11,10638520,11,10573091,10693988,ENSG00000072952
11,10654191,11,10573091,10693988,ENSG00000072952
11,10636192,11,10573091,10693988,ENSG00000072952
11,10643688,11,10573091,10693988,ENSG00000072952
11,10652497,11,10573091,10693988,ENSG00000072952
11,10655440,11,10573091,10693988,ENSG00000072952
11,10655826,11,10573091,10693988,ENSG00000072952
11,10633474,11,10573091,10693988,ENSG00000072952
19,43554087,19,43543311,43580473,ENSG00000073050
19,43539296,19,43543311,43580473,ENSG00000073050
19,43540041,19,43543311,43580473,ENSG00000073050
19,43540734,19,43543311,43580473,ENSG00000073050
19,43551900,19,43543311,43580473,ENSG00000073050
19,43553075,19,43543311,43580473,ENSG00000073050
19,43539766,19,43543311,43580473,ENSG00000073050
19,43544925,19,43543311,43580473,ENSG00000073050
19,43546043,19,43543311,43580473,ENSG00000073050
19,43543398,19,43543311,43580473,ENSG00000073050
19,43553946,19,43543311,43580473,ENSG00000073050
19,43557263,19,43543311,43580473,ENSG00000073050
19,43555849,19,43543311,43580473,ENSG00000073050
19,43556662,19,43543311,43580473,ENSG00000073050
19,43558367,19,43543311,43580473,ENSG00000073050
19,43558502,19,43543311,43580473,ENSG00000073050
19,43541481,19,43543311,43580473,ENSG00000073050
19,43541783,19,43543311,43580473,ENSG00000073050
19,43551430,19,43543311,43580473,ENSG00000073050
19,43569642,19,43543311,43580473,ENSG00000073050
19,43572002,19,43543311,43580473,ENSG00000073050
19,43573355,19,43543311,43580473,ENSG00000073050
19,43576907,19,43543311,43580473,ENSG00000073050
19,43575535,19,43543311,43580473,ENSG00000073050
19,43544840,19,43543311,43580473,ENSG00000073050
17,39910014,17,39904595,39919854,ENSG00000073605
17,39917588,17,39904595,39919854,ENSG00000073605
17,39905964,17,39904595,39919854,ENSG00000073605
17,39907128,17,39904595,39919854,ENSG00000073605
17,39907485,17,39904595,39919854,ENSG00000073605
17,39907676,17,39904595,39919854,ENSG00000073605
17,39907727,17,39904595,39919854,ENSG00000073605
17,39911280,17,39904595,39919854,ENSG00000073605
17,39911790,17,39904595,39919854,ENSG00000073605
17,39912823,17,39904595,39919854,ENSG00000073605
17,39913021,17,39904595,39919854,ENSG00000073605
17,39913556,17,39904595,39919854,ENSG00000073605
17,39913696,17,39904595,39919854,ENSG00000073605
17,39917586,17,39904595,39919854,ENSG00000073605
17,39909987,17,39904595,39919854,ENSG00000073605
17,39912261,17,39904595,39919854,ENSG00000073605
17,39910119,17,39904595,39919854,ENSG00000073605
17,39917793,17,39904595,39919854,ENSG00000073605
17,39919945,17,39904595,39919854,ENSG00000073605
17,39913818,17,39904595,39919854,ENSG00000073605
17,39918265,17,39904595,39919854,ENSG00000073605
17,39919173,17,39904595,39919854,ENSG00000073605
17,39919884,17,39904595,39919854,ENSG00000073605
17,39914536,17,39904595,39919854,ENSG00000073605
17,39915920,17,39904595,39919854,ENSG00000073605
17,39916149,17,39904595,39919854,ENSG00000073605
17,39917778,17,39904595,39919854,ENSG00000073605
17,39924612,17,39904595,39919854,ENSG00000073605
11,86073226,11,85957175,86069882,ENSG00000073921
11,85953191,11,85957175,86069882,ENSG00000073921
11,86017433,11,85957175,86069882,ENSG00000073921
11,86039770,11,85957175,86069882,ENSG00000073921
11,86051076,11,85957175,86069882,ENSG00000073921
11,86055104,11,85957175,86069882,ENSG00000073921
11,86063520,11,85957175,86069882,ENSG00000073921
11,85962227,11,85957175,86069882,ENSG00000073921
11,85994433,11,85957175,86069882,ENSG00000073921
11,86020939,11,85957175,86069882,ENSG00000073921
11,86045842,11,85957175,86069882,ENSG00000073921
11,86048704,11,85957175,86069882,ENSG00000073921
11,86053651,11,85957175,86069882,ENSG00000073921
11,85975053,11,85957175,86069882,ENSG00000073921
11,85961479,11,85957175,86069882,ENSG00000073921
11,86028796,11,85957175,86069882,ENSG00000073921
11,86073937,11,85957175,86069882,ENSG00000073921
11,85952864,11,85957175,86069882,ENSG00000073921
11,85956873,11,85957175,86069882,ENSG00000073921
11,85960458,11,85957175,86069882,ENSG00000073921
11,85978742,11,85957175,86069882,ENSG00000073921
11,86025332,11,85957175,86069882,ENSG00000073921
11,86022797,11,85957175,86069882,ENSG00000073921
11,86026460,11,85957175,86069882,ENSG00000073921
11,86058063,11,85957175,86069882,ENSG00000073921
11,86058173,11,85957175,86069882,ENSG00000073921
11,86035702,11,85957175,86069882,ENSG00000073921
11,86035741,11,85957175,86069882,ENSG00000073921
11,86018329,11,85957175,86069882,ENSG00000073921
11,86050432,11,85957175,86069882,ENSG00000073921
11,86021647,11,85957175,86069882,ENSG00000073921
11,85970436,11,85957175,86069882,ENSG00000073921
11,85984563,11,85957175,86069882,ENSG00000073921
11,85981138,11,85957175,86069882,ENSG00000073921
11,85977166,11,85957175,86069882,ENSG00000073921
11,85985289,11,85957175,86069882,ENSG00000073921
11,85985653,11,85957175,86069882,ENSG00000073921
11,85992931,11,85957175,86069882,ENSG00000073921
11,85986220,11,85957175,86069882,ENSG00000073921
11,85986441,11,85957175,86069882,ENSG00000073921
11,85982725,11,85957175,86069882,ENSG00000073921
11,86045320,11,85957175,86069882,ENSG00000073921
11,86055977,11,85957175,86069882,ENSG00000073921
11,85991934,11,85957175,86069882,ENSG00000073921
11,85996011,11,85957175,86069882,ENSG00000073921
11,86042439,11,85957175,86069882,ENSG00000073921
11,85973892,11,85957175,86069882,ENSG00000073921
10,38135392,10,38094334,38150293,ENSG00000075407
10,38151461,10,38094334,38150293,ENSG00000075407
10,38090806,10,38094334,38150293,ENSG00000075407
10,38091135,10,38094334,38150293,ENSG00000075407
10,38092701,10,38094334,38150293,ENSG00000075407
10,38094803,10,38094334,38150293,ENSG00000075407
10,38095691,10,38094334,38150293,ENSG00000075407
10,38098442,10,38094334,38150293,ENSG00000075407
10,38101159,10,38094334,38150293,ENSG00000075407
10,38101774,10,38094334,38150293,ENSG00000075407
10,38101909,10,38094334,38150293,ENSG00000075407
10,38102134,10,38094334,38150293,ENSG00000075407
10,38104452,10,38094334,38150293,ENSG00000075407
10,38107735,10,38094334,38150293,ENSG00000075407
10,38108028,10,38094334,38150293,ENSG00000075407
10,38108029,10,38094334,38150293,ENSG00000075407
10,38110381,10,38094334,38150293,ENSG00000075407
10,38110686,10,38094334,38150293,ENSG00000075407
10,38111943,10,38094334,38150293,ENSG00000075407
10,38112523,10,38094334,38150293,ENSG00000075407
10,38114315,10,38094334,38150293,ENSG00000075407
10,38116479,10,38094334,38150293,ENSG00000075407
10,38116618,10,38094334,38150293,ENSG00000075407
10,38117095,10,38094334,38150293,ENSG00000075407
10,38119638,10,38094334,38150293,ENSG00000075407
10,38123533,10,38094334,38150293,ENSG00000075407
10,38124218,10,38094334,38150293,ENSG00000075407
10,38124495,10,38094334,38150293,ENSG00000075407
10,38125122,10,38094334,38150293,ENSG00000075407
10,38126828,10,38094334,38150293,ENSG00000075407
10,38127037,10,38094334,38150293,ENSG00000075407
10,38128747,10,38094334,38150293,ENSG00000075407
10,38131068,10,38094334,38150293,ENSG00000075407
10,38131757,10,38094334,38150293,ENSG00000075407
10,38134656,10,38094334,38150293,ENSG00000075407
10,38135445,10,38094334,38150293,ENSG00000075407
10,38136706,10,38094334,38150293,ENSG00000075407
10,38138780,10,38094334,38150293,ENSG00000075407
10,38144204,10,38094334,38150293,ENSG00000075407
10,38149348,10,38094334,38150293,ENSG00000075407
10,38149630,10,38094334,38150293,ENSG00000075407
10,38149660,10,38094334,38150293,ENSG00000075407
10,38151768,10,38094334,38150293,ENSG00000075407
14,103384935,14,103385377,103503831,ENSG00000075413
14,103385438,14,103385377,103503831,ENSG00000075413
14,103451055,14,103385377,103503831,ENSG00000075413
14,103484031,14,103385377,103503831,ENSG00000075413
14,103496222,14,103385377,103503831,ENSG00000075413
14,103501006,14,103385377,103503831,ENSG00000075413
14,103431562,14,103385377,103503831,ENSG00000075413
14,103442523,14,103385377,103503831,ENSG00000075413
14,103442866,14,103385377,103503831,ENSG00000075413
14,103464227,14,103385377,103503831,ENSG00000075413
14,103414413,14,103385377,103503831,ENSG00000075413
14,103420396,14,103385377,103503831,ENSG00000075413
14,103421531,14,103385377,103503831,ENSG00000075413
14,103428683,14,103385377,103503831,ENSG00000075413
14,103441844,14,103385377,103503831,ENSG00000075413
14,103451692,14,103385377,103503831,ENSG00000075413
14,103452557,14,103385377,103503831,ENSG00000075413
14,103454590,14,103385377,103503831,ENSG00000075413
14,103455354,14,103385377,103503831,ENSG00000075413
14,103456671,14,103385377,103503831,ENSG00000075413
14,103457138,14,103385377,103503831,ENSG00000075413
14,103458140,14,103385377,103503831,ENSG00000075413
14,103420420,14,103385377,103503831,ENSG00000075413
14,103472327,14,103385377,103503831,ENSG00000075413
14,103474574,14,103385377,103503831,ENSG00000075413
14,103476654,14,103385377,103503831,ENSG00000075413
14,103485435,14,103385377,103503831,ENSG00000075413
14,103486284,14,103385377,103503831,ENSG00000075413
14,103499191,14,103385377,103503831,ENSG00000075413
14,103501592,14,103385377,103503831,ENSG00000075413
14,103473342,14,103385377,103503831,ENSG00000075413
14,103461914,14,103385377,103503831,ENSG00000075413
14,103506653,14,103385377,103503831,ENSG00000075413
14,103432914,14,103385377,103503831,ENSG00000075413
14,103433007,14,103385377,103503831,ENSG00000075413
14,103437426,14,103385377,103503831,ENSG00000075413
14,103445857,14,103385377,103503831,ENSG00000075413
14,103445858,14,103385377,103503831,ENSG00000075413
14,103477800,14,103385377,103503831,ENSG00000075413
14,103479077,14,103385377,103503831,ENSG00000075413
14,103397139,14,103385377,103503831,ENSG00000075413
14,103501167,14,103385377,103503831,ENSG00000075413
14,103414501,14,103385377,103503831,ENSG00000075413
14,103415224,14,103385377,103503831,ENSG00000075413
14,103417296,14,103385377,103503831,ENSG00000075413
14,103425009,14,103385377,103503831,ENSG00000075413
14,103387030,14,103385377,103503831,ENSG00000075413
14,103391692,14,103385377,103503831,ENSG00000075413
14,103392336,14,103385377,103503831,ENSG00000075413
14,103395807,14,103385377,103503831,ENSG00000075413
14,103395985,14,103385377,103503831,ENSG00000075413
14,103398548,14,103385377,103503831,ENSG00000075413
14,103403283,14,103385377,103503831,ENSG00000075413
14,103417270,14,103385377,103503831,ENSG00000075413
14,103418314,14,103385377,103503831,ENSG00000075413
14,103421278,14,103385377,103503831,ENSG00000075413
14,103421987,14,103385377,103503831,ENSG00000075413
14,103426481,14,103385377,103503831,ENSG00000075413
14,103427734,14,103385377,103503831,ENSG00000075413
14,103427886,14,103385377,103503831,ENSG00000075413
14,103450621,14,103385377,103503831,ENSG00000075413
14,103457077,14,103385377,103503831,ENSG00000075413
14,103463198,14,103385377,103503831,ENSG00000075413
14,103466821,14,103385377,103503831,ENSG00000075413
14,103471816,14,103385377,103503831,ENSG00000075413
14,103472938,14,103385377,103503831,ENSG00000075413
14,103474099,14,103385377,103503831,ENSG00000075413
14,103476793,14,103385377,103503831,ENSG00000075413
14,103482289,14,103385377,103503831,ENSG00000075413
14,103486116,14,103385377,103503831,ENSG00000075413
14,103486695,14,103385377,103503831,ENSG00000075413
14,103493689,14,103385377,103503831,ENSG00000075413
14,103495219,14,103385377,103503831,ENSG00000075413
14,103412545,14,103385377,103503831,ENSG00000075413
14,103386388,14,103385377,103503831,ENSG00000075413
14,103395366,14,103385377,103503831,ENSG00000075413
14,103395856,14,103385377,103503831,ENSG00000075413
14,103397633,14,103385377,103503831,ENSG00000075413
14,103403512,14,103385377,103503831,ENSG00000075413
14,103485144,14,103385377,103503831,ENSG00000075413
14,103393869,14,103385377,103503831,ENSG00000075413
14,103393972,14,103385377,103503831,ENSG00000075413
14,103399448,14,103385377,103503831,ENSG00000075413
14,103402514,14,103385377,103503831,ENSG00000075413
14,103406216,14,103385377,103503831,ENSG00000075413
14,103406988,14,103385377,103503831,ENSG00000075413
14,103406989,14,103385377,103503831,ENSG00000075413
14,103408083,14,103385377,103503831,ENSG00000075413
14,103409234,14,103385377,103503831,ENSG00000075413
14,103410117,14,103385377,103503831,ENSG00000075413
14,103410457,14,103385377,103503831,ENSG00000075413
14,103411547,14,103385377,103503831,ENSG00000075413
14,103487197,14,103385377,103503831,ENSG00000075413
3,171610000,3,171600404,171810950,ENSG00000075651
3,197139678,3,197042560,197299330,ENSG00000075711
3,197246125,3,197042560,197299330,ENSG00000075711
3,197141315,3,197042560,197299330,ENSG00000075711
3,197085002,3,197042560,197299330,ENSG00000075711
3,197058949,3,197042560,197299330,ENSG00000075711
3,197060633,3,197042560,197299330,ENSG00000075711
3,197060888,3,197042560,197299330,ENSG00000075711
3,197061031,3,197042560,197299330,ENSG00000075711
3,197061868,3,197042560,197299330,ENSG00000075711
3,197093815,3,197042560,197299330,ENSG00000075711
3,197068849,3,197042560,197299330,ENSG00000075711
3,197069008,3,197042560,197299330,ENSG00000075711
3,197081690,3,197042560,197299330,ENSG00000075711
3,197087037,3,197042560,197299330,ENSG00000075711
3,197096540,3,197042560,197299330,ENSG00000075711
3,197040812,3,197042560,197299330,ENSG00000075711
3,197106274,3,197042560,197299330,ENSG00000075711
3,197106332,3,197042560,197299330,ENSG00000075711
3,197108246,3,197042560,197299330,ENSG00000075711
3,197139871,3,197042560,197299330,ENSG00000075711
3,197121071,3,197042560,197299330,ENSG00000075711
3,197169522,3,197042560,197299330,ENSG00000075711
3,197169894,3,197042560,197299330,ENSG00000075711
3,197171738,3,197042560,197299330,ENSG00000075711
3,197079309,3,197042560,197299330,ENSG00000075711
3,197087553,3,197042560,197299330,ENSG00000075711
3,197114806,3,197042560,197299330,ENSG00000075711
3,197115682,3,197042560,197299330,ENSG00000075711
3,197117388,3,197042560,197299330,ENSG00000075711
3,197133285,3,197042560,197299330,ENSG00000075711
3,197093307,3,197042560,197299330,ENSG00000075711
3,197054254,3,197042560,197299330,ENSG00000075711
3,197041658,3,197042560,197299330,ENSG00000075711
3,197041885,3,197042560,197299330,ENSG00000075711
3,197075604,3,197042560,197299330,ENSG00000075711
3,197074188,3,197042560,197299330,ENSG00000075711
3,197074789,3,197042560,197299330,ENSG00000075711
3,197074840,3,197042560,197299330,ENSG00000075711
3,197079054,3,197042560,197299330,ENSG00000075711
3,197119908,3,197042560,197299330,ENSG00000075711
3,197049579,3,197042560,197299330,ENSG00000075711
3,197049641,3,197042560,197299330,ENSG00000075711
3,197049682,3,197042560,197299330,ENSG00000075711
3,197092321,3,197042560,197299330,ENSG00000075711
3,197107099,3,197042560,197299330,ENSG00000075711
3,197124286,3,197042560,197299330,ENSG00000075711
3,197038601,3,197042560,197299330,ENSG00000075711
3,197040346,3,197042560,197299330,ENSG00000075711
3,197040983,3,197042560,197299330,ENSG00000075711
3,197045691,3,197042560,197299330,ENSG00000075711
3,197046649,3,197042560,197299330,ENSG00000075711
3,197046959,3,197042560,197299330,ENSG00000075711
3,197047485,3,197042560,197299330,ENSG00000075711
3,197038260,3,197042560,197299330,ENSG00000075711
3,197040489,3,197042560,197299330,ENSG00000075711
3,197043111,3,197042560,197299330,ENSG00000075711
3,197067891,3,197042560,197299330,ENSG00000075711
3,197069875,3,197042560,197299330,ENSG00000075711
3,197086317,3,197042560,197299330,ENSG00000075711
3,197064262,3,197042560,197299330,ENSG00000075711
3,197086392,3,197042560,197299330,ENSG00000075711
3,197064600,3,197042560,197299330,ENSG00000075711
3,197086941,3,197042560,197299330,ENSG00000075711
3,197087468,3,197042560,197299330,ENSG00000075711
3,197092153,3,197042560,197299330,ENSG00000075711
3,197099694,3,197042560,197299330,ENSG00000075711
3,197134172,3,197042560,197299330,ENSG00000075711
3,197158829,3,197042560,197299330,ENSG00000075711
3,197174866,3,197042560,197299330,ENSG00000075711
3,197184617,3,197042560,197299330,ENSG00000075711
3,197204780,3,197042560,197299330,ENSG00000075711
3,197218894,3,197042560,197299330,ENSG00000075711
3,197261743,3,197042560,197299330,ENSG00000075711
3,197274570,3,197042560,197299330,ENSG00000075711
3,197278244,3,197042560,197299330,ENSG00000075711
3,197285093,3,197042560,197299330,ENSG00000075711
3,197286964,3,197042560,197299330,ENSG00000075711
3,197288515,3,197042560,197299330,ENSG00000075711
3,197291254,3,197042560,197299330,ENSG00000075711
3,197051567,3,197042560,197299330,ENSG00000075711
3,197052179,3,197042560,197299330,ENSG00000075711
3,197142647,3,197042560,197299330,ENSG00000075711
3,197207091,3,197042560,197299330,ENSG00000075711
3,197248053,3,197042560,197299330,ENSG00000075711
3,197251151,3,197042560,197299330,ENSG00000075711
1,208209733,1,208022242,208244384,ENSG00000076356
1,208208811,1,208022242,208244384,ENSG00000076356
1,208208856,1,208022242,208244384,ENSG00000076356
1,208207432,1,208022242,208244384,ENSG00000076356
1,208196820,1,208022242,208244384,ENSG00000076356
1,208208131,1,208022242,208244384,ENSG00000076356
1,208213393,1,208022242,208244384,ENSG00000076356
1,208235545,1,208022242,208244384,ENSG00000076356
1,208217124,1,208022242,208244384,ENSG00000076356
1,208220203,1,208022242,208244384,ENSG00000076356
1,208230666,1,208022242,208244384,ENSG00000076356
1,208233449,1,208022242,208244384,ENSG00000076356
1,208196851,1,208022242,208244384,ENSG00000076356
7,100642882,7,100643097,100656448,ENSG00000077080
X,47563786,X,47561205,47571908,ENSG00000078061
X,47568195,X,47561205,47571908,ENSG00000078061
X,47571058,X,47561205,47571908,ENSG00000078061
X,47565216,X,47561205,47571908,ENSG00000078061
X,47573348,X,47561205,47571908,ENSG00000078061
X,47570766,X,47561205,47571908,ENSG00000078061
X,47564400,X,47561205,47571908,ENSG00000078061
5,7518739,5,7396138,7830081,ENSG00000078295
5,7537940,5,7396138,7830081,ENSG00000078295
5,7513743,5,7396138,7830081,ENSG00000078295
5,7514208,5,7396138,7830081,ENSG00000078295
5,7506279,5,7396138,7830081,ENSG00000078295
5,7531413,5,7396138,7830081,ENSG00000078295
X,79355557,X,79360384,79367667,ENSG00000078596
X,79360214,X,79360384,79367667,ENSG00000078596
X,79363833,X,79360384,79367667,ENSG00000078596
X,79359223,X,79360384,79367667,ENSG00000078596
12,47750851,12,47734363,47771040,ENSG00000079337
12,47756520,12,47734363,47771040,ENSG00000079337
12,47756753,12,47734363,47771040,ENSG00000079337
12,47750195,12,47734363,47771040,ENSG00000079337
12,47748560,12,47734363,47771040,ENSG00000079337
12,47748853,12,47734363,47771040,ENSG00000079337
12,47758039,12,47734363,47771040,ENSG00000079337
12,47759262,12,47734363,47771040,ENSG00000079337
1,39736502,1,39692182,39763914,ENSG00000084072
1,39737050,1,39692182,39763914,ENSG00000084072
1,39738050,1,39692182,39763914,ENSG00000084072
1,39738494,1,39692182,39763914,ENSG00000084072
1,39738752,1,39692182,39763914,ENSG00000084072
1,39739151,1,39692182,39763914,ENSG00000084072
1,39739455,1,39692182,39763914,ENSG00000084072
1,39739654,1,39692182,39763914,ENSG00000084072
1,39740626,1,39692182,39763914,ENSG00000084072
1,39744796,1,39692182,39763914,ENSG00000084072
1,39746065,1,39692182,39763914,ENSG00000084072
1,39747206,1,39692182,39763914,ENSG00000084072
1,39747998,1,39692182,39763914,ENSG00000084072
1,39748218,1,39692182,39763914,ENSG00000084072
1,39748695,1,39692182,39763914,ENSG00000084072
1,39749272,1,39692182,39763914,ENSG00000084072
1,39749505,1,39692182,39763914,ENSG00000084072
1,39750562,1,39692182,39763914,ENSG00000084072
1,39751586,1,39692182,39763914,ENSG00000084072
1,39753393,1,39692182,39763914,ENSG00000084072
1,39753608,1,39692182,39763914,ENSG00000084072
1,39754612,1,39692182,39763914,ENSG00000084072
1,39755134,1,39692182,39763914,ENSG00000084072
1,39755395,1,39692182,39763914,ENSG00000084072
1,39757468,1,39692182,39763914,ENSG00000084072
1,39760374,1,39692182,39763914,ENSG00000084072
1,39761385,1,39692182,39763914,ENSG00000084072
1,39748703,1,39692182,39763914,ENSG00000084072
1,39763625,1,39692182,39763914,ENSG00000084072
1,39738256,1,39692182,39763914,ENSG00000084072
1,39744383,1,39692182,39763914,ENSG00000084072
1,39761071,1,39692182,39763914,ENSG00000084072
1,39735335,1,39692182,39763914,ENSG00000084072
1,39740838,1,39692182,39763914,ENSG00000084072
1,39741497,1,39692182,39763914,ENSG00000084072
1,39758415,1,39692182,39763914,ENSG00000084072
1,39747285,1,39692182,39763914,ENSG00000084072
1,39735222,1,39692182,39763914,ENSG00000084072
1,39755792,1,39692182,39763914,ENSG00000084072
1,39768569,1,39692182,39763914,ENSG00000084072
1,31653830,1,31652263,31704319,ENSG00000084636
1,31647616,1,31652263,31704319,ENSG00000084636
1,31654476,1,31652263,31704319,ENSG00000084636
1,31665562,1,31652263,31704319,ENSG00000084636
1,31652178,1,31652263,31704319,ENSG00000084636
1,31647615,1,31652263,31704319,ENSG00000084636
1,31666718,1,31652263,31704319,ENSG00000084636
1,31660342,1,31652263,31704319,ENSG00000084636
1,31663440,1,31652263,31704319,ENSG00000084636
1,31658200,1,31652263,31704319,ENSG00000084636
1,31662310,1,31652263,31704319,ENSG00000084636
1,31662352,1,31652263,31704319,ENSG00000084636
1,31666462,1,31652263,31704319,ENSG00000084636
1,31670797,1,31652263,31704319,ENSG00000084636
1,31674704,1,31652263,31704319,ENSG00000084636
1,31669894,1,31652263,31704319,ENSG00000084636
7,100363571,7,100367530,100400096,ENSG00000085514
7,100370021,7,100367530,100400096,ENSG00000085514
7,100370866,7,100367530,100400096,ENSG00000085514
7,100374780,7,100367530,100400096,ENSG00000085514
7,100377643,7,100367530,100400096,ENSG00000085514
7,100379959,7,100367530,100400096,ENSG00000085514
7,100382481,7,100367530,100400096,ENSG00000085514
7,100385512,7,100367530,100400096,ENSG00000085514
11,70430712,11,70398404,70436584,ENSG00000085733
11,70432459,11,70398404,70436584,ENSG00000085733
11,70433660,11,70398404,70436584,ENSG00000085733
11,70434886,11,70398404,70436584,ENSG00000085733
11,70429668,11,70398404,70436584,ENSG00000085733
11,70429793,11,70398404,70436584,ENSG00000085733
11,70395829,11,70398404,70436584,ENSG00000085733
17,78381401,17,78378649,78425114,ENSG00000087157
17,78385998,17,78378649,78425114,ENSG00000087157
17,78386710,17,78378649,78425114,ENSG00000087157
17,78374476,17,78378649,78425114,ENSG00000087157
17,78374815,17,78378649,78425114,ENSG00000087157
17,78379014,17,78378649,78425114,ENSG00000087157
17,78382788,17,78378649,78425114,ENSG00000087157
17,78384940,17,78378649,78425114,ENSG00000087157
17,78391163,17,78378649,78425114,ENSG00000087157
17,78393999,17,78378649,78425114,ENSG00000087157
17,78396949,17,78378649,78425114,ENSG00000087157
17,78406024,17,78378649,78425114,ENSG00000087157
17,78395572,17,78378649,78425114,ENSG00000087157
17,78405247,17,78378649,78425114,ENSG00000087157
17,78407903,17,78378649,78425114,ENSG00000087157
17,78408108,17,78378649,78425114,ENSG00000087157
17,78391282,17,78378649,78425114,ENSG00000087157
17,78390328,17,78378649,78425114,ENSG00000087157
17,78402223,17,78378649,78425114,ENSG00000087157
17,78396063,17,78378649,78425114,ENSG00000087157
17,78389956,17,78378649,78425114,ENSG00000087157
17,78390254,17,78378649,78425114,ENSG00000087157
17,78390837,17,78378649,78425114,ENSG00000087157
17,78391022,17,78378649,78425114,ENSG00000087157
17,78406947,17,78378649,78425114,ENSG00000087157
17,78392121,17,78378649,78425114,ENSG00000087157
17,78391193,17,78378649,78425114,ENSG00000087157
17,78397815,17,78378649,78425114,ENSG00000087157
17,78397894,17,78378649,78425114,ENSG00000087157
17,78397961,17,78378649,78425114,ENSG00000087157
17,78398368,17,78378649,78425114,ENSG00000087157
17,78398445,17,78378649,78425114,ENSG00000087157
17,78398514,17,78378649,78425114,ENSG00000087157
17,78398957,17,78378649,78425114,ENSG00000087157
17,78399340,17,78378649,78425114,ENSG00000087157
17,78399349,17,78378649,78425114,ENSG00000087157
17,78399669,17,78378649,78425114,ENSG00000087157
17,78399672,17,78378649,78425114,ENSG00000087157
17,78399775,17,78378649,78425114,ENSG00000087157
17,78400083,17,78378649,78425114,ENSG00000087157
17,78400447,17,78378649,78425114,ENSG00000087157
17,78400529,17,78378649,78425114,ENSG00000087157
17,78400882,17,78378649,78425114,ENSG00000087157
17,78401047,17,78378649,78425114,ENSG00000087157
17,78401052,17,78378649,78425114,ENSG00000087157
17,78401138,17,78378649,78425114,ENSG00000087157
17,78401228,17,78378649,78425114,ENSG00000087157
17,78401253,17,78378649,78425114,ENSG00000087157
17,78401262,17,78378649,78425114,ENSG00000087157
17,78401749,17,78378649,78425114,ENSG00000087157
17,78402020,17,78378649,78425114,ENSG00000087157
17,78402043,17,78378649,78425114,ENSG00000087157
17,78402049,17,78378649,78425114,ENSG00000087157
17,78402051,17,78378649,78425114,ENSG00000087157
17,78402076,17,78378649,78425114,ENSG00000087157
17,78402323,17,78378649,78425114,ENSG00000087157
17,78403323,17,78378649,78425114,ENSG00000087157
17,78403471,17,78378649,78425114,ENSG00000087157
17,78404155,17,78378649,78425114,ENSG00000087157
17,78404177,17,78378649,78425114,ENSG00000087157
17,78404187,17,78378649,78425114,ENSG00000087157
17,78404248,17,78378649,78425114,ENSG00000087157
17,78404256,17,78378649,78425114,ENSG00000087157
17,78405237,17,78378649,78425114,ENSG00000087157
17,78387590,17,78378649,78425114,ENSG00000087157
17,78393083,17,78378649,78425114,ENSG00000087157
17,78393095,17,78378649,78425114,ENSG00000087157
17,78395373,17,78378649,78425114,ENSG00000087157
17,78409655,17,78378649,78425114,ENSG00000087157
17,78409756,17,78378649,78425114,ENSG00000087157
17,78410089,17,78378649,78425114,ENSG00000087157
16,55505279,16,55509072,55586666,ENSG00000087253
16,55505065,16,55509072,55586666,ENSG00000087253
16,55584915,16,55509072,55586666,ENSG00000087253
16,55584539,16,55509072,55586666,ENSG00000087253
16,55583215,16,55509072,55586666,ENSG00000087253
16,55560899,16,55509072,55586666,ENSG00000087253
11,77881150,11,77821109,77918432,ENSG00000087884
11,77895171,11,77821109,77918432,ENSG00000087884
11,77881476,11,77821109,77918432,ENSG00000087884
11,77839734,11,77821109,77918432,ENSG00000087884
11,77842592,11,77821109,77918432,ENSG00000087884
11,77843775,11,77821109,77918432,ENSG00000087884
11,77884596,11,77821109,77918432,ENSG00000087884
11,77884671,11,77821109,77918432,ENSG00000087884
11,77885727,11,77821109,77918432,ENSG00000087884
11,77886440,11,77821109,77918432,ENSG00000087884
11,77886521,11,77821109,77918432,ENSG00000087884
11,77886748,11,77821109,77918432,ENSG00000087884
11,77886793,11,77821109,77918432,ENSG00000087884
11,77890525,11,77821109,77918432,ENSG00000087884
11,77827912,11,77821109,77918432,ENSG00000087884
11,77829201,11,77821109,77918432,ENSG00000087884
11,77835472,11,77821109,77918432,ENSG00000087884
11,77849026,11,77821109,77918432,ENSG00000087884
11,77855803,11,77821109,77918432,ENSG00000087884
11,77856635,11,77821109,77918432,ENSG00000087884
11,77858738,11,77821109,77918432,ENSG00000087884
11,77866818,11,77821109,77918432,ENSG00000087884
11,77873823,11,77821109,77918432,ENSG00000087884
11,77875312,11,77821109,77918432,ENSG00000087884
11,77875363,11,77821109,77918432,ENSG00000087884
11,77888870,11,77821109,77918432,ENSG00000087884
11,77888504,11,77821109,77918432,ENSG00000087884
11,77863559,11,77821109,77918432,ENSG00000087884
11,77863651,11,77821109,77918432,ENSG00000087884
11,77864593,11,77821109,77918432,ENSG00000087884
11,77867312,11,77821109,77918432,ENSG00000087884
11,77869502,11,77821109,77918432,ENSG00000087884
11,77869949,11,77821109,77918432,ENSG00000087884
11,77871697,11,77821109,77918432,ENSG00000087884
11,77873092,11,77821109,77918432,ENSG00000087884
11,77896391,11,77821109,77918432,ENSG00000087884
11,77896435,11,77821109,77918432,ENSG00000087884
11,77850987,11,77821109,77918432,ENSG00000087884
11,77855311,11,77821109,77918432,ENSG00000087884
11,77852298,11,77821109,77918432,ENSG00000087884
11,77825395,11,77821109,77918432,ENSG00000087884
11,77877255,11,77821109,77918432,ENSG00000087884
12,121164026,12,121132819,121188032,ENSG00000089041
12,121164435,12,121132819,121188032,ENSG00000089041
12,121164578,12,121132819,121188032,ENSG00000089041
12,121164617,12,121132819,121188032,ENSG00000089041
12,121164731,12,121132819,121188032,ENSG00000089041
12,121165022,12,121132819,121188032,ENSG00000089041
12,121165250,12,121132819,121188032,ENSG00000089041
12,121165315,12,121132819,121188032,ENSG00000089041
12,121165319,12,121132819,121188032,ENSG00000089041
12,121165666,12,121132819,121188032,ENSG00000089041
12,121165942,12,121132819,121188032,ENSG00000089041
12,121166022,12,121132819,121188032,ENSG00000089041
12,121166053,12,121132819,121188032,ENSG00000089041
12,121166323,12,121132819,121188032,ENSG00000089041
12,121166332,12,121132819,121188032,ENSG00000089041
12,121166344,12,121132819,121188032,ENSG00000089041
12,121166447,12,121132819,121188032,ENSG00000089041
12,121166511,12,121132819,121188032,ENSG00000089041
12,121167796,12,121132819,121188032,ENSG00000089041
12,121166343,12,121132819,121188032,ENSG00000089041
12,121184014,12,121132819,121188032,ENSG00000089041
12,121167386,12,121132819,121188032,ENSG00000089041
12,121171851,12,121132819,121188032,ENSG00000089041
20,18410618,20,18383367,18467281,ENSG00000089091
20,18412668,20,18383367,18467281,ENSG00000089091
20,18412855,20,18383367,18467281,ENSG00000089091
20,18416722,20,18383367,18467281,ENSG00000089091
20,18419674,20,18383367,18467281,ENSG00000089091
20,18422174,20,18383367,18467281,ENSG00000089091
20,18422483,20,18383367,18467281,ENSG00000089091
20,18424224,20,18383367,18467281,ENSG00000089091
20,18436471,20,18383367,18467281,ENSG00000089091
20,18436864,20,18383367,18467281,ENSG00000089091
20,18438707,20,18383367,18467281,ENSG00000089091
20,18438981,20,18383367,18467281,ENSG00000089091
20,18441344,20,18383367,18467281,ENSG00000089091
20,18448853,20,18383367,18467281,ENSG00000089091
20,18453177,20,18383367,18467281,ENSG00000089091
20,18453509,20,18383367,18467281,ENSG00000089091
20,18453570,20,18383367,18467281,ENSG00000089091
20,18456587,20,18383367,18467281,ENSG00000089091
20,18459541,20,18383367,18467281,ENSG00000089091
20,18452046,20,18383367,18467281,ENSG00000089091
20,18392052,20,18383367,18467281,ENSG00000089091
20,18441135,20,18383367,18467281,ENSG00000089091
20,18442389,20,18383367,18467281,ENSG00000089091
20,18442842,20,18383367,18467281,ENSG00000089091
20,18395985,20,18383367,18467281,ENSG00000089091
20,18399112,20,18383367,18467281,ENSG00000089091
20,18399499,20,18383367,18467281,ENSG00000089091
20,18399568,20,18383367,18467281,ENSG00000089091
20,18397967,20,18383367,18467281,ENSG00000089091
20,18405857,20,18383367,18467281,ENSG00000089091
20,18406329,20,18383367,18467281,ENSG00000089091
20,18404034,20,18383367,18467281,ENSG00000089091
20,18406000,20,18383367,18467281,ENSG00000089091
20,18406504,20,18383367,18467281,ENSG00000089091
20,18406799,20,18383367,18467281,ENSG00000089091
20,18407036,20,18383367,18467281,ENSG00000089091
20,18408263,20,18383367,18467281,ENSG00000089091
20,18408559,20,18383367,18467281,ENSG00000089091
20,18408633,20,18383367,18467281,ENSG00000089091
20,18438546,20,18383367,18467281,ENSG00000089091
20,18441200,20,18383367,18467281,ENSG00000089091
20,18411919,20,18383367,18467281,ENSG00000089091
20,18412631,20,18383367,18467281,ENSG00000089091
20,18418064,20,18383367,18467281,ENSG00000089091
20,18419028,20,18383367,18467281,ENSG00000089091
20,18420111,20,18383367,18467281,ENSG00000089091
20,18423437,20,18383367,18467281,ENSG00000089091
20,18425037,20,18383367,18467281,ENSG00000089091
20,18428072,20,18383367,18467281,ENSG00000089091
20,18428146,20,18383367,18467281,ENSG00000089091
20,18430971,20,18383367,18467281,ENSG00000089091
20,18432730,20,18383367,18467281,ENSG00000089091
20,18444307,20,18383367,18467281,ENSG00000089091
20,18444734,20,18383367,18467281,ENSG00000089091
20,18445040,20,18383367,18467281,ENSG00000089091
20,18446652,20,18383367,18467281,ENSG00000089091
20,18464106,20,18383367,18467281,ENSG00000089091
20,18465319,20,18383367,18467281,ENSG00000089091
20,18380062,20,18383367,18467281,ENSG00000089091
20,18380160,20,18383367,18467281,ENSG00000089091
20,18425841,20,18383367,18467281,ENSG00000089091
20,18463412,20,18383367,18467281,ENSG00000089091
20,18379030,20,18383367,18467281,ENSG00000089091
20,18380445,20,18383367,18467281,ENSG00000089091
20,18449651,20,18383367,18467281,ENSG00000089091
20,18381756,20,18383367,18467281,ENSG00000089091
20,18381742,20,18383367,18467281,ENSG00000089091
20,18380573,20,18383367,18467281,ENSG00000089091
20,18380784,20,18383367,18467281,ENSG00000089091
12,112911065,12,112905856,112933219,ENSG00000089127
12,112912991,12,112905856,112933219,ENSG00000089127
12,112913715,12,112905856,112933219,ENSG00000089127
12,112914354,12,112905856,112933219,ENSG00000089127
12,112919388,12,112905856,112933219,ENSG00000089127
12,112919404,12,112905856,112933219,ENSG00000089127
12,112919432,12,112905856,112933219,ENSG00000089127
12,112919637,12,112905856,112933219,ENSG00000089127
12,112920301,12,112905856,112933219,ENSG00000089127
12,112920986,12,112905856,112933219,ENSG00000089127
12,112920989,12,112905856,112933219,ENSG00000089127
12,112921327,12,112905856,112933219,ENSG00000089127
12,112921352,12,112905856,112933219,ENSG00000089127
12,112921383,12,112905856,112933219,ENSG00000089127
12,112921513,12,112905856,112933219,ENSG00000089127
12,112921772,12,112905856,112933219,ENSG00000089127
12,112921898,12,112905856,112933219,ENSG00000089127
12,112922220,12,112905856,112933219,ENSG00000089127
12,112922497,12,112905856,112933219,ENSG00000089127
12,112922663,12,112905856,112933219,ENSG00000089127
12,112922758,12,112905856,112933219,ENSG00000089127
12,112922770,12,112905856,112933219,ENSG00000089127
12,112922932,12,112905856,112933219,ENSG00000089127
12,112922981,12,112905856,112933219,ENSG00000089127
12,112923312,12,112905856,112933219,ENSG00000089127
12,112923353,12,112905856,112933219,ENSG00000089127
12,112923369,12,112905856,112933219,ENSG00000089127
12,112923432,12,112905856,112933219,ENSG00000089127
12,112923638,12,112905856,112933219,ENSG00000089127
12,112923769,12,112905856,112933219,ENSG00000089127
12,112923901,12,112905856,112933219,ENSG00000089127
12,112924253,12,112905856,112933219,ENSG00000089127
12,112924466,12,112905856,112933219,ENSG00000089127
12,112924602,12,112905856,112933219,ENSG00000089127
12,112924616,12,112905856,112933219,ENSG00000089127
12,112924946,12,112905856,112933219,ENSG00000089127
12,112925169,12,112905856,112933219,ENSG00000089127
12,112925192,12,112905856,112933219,ENSG00000089127
12,112925272,12,112905856,112933219,ENSG00000089127
12,112925304,12,112905856,112933219,ENSG00000089127
12,112925373,12,112905856,112933219,ENSG00000089127
12,112925478,12,112905856,112933219,ENSG00000089127
12,112925479,12,112905856,112933219,ENSG00000089127
12,112925603,12,112905856,112933219,ENSG00000089127
12,112925745,12,112905856,112933219,ENSG00000089127
12,112925887,12,112905856,112933219,ENSG00000089127
12,112926117,12,112905856,112933219,ENSG00000089127
12,112926167,12,112905856,112933219,ENSG00000089127
12,112926527,12,112905856,112933219,ENSG00000089127
12,112926561,12,112905856,112933219,ENSG00000089127
12,112926570,12,112905856,112933219,ENSG00000089127
12,112926577,12,112905856,112933219,ENSG00000089127
12,112926666,12,112905856,112933219,ENSG00000089127
12,112926699,12,112905856,112933219,ENSG00000089127
12,112926707,12,112905856,112933219,ENSG00000089127
12,112926828,12,112905856,112933219,ENSG00000089127
12,112926975,12,112905856,112933219,ENSG00000089127
12,112926976,12,112905856,112933219,ENSG00000089127
12,112927068,12,112905856,112933219,ENSG00000089127
12,112927260,12,112905856,112933219,ENSG00000089127
12,112927343,12,112905856,112933219,ENSG00000089127
12,112927356,12,112905856,112933219,ENSG00000089127
12,112927396,12,112905856,112933219,ENSG00000089127
12,112927418,12,112905856,112933219,ENSG00000089127
12,112927648,12,112905856,112933219,ENSG00000089127
12,112927776,12,112905856,112933219,ENSG00000089127
12,112927862,12,112905856,112933219,ENSG00000089127
12,112927882,12,112905856,112933219,ENSG00000089127
12,112927998,12,112905856,112933219,ENSG00000089127
12,112928023,12,112905856,112933219,ENSG00000089127
12,112928244,12,112905856,112933219,ENSG00000089127
12,112928886,12,112905856,112933219,ENSG00000089127
12,112929094,12,112905856,112933219,ENSG00000089127
12,112929504,12,112905856,112933219,ENSG00000089127
12,112929520,12,112905856,112933219,ENSG00000089127
12,112929527,12,112905856,112933219,ENSG00000089127
12,112929538,12,112905856,112933219,ENSG00000089127
12,112929617,12,112905856,112933219,ENSG00000089127
12,112929790,12,112905856,112933219,ENSG00000089127
12,112930090,12,112905856,112933219,ENSG00000089127
12,112930225,12,112905856,112933219,ENSG00000089127
12,112930250,12,112905856,112933219,ENSG00000089127
12,112930274,12,112905856,112933219,ENSG00000089127
12,112930320,12,112905856,112933219,ENSG00000089127
12,112930444,12,112905856,112933219,ENSG00000089127
12,112930700,12,112905856,112933219,ENSG00000089127
12,112930800,12,112905856,112933219,ENSG00000089127
12,112931372,12,112905856,112933219,ENSG00000089127
12,112931910,12,112905856,112933219,ENSG00000089127
12,112931954,12,112905856,112933219,ENSG00000089127
12,112933161,12,112905856,112933219,ENSG00000089127
12,112933309,12,112905856,112933219,ENSG00000089127
12,112933718,12,112905856,112933219,ENSG00000089127
12,112933841,12,112905856,112933219,ENSG00000089127
12,112934168,12,112905856,112933219,ENSG00000089127
12,112934172,12,112905856,112933219,ENSG00000089127
12,112934734,12,112905856,112933219,ENSG00000089127
12,112934999,12,112905856,112933219,ENSG00000089127
12,112935061,12,112905856,112933219,ENSG00000089127
12,112935156,12,112905856,112933219,ENSG00000089127
12,112935172,12,112905856,112933219,ENSG00000089127
12,112935758,12,112905856,112933219,ENSG00000089127
12,112935783,12,112905856,112933219,ENSG00000089127
12,112936212,12,112905856,112933219,ENSG00000089127
12,112936943,12,112905856,112933219,ENSG00000089127
12,112937231,12,112905856,112933219,ENSG00000089127
12,112938178,12,112905856,112933219,ENSG00000089127
12,112907451,12,112905856,112933219,ENSG00000089127
12,112912028,12,112905856,112933219,ENSG00000089127
12,112904357,12,112905856,112933219,ENSG00000089127
12,120194926,12,120196699,120201235,ENSG00000089157
19,40627983,19,40592883,40629818,ENSG00000090006
19,40628269,19,40592883,40629818,ENSG00000090006
19,40630229,19,40592883,40629818,ENSG00000090006
19,40623937,19,40592883,40629818,ENSG00000090006
19,40624239,19,40592883,40629818,ENSG00000090006
19,40624291,19,40592883,40629818,ENSG00000090006
19,40630914,19,40592883,40629818,ENSG00000090006
19,40630629,19,40592883,40629818,ENSG00000090006
19,40625770,19,40592883,40629818,ENSG00000090006
19,40623267,19,40592883,40629818,ENSG00000090006
19,40625032,19,40592883,40629818,ENSG00000090006
19,40619026,19,40592883,40629818,ENSG00000090006
19,40619254,19,40592883,40629818,ENSG00000090006
19,40619272,19,40592883,40629818,ENSG00000090006
19,40611718,19,40592883,40629818,ENSG00000090006
19,40618972,19,40592883,40629818,ENSG00000090006
19,40621797,19,40592883,40629818,ENSG00000090006
19,40622404,19,40592883,40629818,ENSG00000090006
19,40620666,19,40592883,40629818,ENSG00000090006
19,40598954,19,40592883,40629818,ENSG00000090006
19,40611963,19,40592883,40629818,ENSG00000090006
19,40612150,19,40592883,40629818,ENSG00000090006
19,40610260,19,40592883,40629818,ENSG00000090006
19,40610345,19,40592883,40629818,ENSG00000090006
19,40616765,19,40592883,40629818,ENSG00000090006
19,40621560,19,40592883,40629818,ENSG00000090006
19,40621621,19,40592883,40629818,ENSG00000090006
19,40616513,19,40592883,40629818,ENSG00000090006
19,40610491,19,40592883,40629818,ENSG00000090006
19,40622806,19,40592883,40629818,ENSG00000090006
19,40596075,19,40592883,40629818,ENSG00000090006
19,40598852,19,40592883,40629818,ENSG00000090006
19,40616590,19,40592883,40629818,ENSG00000090006
19,40609134,19,40592883,40629818,ENSG00000090006
19,40610960,19,40592883,40629818,ENSG00000090006
19,40619945,19,40592883,40629818,ENSG00000090006
19,40621908,19,40592883,40629818,ENSG00000090006
19,40610008,19,40592883,40629818,ENSG00000090006
19,40605163,19,40592883,40629818,ENSG00000090006
19,40614177,19,40592883,40629818,ENSG00000090006
19,40603069,19,40592883,40629818,ENSG00000090006
19,40588932,19,40592883,40629818,ENSG00000090006
19,40589384,19,40592883,40629818,ENSG00000090006
19,40613367,19,40592883,40629818,ENSG00000090006
19,40589912,19,40592883,40629818,ENSG00000090006
19,40591370,19,40592883,40629818,ENSG00000090006
19,40612801,19,40592883,40629818,ENSG00000090006
19,40590283,19,40592883,40629818,ENSG00000090006
19,40620542,19,40592883,40629818,ENSG00000090006
19,40589180,19,40592883,40629818,ENSG00000090006
7,140688306,7,140690777,140722790,ENSG00000090266
7,140691784,7,140690777,140722790,ENSG00000090266
7,140693795,7,140690777,140722790,ENSG00000090266
7,140697507,7,140690777,140722790,ENSG00000090266
7,140697992,7,140690777,140722790,ENSG00000090266
7,140700193,7,140690777,140722790,ENSG00000090266
7,140700553,7,140690777,140722790,ENSG00000090266
7,140700870,7,140690777,140722790,ENSG00000090266
7,140701322,7,140690777,140722790,ENSG00000090266
7,140701660,7,140690777,140722790,ENSG00000090266
7,140705906,7,140690777,140722790,ENSG00000090266
7,140706840,7,140690777,140722790,ENSG00000090266
7,140706848,7,140690777,140722790,ENSG00000090266
7,140708762,7,140690777,140722790,ENSG00000090266
7,140708769,7,140690777,140722790,ENSG00000090266
7,140708783,7,140690777,140722790,ENSG00000090266
7,140709485,7,140690777,140722790,ENSG00000090266
7,140711629,7,140690777,140722790,ENSG00000090266
7,140713256,7,140690777,140722790,ENSG00000090266
7,140713659,7,140690777,140722790,ENSG00000090266
14,20448828,14,20446401,20455089,ENSG00000092094
14,20448799,14,20446401,20455089,ENSG00000092094
14,20449283,14,20446401,20455089,ENSG00000092094
14,20449585,14,20446401,20455089,ENSG00000092094
14,20449954,14,20446401,20455089,ENSG00000092094
14,20450086,14,20446401,20455089,ENSG00000092094
14,20450439,14,20446401,20455089,ENSG00000092094
14,20450528,14,20446401,20455089,ENSG00000092094
14,20450938,14,20446401,20455089,ENSG00000092094
14,20451029,14,20446401,20455089,ENSG00000092094
14,20451033,14,20446401,20455089,ENSG00000092094
14,20451392,14,20446401,20455089,ENSG00000092094
14,20451464,14,20446401,20455089,ENSG00000092094
14,20451553,14,20446401,20455089,ENSG00000092094
14,20451884,14,20446401,20455089,ENSG00000092094
14,20452091,14,20446401,20455089,ENSG00000092094
14,20452201,14,20446401,20455089,ENSG00000092094
14,20452590,14,20446401,20455089,ENSG00000092094
14,20452181,14,20446401,20455089,ENSG00000092094
20,62832149,20,62816244,62841159,ENSG00000092758
20,62828701,20,62816244,62841159,ENSG00000092758
20,62834179,20,62816244,62841159,ENSG00000092758
22,19968739,22,19941371,19969975,ENSG00000093010
22,19969258,22,19941371,19969975,ENSG00000093010
22,19970108,22,19941371,19969975,ENSG00000093010
22,19970240,22,19941371,19969975,ENSG00000093010
22,19971146,22,19941371,19969975,ENSG00000093010
22,19973083,22,19941371,19969975,ENSG00000093010
10,100987606,10,100969504,100985871,ENSG00000095539
6,52498930,6,52362123,52529886,ENSG00000096093
6,52495747,6,52362123,52529886,ENSG00000096093
6,52426129,6,52362123,52529886,ENSG00000096093
6,52431663,6,52362123,52529886,ENSG00000096093
6,52439192,6,52362123,52529886,ENSG00000096093
6,52450521,6,52362123,52529886,ENSG00000096093
6,52467141,6,52362123,52529886,ENSG00000096093
6,52473299,6,52362123,52529886,ENSG00000096093
6,52477934,6,52362123,52529886,ENSG00000096093
10,50123972,10,50067888,50133509,ENSG00000099290
10,50124173,10,50067888,50133509,ENSG00000099290
10,50124269,10,50067888,50133509,ENSG00000099290
10,50124291,10,50067888,50133509,ENSG00000099290
10,50125866,10,50067888,50133509,ENSG00000099290
10,50127870,10,50067888,50133509,ENSG00000099290
10,50128114,10,50067888,50133509,ENSG00000099290
10,50127843,10,50067888,50133509,ENSG00000099290
10,50121453,10,50067888,50133509,ENSG00000099290
10,50128296,10,50067888,50133509,ENSG00000099290
10,50128628,10,50067888,50133509,ENSG00000099290
10,50128668,10,50067888,50133509,ENSG00000099290
19,1086353,19,1086574,1095380,ENSG00000099817
19,1083961,19,1086574,1095380,ENSG00000099817
19,1086044,19,1086574,1095380,ENSG00000099817
19,1083557,19,1086574,1095380,ENSG00000099817
19,1087705,19,1086574,1095380,ENSG00000099817
22,20856932,22,20859007,20891214,ENSG00000099940
22,20857256,22,20859007,20891214,ENSG00000099940
22,20858428,22,20859007,20891214,ENSG00000099940
22,20866445,22,20859007,20891214,ENSG00000099940
22,20867017,22,20859007,20891214,ENSG00000099940
22,20875276,22,20859007,20891214,ENSG00000099940
22,20879261,22,20859007,20891214,ENSG00000099940
22,20887197,22,20859007,20891214,ENSG00000099940
22,20887959,22,20859007,20891214,ENSG00000099940
22,20892614,22,20859007,20891214,ENSG00000099940
22,20894877,22,20859007,20891214,ENSG00000099940
22,20881550,22,20859007,20891214,ENSG00000099940
22,20892269,22,20859007,20891214,ENSG00000099940
22,20895417,22,20859007,20891214,ENSG00000099940
22,20887082,22,20859007,20891214,ENSG00000099940
22,20869735,22,20859007,20891214,ENSG00000099940
22,23970015,22,23970542,23980525,ENSG00000099977
22,21700991,22,21666000,21700015,ENSG00000100023
22,21701105,22,21666000,21700015,ENSG00000100023
22,21671187,22,21666000,21700015,ENSG00000100023
22,21694573,22,21666000,21700015,ENSG00000100023
22,21695494,22,21666000,21700015,ENSG00000100023
22,21702984,22,21666000,21700015,ENSG00000100023
22,21677012,22,21666000,21700015,ENSG00000100023
22,21697420,22,21666000,21700015,ENSG00000100023
22,21673835,22,21666000,21700015,ENSG00000100023
22,21677690,22,21666000,21700015,ENSG00000100023
22,21677696,22,21666000,21700015,ENSG00000100023
22,21677918,22,21666000,21700015,ENSG00000100023
22,21678490,22,21666000,21700015,ENSG00000100023
22,21679429,22,21666000,21700015,ENSG00000100023
22,21679542,22,21666000,21700015,ENSG00000100023
22,21679975,22,21666000,21700015,ENSG00000100023
22,21680269,22,21666000,21700015,ENSG00000100023
22,21680280,22,21666000,21700015,ENSG00000100023
22,21680415,22,21666000,21700015,ENSG00000100023
22,21681911,22,21666000,21700015,ENSG00000100023
22,21671381,22,21666000,21700015,ENSG00000100023
22,21694481,22,21666000,21700015,ENSG00000100023
22,21698525,22,21666000,21700015,ENSG00000100023
22,21699487,22,21666000,21700015,ENSG00000100023
22,21699591,22,21666000,21700015,ENSG00000100023
22,21699596,22,21666000,21700015,ENSG00000100023
22,21662712,22,21666000,21700015,ENSG00000100023
22,21663487,22,21666000,21700015,ENSG00000100023
22,21664916,22,21666000,21700015,ENSG00000100023
22,21664948,22,21666000,21700015,ENSG00000100023
22,21673328,22,21666000,21700015,ENSG00000100023
22,21686121,22,21666000,21700015,ENSG00000100023
22,21668169,22,21666000,21700015,ENSG00000100023
22,21692064,22,21666000,21700015,ENSG00000100023
22,21685574,22,21666000,21700015,ENSG00000100023
22,21687149,22,21666000,21700015,ENSG00000100023
22,21690097,22,21666000,21700015,ENSG00000100023
22,21692523,22,21666000,21700015,ENSG00000100023
22,21665468,22,21666000,21700015,ENSG00000100023
22,21686006,22,21666000,21700015,ENSG00000100023
22,21687790,22,21666000,21700015,ENSG00000100023
22,21688629,22,21666000,21700015,ENSG00000100023
22,21689385,22,21666000,21700015,ENSG00000100023
22,21689620,22,21666000,21700015,ENSG00000100023
22,21689624,22,21666000,21700015,ENSG00000100023
22,21689951,22,21666000,21700015,ENSG00000100023
22,21691026,22,21666000,21700015,ENSG00000100023
22,21668743,22,21666000,21700015,ENSG00000100023
22,21674445,22,21666000,21700015,ENSG00000100023
22,21676406,22,21666000,21700015,ENSG00000100023
22,21678702,22,21666000,21700015,ENSG00000100023
22,21666405,22,21666000,21700015,ENSG00000100023
22,21666679,22,21666000,21700015,ENSG00000100023
22,21673421,22,21666000,21700015,ENSG00000100023
22,21676709,22,21666000,21700015,ENSG00000100023
22,21679863,22,21666000,21700015,ENSG00000100023
22,21682543,22,21666000,21700015,ENSG00000100023
22,21691120,22,21666000,21700015,ENSG00000100023
22,21691314,22,21666000,21700015,ENSG00000100023
22,21692498,22,21666000,21700015,ENSG00000100023
22,21705004,22,21666000,21700015,ENSG00000100023
22,21680399,22,21666000,21700015,ENSG00000100023
22,21703711,22,21666000,21700015,ENSG00000100023
22,21664699,22,21666000,21700015,ENSG00000100023
22,21702021,22,21666000,21700015,ENSG00000100023
22,21690738,22,21666000,21700015,ENSG00000100023
22,21695945,22,21666000,21700015,ENSG00000100023
22,21697259,22,21666000,21700015,ENSG00000100023
22,21692281,22,21666000,21700015,ENSG00000100023
22,21701292,22,21666000,21700015,ENSG00000100023
22,21692344,22,21666000,21700015,ENSG00000100023
22,21663578,22,21666000,21700015,ENSG00000100023
22,21704066,22,21666000,21700015,ENSG00000100023
22,21946569,22,21919425,21952848,ENSG00000100034
22,21924354,22,21919425,21952848,ENSG00000100034
22,21926544,22,21919425,21952848,ENSG00000100034
22,21927890,22,21919425,21952848,ENSG00000100034
22,21928404,22,21919425,21952848,ENSG00000100034
22,21929985,22,21919425,21952848,ENSG00000100034
22,21931615,22,21919425,21952848,ENSG00000100034
22,21934659,22,21919425,21952848,ENSG00000100034
22,21922941,22,21919425,21952848,ENSG00000100034
22,21933490,22,21919425,21952848,ENSG00000100034
22,37607617,22,37608474,37633564,ENSG00000100083
22,37803047,22,37807905,37817176,ENSG00000100116
22,37804117,22,37807905,37817176,ENSG00000100116
22,37807789,22,37807905,37817176,ENSG00000100116
22,37808252,22,37807905,37817176,ENSG00000100116
22,37808533,22,37807905,37817176,ENSG00000100116
22,37808633,22,37807905,37817176,ENSG00000100116
22,37809777,22,37807905,37817176,ENSG00000100116
22,37809887,22,37807905,37817176,ENSG00000100116
22,37809982,22,37807905,37817176,ENSG00000100116
22,37810832,22,37807905,37817176,ENSG00000100116
22,37811412,22,37807905,37817176,ENSG00000100116
22,37811549,22,37807905,37817176,ENSG00000100116
22,37812253,22,37807905,37817176,ENSG00000100116
22,37806396,22,37807905,37817176,ENSG00000100116
22,37808082,22,37807905,37817176,ENSG00000100116
22,37803943,22,37807905,37817176,ENSG00000100116
22,37816061,22,37807905,37817176,ENSG00000100116
22,37817095,22,37807905,37817176,ENSG00000100116
22,37817376,22,37807905,37817176,ENSG00000100116
22,37818011,22,37807905,37817176,ENSG00000100116
22,37820751,22,37807905,37817176,ENSG00000100116
22,37816755,22,37807905,37817176,ENSG00000100116
22,37819590,22,37807905,37817176,ENSG00000100116
22,37821928,22,37807905,37817176,ENSG00000100116
22,37821054,22,37807905,37817176,ENSG00000100116
22,37815947,22,37807905,37817176,ENSG00000100116
22,41974987,22,41969443,41998221,ENSG00000100167
22,42125924,22,42126499,42130865,ENSG00000100197
22,42122378,22,42126499,42130865,ENSG00000100197
22,42126611,22,42126499,42130865,ENSG00000100197
22,42126069,22,42126499,42130865,ENSG00000100197
22,42129130,22,42126499,42130865,ENSG00000100197
22,42132844,22,42126499,42130865,ENSG00000100197
22,42132851,22,42126499,42130865,ENSG00000100197
22,42133400,22,42126499,42130865,ENSG00000100197
22,42134089,22,42126499,42130865,ENSG00000100197
22,42135201,22,42126499,42130865,ENSG00000100197
22,42129950,22,42126499,42130865,ENSG00000100197
22,42121632,22,42126499,42130865,ENSG00000100197
22,42130482,22,42126499,42130865,ENSG00000100197
22,42134820,22,42126499,42130865,ENSG00000100197
22,42121985,22,42126499,42130865,ENSG00000100197
22,42130047,22,42126499,42130865,ENSG00000100197
22,42123311,22,42126499,42130865,ENSG00000100197
22,42123312,22,42126499,42130865,ENSG00000100197
22,32478462,22,32474676,32498829,ENSG00000100225
22,32478564,22,32474676,32498829,ENSG00000100225
22,32487116,22,32474676,32498829,ENSG00000100225
22,32487357,22,32474676,32498829,ENSG00000100225
22,32488049,22,32474676,32498829,ENSG00000100225
22,32490732,22,32474676,32498829,ENSG00000100225
22,32492635,22,32474676,32498829,ENSG00000100225
22,32487295,22,32474676,32498829,ENSG00000100225
22,32499905,22,32474676,32498829,ENSG00000100225
22,32500603,22,32474676,32498829,ENSG00000100225
22,32500810,22,32474676,32498829,ENSG00000100225
22,32474782,22,32474676,32498829,ENSG00000100225
22,32479203,22,32474676,32498829,ENSG00000100225
22,32481022,22,32474676,32498829,ENSG00000100225
22,32484598,22,32474676,32498829,ENSG00000100225
22,32486134,22,32474676,32498829,ENSG00000100225
22,32486427,22,32474676,32498829,ENSG00000100225
22,32486453,22,32474676,32498829,ENSG00000100225
22,32486821,22,32474676,32498829,ENSG00000100225
22,32487141,22,32474676,32498829,ENSG00000100225
22,32488394,22,32474676,32498829,ENSG00000100225
22,32488834,22,32474676,32498829,ENSG00000100225
22,32489562,22,32474676,32498829,ENSG00000100225
22,32489793,22,32474676,32498829,ENSG00000100225
22,32490798,22,32474676,32498829,ENSG00000100225
22,32491011,22,32474676,32498829,ENSG00000100225
22,32491163,22,32474676,32498829,ENSG00000100225
22,32491511,22,32474676,32498829,ENSG00000100225
22,32491674,22,32474676,32498829,ENSG00000100225
22,32491795,22,32474676,32498829,ENSG00000100225
22,32491836,22,32474676,32498829,ENSG00000100225
22,32491962,22,32474676,32498829,ENSG00000100225
22,32492097,22,32474676,32498829,ENSG00000100225
22,32479884,22,32474676,32498829,ENSG00000100225
22,32480660,22,32474676,32498829,ENSG00000100225
22,32491745,22,32474676,32498829,ENSG00000100225
22,32493828,22,32474676,32498829,ENSG00000100225
22,32477140,22,32474676,32498829,ENSG00000100225
22,32490490,22,32474676,32498829,ENSG00000100225
22,32499744,22,32474676,32498829,ENSG00000100225
22,32500126,22,32474676,32498829,ENSG00000100225
22,32501244,22,32474676,32498829,ENSG00000100225
22,32503154,22,32474676,32498829,ENSG00000100225
22,32503162,22,32474676,32498829,ENSG00000100225
22,32503174,22,32474676,32498829,ENSG00000100225
22,32476271,22,32474676,32498829,ENSG00000100225
22,32483630,22,32474676,32498829,ENSG00000100225
22,32502304,22,32474676,32498829,ENSG00000100225
22,32485759,22,32474676,32498829,ENSG00000100225
22,32503058,22,32474676,32498829,ENSG00000100225
22,32497918,22,32474676,32498829,ENSG00000100225
22,32471173,22,32474676,32498829,ENSG00000100225
22,32469688,22,32474676,32498829,ENSG00000100225
22,32470947,22,32474676,32498829,ENSG00000100225
22,32477509,22,32474676,32498829,ENSG00000100225
22,43144119,22,43132209,43143398,ENSG00000100294
22,43132245,22,43132209,43143398,ENSG00000100294
22,43132787,22,43132209,43143398,ENSG00000100294
22,43133023,22,43132209,43143398,ENSG00000100294
22,43133511,22,43132209,43143398,ENSG00000100294
22,43133308,22,43132209,43143398,ENSG00000100294
22,43130490,22,43132209,43143398,ENSG00000100294
22,43132234,22,43132209,43143398,ENSG00000100294
22,43128481,22,43132209,43143398,ENSG00000100294
22,43137509,22,43132209,43143398,ENSG00000100294
22,43127985,22,43132209,43143398,ENSG00000100294
22,43127994,22,43132209,43143398,ENSG00000100294
22,43130698,22,43132209,43143398,ENSG00000100294
22,43137421,22,43132209,43143398,ENSG00000100294
22,43137354,22,43132209,43143398,ENSG00000100294
22,29531715,22,29505879,29555216,ENSG00000100296
22,29517583,22,29505879,29555216,ENSG00000100296
22,29532943,22,29505879,29555216,ENSG00000100296
22,29532959,22,29505879,29555216,ENSG00000100296
22,36757399,22,36758202,36776256,ENSG00000100360
22,45212479,22,45192244,45240894,ENSG00000100364
22,45212466,22,45192244,45240894,ENSG00000100364
22,45328846,22,45308968,45341955,ENSG00000100376
22,45329118,22,45308968,45341955,ENSG00000100376
22,45329225,22,45308968,45341955,ENSG00000100376
22,45329395,22,45308968,45341955,ENSG00000100376
22,45329511,22,45308968,45341955,ENSG00000100376
22,45329643,22,45308968,45341955,ENSG00000100376
22,45329719,22,45308968,45341955,ENSG00000100376
22,45333501,22,45308968,45341955,ENSG00000100376
22,45304633,22,45308968,45341955,ENSG00000100376
22,45331684,22,45308968,45341955,ENSG00000100376
22,45331897,22,45308968,45341955,ENSG00000100376
22,45332282,22,45308968,45341955,ENSG00000100376
22,45332489,22,45308968,45341955,ENSG00000100376
22,45333543,22,45308968,45341955,ENSG00000100376
22,45340553,22,45308968,45341955,ENSG00000100376
22,45343973,22,45308968,45341955,ENSG00000100376
22,45344245,22,45308968,45341955,ENSG00000100376
22,45341429,22,45308968,45341955,ENSG00000100376
22,45341600,22,45308968,45341955,ENSG00000100376
22,45319727,22,45308968,45341955,ENSG00000100376
22,45319743,22,45308968,45341955,ENSG00000100376
22,45321643,22,45308968,45341955,ENSG00000100376
22,45321978,22,45308968,45341955,ENSG00000100376
22,45322160,22,45308968,45341955,ENSG00000100376
22,45327961,22,45308968,45341955,ENSG00000100376
22,45342606,22,45308968,45341955,ENSG00000100376
22,45327926,22,45308968,45341955,ENSG00000100376
22,45331807,22,45308968,45341955,ENSG00000100376
22,45318517,22,45308968,45341955,ENSG00000100376
22,45319056,22,45308968,45341955,ENSG00000100376
22,45320516,22,45308968,45341955,ENSG00000100376
22,45327235,22,45308968,45341955,ENSG00000100376
22,45327439,22,45308968,45341955,ENSG00000100376
22,45338979,22,45308968,45341955,ENSG00000100376
22,45338325,22,45308968,45341955,ENSG00000100376
22,45304226,22,45308968,45341955,ENSG00000100376
22,45304459,22,45308968,45341955,ENSG00000100376
22,45310896,22,45308968,45341955,ENSG00000100376
22,45314359,22,45308968,45341955,ENSG00000100376
22,45320006,22,45308968,45341955,ENSG00000100376
22,45322746,22,45308968,45341955,ENSG00000100376
22,45322862,22,45308968,45341955,ENSG00000100376
22,45327445,22,45308968,45341955,ENSG00000100376
22,45327973,22,45308968,45341955,ENSG00000100376
22,45304936,22,45308968,45341955,ENSG00000100376
22,45323936,22,45308968,45341955,ENSG00000100376
22,45325013,22,45308968,45341955,ENSG00000100376
22,45312742,22,45308968,45341955,ENSG00000100376
22,45323753,22,45308968,45341955,ENSG00000100376
22,45325315,22,45308968,45341955,ENSG00000100376
22,45311639,22,45308968,45341955,ENSG00000100376
22,45311856,22,45308968,45341955,ENSG00000100376
22,45335301,22,45308968,45341955,ENSG00000100376
22,45309502,22,45308968,45341955,ENSG00000100376
22,45336447,22,45308968,45341955,ENSG00000100376
22,45306412,22,45308968,45341955,ENSG00000100376
22,45306413,22,45308968,45341955,ENSG00000100376
22,45307194,22,45308968,45341955,ENSG00000100376
22,45307226,22,45308968,45341955,ENSG00000100376
22,45307370,22,45308968,45341955,ENSG00000100376
22,50073109,22,50059391,50085426,ENSG00000100427
22,50073317,22,50059391,50085426,ENSG00000100427
22,50075106,22,50059391,50085426,ENSG00000100427
22,50082467,22,50059391,50085426,ENSG00000100427
22,50084095,22,50059391,50085426,ENSG00000100427
22,50084248,22,50059391,50085426,ENSG00000100427
22,50084501,22,50059391,50085426,ENSG00000100427
22,50084988,22,50059391,50085426,ENSG00000100427
22,50089933,22,50059391,50085426,ENSG00000100427
22,50090194,22,50059391,50085426,ENSG00000100427
22,50073390,22,50059391,50085426,ENSG00000100427
22,50061535,22,50059391,50085426,ENSG00000100427
22,50088814,22,50059391,50085426,ENSG00000100427
22,50055043,22,50059391,50085426,ENSG00000100427
22,50057153,22,50059391,50085426,ENSG00000100427
22,50088312,22,50059391,50085426,ENSG00000100427
22,50058932,22,50059391,50085426,ENSG00000100427
14,24431003,14,24429286,24441843,ENSG00000100441
14,24434039,14,24429286,24441843,ENSG00000100441
14,24436530,14,24439766,24442905,ENSG00000100445
14,24437590,14,24439766,24442905,ENSG00000100445
14,24437634,14,24439766,24442905,ENSG00000100445
14,24437749,14,24439766,24442905,ENSG00000100445
14,24438374,14,24439766,24442905,ENSG00000100445
14,24442246,14,24439766,24442905,ENSG00000100445
14,24443571,14,24439766,24442905,ENSG00000100445
14,24443683,14,24439766,24442905,ENSG00000100445
14,24445120,14,24439766,24442905,ENSG00000100445
14,24445772,14,24439766,24442905,ENSG00000100445
14,24446552,14,24439766,24442905,ENSG00000100445
14,24446631,14,24439766,24442905,ENSG00000100445
14,22898976,14,22893204,22919182,ENSG00000100461
14,22899678,14,22893204,22919182,ENSG00000100461
14,22900085,14,22893204,22919182,ENSG00000100461
14,22900169,14,22893204,22919182,ENSG00000100461
14,22903704,14,22893204,22919182,ENSG00000100461
14,22904777,14,22893204,22919182,ENSG00000100461
14,22905226,14,22893204,22919182,ENSG00000100461
14,22905653,14,22893204,22919182,ENSG00000100461
14,22905936,14,22893204,22919182,ENSG00000100461
14,22906600,14,22893204,22919182,ENSG00000100461
14,22906882,14,22893204,22919182,ENSG00000100461
14,22907106,14,22893204,22919182,ENSG00000100461
14,22907469,14,22893204,22919182,ENSG00000100461
14,22910632,14,22893204,22919182,ENSG00000100461
14,22911641,14,22893204,22919182,ENSG00000100461
14,22912204,14,22893204,22919182,ENSG00000100461
14,22912488,14,22893204,22919182,ENSG00000100461
14,22912771,14,22893204,22919182,ENSG00000100461
14,22912823,14,22893204,22919182,ENSG00000100461
14,22917071,14,22893204,22919182,ENSG00000100461
14,22917473,14,22893204,22919182,ENSG00000100461
14,22917666,14,22893204,22919182,ENSG00000100461
14,22918376,14,22893204,22919182,ENSG00000100461
14,22918419,14,22893204,22919182,ENSG00000100461
14,22919117,14,22893204,22919182,ENSG00000100461
14,22919173,14,22893204,22919182,ENSG00000100461
14,22919585,14,22893204,22919182,ENSG00000100461
14,22919662,14,22893204,22919182,ENSG00000100461
14,22920095,14,22893204,22919182,ENSG00000100461
14,22921806,14,22893204,22919182,ENSG00000100461
14,22922324,14,22893204,22919182,ENSG00000100461
14,22902046,14,22893204,22919182,ENSG00000100461
14,22889713,14,22893204,22919182,ENSG00000100461
14,22890400,14,22893204,22919182,ENSG00000100461
14,22892921,14,22893204,22919182,ENSG00000100461
14,22895311,14,22893204,22919182,ENSG00000100461
14,22894328,14,22893204,22919182,ENSG00000100461
14,22906355,14,22893204,22919182,ENSG00000100461
14,96363513,14,96363452,96387288,ENSG00000100744
14,96360910,14,96363452,96387288,ENSG00000100744
14,96385734,14,96363452,96387288,ENSG00000100744
14,96389657,14,96363452,96387288,ENSG00000100744
14,96370587,14,96363452,96387288,ENSG00000100744
14,96384035,14,96363452,96387288,ENSG00000100744
14,96363661,14,96363452,96387288,ENSG00000100744
14,96376339,14,96363452,96387288,ENSG00000100744
14,23022075,14,23016543,23035230,ENSG00000100804
14,23025068,14,23016543,23035230,ENSG00000100804
14,23025839,14,23016543,23035230,ENSG00000100804
14,23028146,14,23016543,23035230,ENSG00000100804
14,23028420,14,23016543,23035230,ENSG00000100804
14,23030112,14,23016543,23035230,ENSG00000100804
14,39028179,14,39031919,39109646,ENSG00000100934
14,39046298,14,39031919,39109646,ENSG00000100934
14,39046751,14,39031919,39109646,ENSG00000100934
14,39048721,14,39031919,39109646,ENSG00000100934
14,39055554,14,39031919,39109646,ENSG00000100934
14,39056300,14,39031919,39109646,ENSG00000100934
14,39057080,14,39031919,39109646,ENSG00000100934
14,39063288,14,39031919,39109646,ENSG00000100934
14,39064261,14,39031919,39109646,ENSG00000100934
14,39066356,14,39031919,39109646,ENSG00000100934
14,39071943,14,39031919,39109646,ENSG00000100934
14,39072000,14,39031919,39109646,ENSG00000100934
14,39076552,14,39031919,39109646,ENSG00000100934
14,39076597,14,39031919,39109646,ENSG00000100934
14,39076680,14,39031919,39109646,ENSG00000100934
14,39078422,14,39031919,39109646,ENSG00000100934
14,39081967,14,39031919,39109646,ENSG00000100934
14,39083493,14,39031919,39109646,ENSG00000100934
14,39084238,14,39031919,39109646,ENSG00000100934
14,39085425,14,39031919,39109646,ENSG00000100934
14,39087388,14,39031919,39109646,ENSG00000100934
14,39031315,14,39031919,39109646,ENSG00000100934
14,39034375,14,39031919,39109646,ENSG00000100934
14,39055708,14,39031919,39109646,ENSG00000100934
14,39068214,14,39031919,39109646,ENSG00000100934
14,39076922,14,39031919,39109646,ENSG00000100934
14,39030217,14,39031919,39109646,ENSG00000100934
14,39030296,14,39031919,39109646,ENSG00000100934
14,39100453,14,39031919,39109646,ENSG00000100934
14,39103614,14,39031919,39109646,ENSG00000100934
14,39104028,14,39031919,39109646,ENSG00000100934
14,39107634,14,39031919,39109646,ENSG00000100934
14,39109023,14,39031919,39109646,ENSG00000100934
20,25298327,20,25294742,25390835,ENSG00000100997
20,25301990,20,25294742,25390835,ENSG00000100997
20,25305199,20,25294742,25390835,ENSG00000100997
20,25307996,20,25294742,25390835,ENSG00000100997
20,25311924,20,25294742,25390835,ENSG00000100997
20,25332462,20,25294742,25390835,ENSG00000100997
20,25352553,20,25294742,25390835,ENSG00000100997
20,25356569,20,25294742,25390835,ENSG00000100997
20,25378593,20,25294742,25390835,ENSG00000100997
20,25382421,20,25294742,25390835,ENSG00000100997
20,25394038,20,25294742,25390835,ENSG00000100997
20,25305423,20,25294742,25390835,ENSG00000100997
20,25374069,20,25294742,25390835,ENSG00000100997
20,25290450,20,25294742,25390835,ENSG00000100997
20,25290690,20,25294742,25390835,ENSG00000100997
20,25291687,20,25294742,25390835,ENSG00000100997
20,25291854,20,25294742,25390835,ENSG00000100997
20,25291997,20,25294742,25390835,ENSG00000100997
20,25292799,20,25294742,25390835,ENSG00000100997
20,25293293,20,25294742,25390835,ENSG00000100997
20,25293682,20,25294742,25390835,ENSG00000100997
20,25295254,20,25294742,25390835,ENSG00000100997
20,25296044,20,25294742,25390835,ENSG00000100997
20,25298577,20,25294742,25390835,ENSG00000100997
20,25298679,20,25294742,25390835,ENSG00000100997
20,25298903,20,25294742,25390835,ENSG00000100997
20,25299569,20,25294742,25390835,ENSG00000100997
20,25300145,20,25294742,25390835,ENSG00000100997
20,25300548,20,25294742,25390835,ENSG00000100997
20,25300697,20,25294742,25390835,ENSG00000100997
20,25301097,20,25294742,25390835,ENSG00000100997
20,25301198,20,25294742,25390835,ENSG00000100997
20,25301797,20,25294742,25390835,ENSG00000100997
20,25309907,20,25294742,25390835,ENSG00000100997
20,25312468,20,25294742,25390835,ENSG00000100997
20,25315151,20,25294742,25390835,ENSG00000100997
20,25316334,20,25294742,25390835,ENSG00000100997
20,25317273,20,25294742,25390835,ENSG00000100997
20,25318305,20,25294742,25390835,ENSG00000100997
20,25319477,20,25294742,25390835,ENSG00000100997
20,25320835,20,25294742,25390835,ENSG00000100997
20,25323871,20,25294742,25390835,ENSG00000100997
20,25324566,20,25294742,25390835,ENSG00000100997
20,25328157,20,25294742,25390835,ENSG00000100997
20,25336424,20,25294742,25390835,ENSG00000100997
20,25336856,20,25294742,25390835,ENSG00000100997
20,25338243,20,25294742,25390835,ENSG00000100997
20,25338576,20,25294742,25390835,ENSG00000100997
20,25345376,20,25294742,25390835,ENSG00000100997
20,25366061,20,25294742,25390835,ENSG00000100997
20,25312934,20,25294742,25390835,ENSG00000100997
20,25295707,20,25294742,25390835,ENSG00000100997
20,25307869,20,25294742,25390835,ENSG00000100997
20,25309876,20,25294742,25390835,ENSG00000100997
20,25311190,20,25294742,25390835,ENSG00000100997
20,25311212,20,25294742,25390835,ENSG00000100997
20,25312076,20,25294742,25390835,ENSG00000100997
20,25315699,20,25294742,25390835,ENSG00000100997
20,25315863,20,25294742,25390835,ENSG00000100997
20,25318352,20,25294742,25390835,ENSG00000100997
20,25319120,20,25294742,25390835,ENSG00000100997
20,25322743,20,25294742,25390835,ENSG00000100997
20,25325702,20,25294742,25390835,ENSG00000100997
20,25328345,20,25294742,25390835,ENSG00000100997
20,25346515,20,25294742,25390835,ENSG00000100997
20,25350806,20,25294742,25390835,ENSG00000100997
20,25350894,20,25294742,25390835,ENSG00000100997
20,25352270,20,25294742,25390835,ENSG00000100997
20,25353479,20,25294742,25390835,ENSG00000100997
20,25353809,20,25294742,25390835,ENSG00000100997
20,25355809,20,25294742,25390835,ENSG00000100997
20,25359028,20,25294742,25390835,ENSG00000100997
20,25360150,20,25294742,25390835,ENSG00000100997
20,25369194,20,25294742,25390835,ENSG00000100997
20,25369862,20,25294742,25390835,ENSG00000100997
20,25369982,20,25294742,25390835,ENSG00000100997
20,25374058,20,25294742,25390835,ENSG00000100997
20,25375861,20,25294742,25390835,ENSG00000100997
20,25379122,20,25294742,25390835,ENSG00000100997
20,25380190,20,25294742,25390835,ENSG00000100997
20,25380580,20,25294742,25390835,ENSG00000100997
20,25394246,20,25294742,25390835,ENSG00000100997
20,25295207,20,25294742,25390835,ENSG00000100997
20,25297642,20,25294742,25390835,ENSG00000100997
20,25297828,20,25294742,25390835,ENSG00000100997
20,25300762,20,25294742,25390835,ENSG00000100997
20,25303250,20,25294742,25390835,ENSG00000100997
20,25304871,20,25294742,25390835,ENSG00000100997
20,25305524,20,25294742,25390835,ENSG00000100997
20,25355550,20,25294742,25390835,ENSG00000100997
20,25390742,20,25294742,25390835,ENSG00000100997
20,25297625,20,25294742,25390835,ENSG00000100997
20,25311909,20,25294742,25390835,ENSG00000100997
20,25317451,20,25294742,25390835,ENSG00000100997
20,25321209,20,25294742,25390835,ENSG00000100997
20,25336720,20,25294742,25390835,ENSG00000100997
20,25339592,20,25294742,25390835,ENSG00000100997
20,25343774,20,25294742,25390835,ENSG00000100997
20,25349279,20,25294742,25390835,ENSG00000100997
20,25355051,20,25294742,25390835,ENSG00000100997
20,25360842,20,25294742,25390835,ENSG00000100997
20,25365803,20,25294742,25390835,ENSG00000100997
20,25366042,20,25294742,25390835,ENSG00000100997
20,25370435,20,25294742,25390835,ENSG00000100997
20,25384704,20,25294742,25390835,ENSG00000100997
20,25388459,20,25294742,25390835,ENSG00000100997
20,25302308,20,25294742,25390835,ENSG00000100997
20,25303302,20,25294742,25390835,ENSG00000100997
20,25330908,20,25294742,25390835,ENSG00000100997
20,25344931,20,25294742,25390835,ENSG00000100997
20,25346757,20,25294742,25390835,ENSG00000100997
20,25347650,20,25294742,25390835,ENSG00000100997
20,25348673,20,25294742,25390835,ENSG00000100997
20,25354219,20,25294742,25390835,ENSG00000100997
20,25357035,20,25294742,25390835,ENSG00000100997
20,25359193,20,25294742,25390835,ENSG00000100997
20,25360680,20,25294742,25390835,ENSG00000100997
20,25361821,20,25294742,25390835,ENSG00000100997
20,25362819,20,25294742,25390835,ENSG00000100997
20,25363362,20,25294742,25390835,ENSG00000100997
20,25363595,20,25294742,25390835,ENSG00000100997
20,25365446,20,25294742,25390835,ENSG00000100997
20,25366585,20,25294742,25390835,ENSG00000100997
20,25366927,20,25294742,25390835,ENSG00000100997
20,25368076,20,25294742,25390835,ENSG00000100997
20,25369587,20,25294742,25390835,ENSG00000100997
20,25369689,20,25294742,25390835,ENSG00000100997
20,25370041,20,25294742,25390835,ENSG00000100997
20,25370308,20,25294742,25390835,ENSG00000100997
20,25371952,20,25294742,25390835,ENSG00000100997
20,25373925,20,25294742,25390835,ENSG00000100997
20,25376240,20,25294742,25390835,ENSG00000100997
20,25381065,20,25294742,25390835,ENSG00000100997
20,25382955,20,25294742,25390835,ENSG00000100997
20,25385788,20,25294742,25390835,ENSG00000100997
20,25385989,20,25294742,25390835,ENSG00000100997
20,25386161,20,25294742,25390835,ENSG00000100997
20,25390923,20,25294742,25390835,ENSG00000100997
20,25392254,20,25294742,25390835,ENSG00000100997
20,25392255,20,25294742,25390835,ENSG00000100997
20,25393563,20,25294742,25390835,ENSG00000100997
20,25394237,20,25294742,25390835,ENSG00000100997
20,25395482,20,25294742,25390835,ENSG00000100997
20,25348192,20,25294742,25390835,ENSG00000100997
20,25385429,20,25294742,25390835,ENSG00000100997
20,25295661,20,25294742,25390835,ENSG00000100997
20,25297964,20,25294742,25390835,ENSG00000100997
20,25389282,20,25294742,25390835,ENSG00000100997
20,25326938,20,25294742,25390835,ENSG00000100997
20,25296608,20,25294742,25390835,ENSG00000100997
20,25334228,20,25294742,25390835,ENSG00000100997
20,25349123,20,25294742,25390835,ENSG00000100997
20,25373542,20,25294742,25390835,ENSG00000100997
20,25382790,20,25294742,25390835,ENSG00000100997
20,25299090,20,25294742,25390835,ENSG00000100997
20,25303707,20,25294742,25390835,ENSG00000100997
20,25294917,20,25294742,25390835,ENSG00000100997
20,35176751,20,35172072,35216240,ENSG00000101000
20,35179967,20,35172072,35216240,ENSG00000101000
20,35185572,20,35172072,35216240,ENSG00000101000
20,35195250,20,35172072,35216240,ENSG00000101000
20,35196002,20,35172072,35216240,ENSG00000101000
20,35196218,20,35172072,35216240,ENSG00000101000
20,35198874,20,35172072,35216240,ENSG00000101000
20,35204756,20,35172072,35216240,ENSG00000101000
20,35180636,20,35172072,35216240,ENSG00000101000
20,35180720,20,35172072,35216240,ENSG00000101000
20,35182123,20,35172072,35216240,ENSG00000101000
20,35187397,20,35172072,35216240,ENSG00000101000
20,35191063,20,35172072,35216240,ENSG00000101000
20,35208389,20,35172072,35216240,ENSG00000101000
20,35171469,20,35172072,35216240,ENSG00000101000
20,35185827,20,35172072,35216240,ENSG00000101000
20,35211373,20,35172072,35216240,ENSG00000101000
20,35213480,20,35172072,35216240,ENSG00000101000
20,35184440,20,35172072,35216240,ENSG00000101000
20,35186730,20,35172072,35216240,ENSG00000101000
20,35187566,20,35172072,35216240,ENSG00000101000
20,35189809,20,35172072,35216240,ENSG00000101000
20,43569082,20,43558968,43588237,ENSG00000101049
20,43569252,20,43558968,43588237,ENSG00000101049
20,43567858,20,43558968,43588237,ENSG00000101049
20,43568354,20,43558968,43588237,ENSG00000101049
20,44938146,20,44910060,44959035,ENSG00000101104
20,44931841,20,44910060,44959035,ENSG00000101104
20,44930402,20,44910060,44959035,ENSG00000101104
20,44926230,20,44910060,44959035,ENSG00000101104
20,44926231,20,44910060,44959035,ENSG00000101104
20,44927664,20,44910060,44959035,ENSG00000101104
20,44936981,20,44910060,44959035,ENSG00000101104
20,62191543,20,62183028,62203568,ENSG00000101181
20,62193129,20,62183028,62203568,ENSG00000101181
20,62194029,20,62183028,62203568,ENSG00000101181
20,62195083,20,62183028,62203568,ENSG00000101181
20,62196813,20,62183028,62203568,ENSG00000101181
20,62197232,20,62183028,62203568,ENSG00000101181
20,62198628,20,62183028,62203568,ENSG00000101181
20,62201246,20,62183028,62203568,ENSG00000101181
20,62201254,20,62183028,62203568,ENSG00000101181
20,62201388,20,62183028,62203568,ENSG00000101181
20,62202014,20,62183028,62203568,ENSG00000101181
20,62202099,20,62183028,62203568,ENSG00000101181
20,62202176,20,62183028,62203568,ENSG00000101181
20,62203152,20,62183028,62203568,ENSG00000101181
20,62203169,20,62183028,62203568,ENSG00000101181
20,62203245,20,62183028,62203568,ENSG00000101181
20,62203669,20,62183028,62203568,ENSG00000101181
20,62207015,20,62183028,62203568,ENSG00000101181
20,62207237,20,62183028,62203568,ENSG00000101181
20,62202873,20,62183028,62203568,ENSG00000101181
20,62196665,20,62183028,62203568,ENSG00000101181
20,62197098,20,62183028,62203568,ENSG00000101181
20,62197104,20,62183028,62203568,ENSG00000101181
20,62197527,20,62183028,62203568,ENSG00000101181
20,62199822,20,62183028,62203568,ENSG00000101181
20,62200283,20,62183028,62203568,ENSG00000101181
20,62202115,20,62183028,62203568,ENSG00000101181
20,62200440,20,62183028,62203568,ENSG00000101181
20,62201219,20,62183028,62203568,ENSG00000101181
20,62201296,20,62183028,62203568,ENSG00000101181
20,62204957,20,62183028,62203568,ENSG00000101181
20,62205394,20,62183028,62203568,ENSG00000101181
20,62196900,20,62183028,62203568,ENSG00000101181
20,62188500,20,62183028,62203568,ENSG00000101181
20,62883144,20,62877738,62937952,ENSG00000101191
20,62883694,20,62877738,62937952,ENSG00000101191
20,62883816,20,62877738,62937952,ENSG00000101191
20,62885421,20,62877738,62937952,ENSG00000101191
20,62888266,20,62877738,62937952,ENSG00000101191
20,62888514,20,62877738,62937952,ENSG00000101191
20,62889831,20,62877738,62937952,ENSG00000101191
20,62917850,20,62877738,62937952,ENSG00000101191
20,62918824,20,62877738,62937952,ENSG00000101191
20,62926430,20,62877738,62937952,ENSG00000101191
20,62932056,20,62877738,62937952,ENSG00000101191
20,62891787,20,62877738,62937952,ENSG00000101191
20,62876599,20,62877738,62937952,ENSG00000101191
20,62921801,20,62877738,62937952,ENSG00000101191
20,62877065,20,62877738,62937952,ENSG00000101191
20,62896954,20,62877738,62937952,ENSG00000101191
20,62899230,20,62877738,62937952,ENSG00000101191
20,62899372,20,62877738,62937952,ENSG00000101191
20,62937465,20,62877738,62937952,ENSG00000101191
20,62937698,20,62877738,62937952,ENSG00000101191
20,62873753,20,62877738,62937952,ENSG00000101191
20,62896128,20,62877738,62937952,ENSG00000101191
20,62938171,20,62877738,62937952,ENSG00000101191
20,62904216,20,62877738,62937952,ENSG00000101191
20,62906703,20,62877738,62937952,ENSG00000101191
20,62906707,20,62877738,62937952,ENSG00000101191
20,62906711,20,62877738,62937952,ENSG00000101191
20,62906719,20,62877738,62937952,ENSG00000101191
20,62906717,20,62877738,62937952,ENSG00000101191
20,62896211,20,62877738,62937952,ENSG00000101191
20,62895599,20,62877738,62937952,ENSG00000101191
20,62939856,20,62877738,62937952,ENSG00000101191
20,62891473,20,62877738,62937952,ENSG00000101191
20,62892781,20,62877738,62937952,ENSG00000101191
20,62887880,20,62877738,62937952,ENSG00000101191
20,62883187,20,62877738,62937952,ENSG00000101191
20,62882766,20,62877738,62937952,ENSG00000101191
20,62882988,20,62877738,62937952,ENSG00000101191
20,62883782,20,62877738,62937952,ENSG00000101191
20,62883997,20,62877738,62937952,ENSG00000101191
20,62887690,20,62877738,62937952,ENSG00000101191
20,62888636,20,62877738,62937952,ENSG00000101191
20,62889372,20,62877738,62937952,ENSG00000101191
20,62889442,20,62877738,62937952,ENSG00000101191
20,62890163,20,62877738,62937952,ENSG00000101191
20,62890667,20,62877738,62937952,ENSG00000101191
20,62893187,20,62877738,62937952,ENSG00000101191
20,62893458,20,62877738,62937952,ENSG00000101191
20,62882518,20,62877738,62937952,ENSG00000101191
20,62927061,20,62877738,62937952,ENSG00000101191
20,62924277,20,62877738,62937952,ENSG00000101191
20,62886595,20,62877738,62937952,ENSG00000101191
20,62896722,20,62877738,62937952,ENSG00000101191
20,62899563,20,62877738,62937952,ENSG00000101191
20,62908967,20,62877738,62937952,ENSG00000101191
20,62913362,20,62877738,62937952,ENSG00000101191
20,62923396,20,62877738,62937952,ENSG00000101191
20,62929801,20,62877738,62937952,ENSG00000101191
20,62915298,20,62877738,62937952,ENSG00000101191
20,62875723,20,62877738,62937952,ENSG00000101191
20,62891556,20,62877738,62937952,ENSG00000101191
20,62875937,20,62877738,62937952,ENSG00000101191
20,62875867,20,62877738,62937952,ENSG00000101191
20,3782702,20,3777504,3781448,ENSG00000101222
20,3778881,20,3777504,3781448,ENSG00000101222
20,3772539,20,3777504,3781448,ENSG00000101222
20,3773705,20,3777504,3781448,ENSG00000101222
20,3784114,20,3777504,3781448,ENSG00000101222
20,5164662,20,5126879,5197887,ENSG00000101290
20,5180514,20,5126879,5197887,ENSG00000101290
20,5180605,20,5126879,5197887,ENSG00000101290
20,5161117,20,5126879,5197887,ENSG00000101290
20,5162564,20,5126879,5197887,ENSG00000101290
20,5180183,20,5126879,5197887,ENSG00000101290
20,5197435,20,5126879,5197887,ENSG00000101290
20,5197884,20,5126879,5197887,ENSG00000101290
20,5193954,20,5126879,5197887,ENSG00000101290
20,5194591,20,5126879,5197887,ENSG00000101290
20,5145357,20,5126879,5197887,ENSG00000101290
20,5151375,20,5126879,5197887,ENSG00000101290
20,5152764,20,5126879,5197887,ENSG00000101290
20,5183500,20,5126879,5197887,ENSG00000101290
20,5189231,20,5126879,5197887,ENSG00000101290
20,5162916,20,5126879,5197887,ENSG00000101290
20,45843524,20,45841721,45857405,ENSG00000101473
20,45859125,20,45841721,45857405,ENSG00000101473
20,45859560,20,45841721,45857405,ENSG00000101473
20,45856484,20,45841721,45857405,ENSG00000101473
20,45862381,20,45841721,45857405,ENSG00000101473
20,45840651,20,45841721,45857405,ENSG00000101473
20,45853232,20,45841721,45857405,ENSG00000101473
20,45856680,20,45841721,45857405,ENSG00000101473
20,45858481,20,45841721,45857405,ENSG00000101473
20,45858778,20,45841721,45857405,ENSG00000101473
20,45861539,20,45841721,45857405,ENSG00000101473
20,45852080,20,45841721,45857405,ENSG00000101473
20,45839342,20,45841721,45857405,ENSG00000101473
20,45846774,20,45841721,45857405,ENSG00000101473
20,45846967,20,45841721,45857405,ENSG00000101473
20,45849475,20,45841721,45857405,ENSG00000101473
20,45842037,20,45841721,45857405,ENSG00000101473
20,45854586,20,45841721,45857405,ENSG00000101473
20,45840292,20,45841721,45857405,ENSG00000101473
20,45847934,20,45841721,45857405,ENSG00000101473
20,45851967,20,45841721,45857405,ENSG00000101473
20,45856423,20,45841721,45857405,ENSG00000101473
20,45859856,20,45841721,45857405,ENSG00000101473
20,45860835,20,45841721,45857405,ENSG00000101473
20,45839873,20,45841721,45857405,ENSG00000101473
20,45840343,20,45841721,45857405,ENSG00000101473
20,45850666,20,45841721,45857405,ENSG00000101473
20,45860427,20,45841721,45857405,ENSG00000101473
20,45837631,20,45841721,45857405,ENSG00000101473
18,196465,18,158383,214629,ENSG00000101557
18,12989152,18,12991362,13125052,ENSG00000101639
18,12991394,18,12991362,13125052,ENSG00000101639
18,12991920,18,12991362,13125052,ENSG00000101639
18,12992262,18,12991362,13125052,ENSG00000101639
18,12993196,18,12991362,13125052,ENSG00000101639
18,12993544,18,12991362,13125052,ENSG00000101639
18,12994469,18,12991362,13125052,ENSG00000101639
18,12994784,18,12991362,13125052,ENSG00000101639
18,12995186,18,12991362,13125052,ENSG00000101639
18,12997774,18,12991362,13125052,ENSG00000101639
18,12998930,18,12991362,13125052,ENSG00000101639
18,12999755,18,12991362,13125052,ENSG00000101639
18,12999965,18,12991362,13125052,ENSG00000101639
18,13000211,18,12991362,13125052,ENSG00000101639
18,13000737,18,12991362,13125052,ENSG00000101639
18,13002197,18,12991362,13125052,ENSG00000101639
18,13005474,18,12991362,13125052,ENSG00000101639
18,13007481,18,12991362,13125052,ENSG00000101639
18,13008246,18,12991362,13125052,ENSG00000101639
18,13008370,18,12991362,13125052,ENSG00000101639
18,13009906,18,12991362,13125052,ENSG00000101639
18,13011183,18,12991362,13125052,ENSG00000101639
18,13011432,18,12991362,13125052,ENSG00000101639
18,13018072,18,12991362,13125052,ENSG00000101639
18,13020882,18,12991362,13125052,ENSG00000101639
18,13021631,18,12991362,13125052,ENSG00000101639
18,13026121,18,12991362,13125052,ENSG00000101639
18,13029069,18,12991362,13125052,ENSG00000101639
18,13030384,18,12991362,13125052,ENSG00000101639
18,13033975,18,12991362,13125052,ENSG00000101639
18,13035832,18,12991362,13125052,ENSG00000101639
18,13036035,18,12991362,13125052,ENSG00000101639
18,13037019,18,12991362,13125052,ENSG00000101639
18,13047785,18,12991362,13125052,ENSG00000101639
18,13049949,18,12991362,13125052,ENSG00000101639
18,13054104,18,12991362,13125052,ENSG00000101639
18,13058319,18,12991362,13125052,ENSG00000101639
18,13058495,18,12991362,13125052,ENSG00000101639
18,13059495,18,12991362,13125052,ENSG00000101639
18,13065485,18,12991362,13125052,ENSG00000101639
18,13066124,18,12991362,13125052,ENSG00000101639
18,13068133,18,12991362,13125052,ENSG00000101639
18,13069783,18,12991362,13125052,ENSG00000101639
18,13070931,18,12991362,13125052,ENSG00000101639
18,13076941,18,12991362,13125052,ENSG00000101639
18,13077954,18,12991362,13125052,ENSG00000101639
18,13081304,18,12991362,13125052,ENSG00000101639
18,13087790,18,12991362,13125052,ENSG00000101639
18,13087816,18,12991362,13125052,ENSG00000101639
18,13088674,18,12991362,13125052,ENSG00000101639
18,13091471,18,12991362,13125052,ENSG00000101639
18,13091662,18,12991362,13125052,ENSG00000101639
18,13093775,18,12991362,13125052,ENSG00000101639
18,13093797,18,12991362,13125052,ENSG00000101639
18,13094133,18,12991362,13125052,ENSG00000101639
18,13095610,18,12991362,13125052,ENSG00000101639
18,13096437,18,12991362,13125052,ENSG00000101639
18,13098598,18,12991362,13125052,ENSG00000101639
18,13101169,18,12991362,13125052,ENSG00000101639
18,13104252,18,12991362,13125052,ENSG00000101639
18,13106338,18,12991362,13125052,ENSG00000101639
18,13109880,18,12991362,13125052,ENSG00000101639
18,13113198,18,12991362,13125052,ENSG00000101639
18,13116433,18,12991362,13125052,ENSG00000101639
18,13123646,18,12991362,13125052,ENSG00000101639
18,13123877,18,12991362,13125052,ENSG00000101639
18,13129939,18,12991362,13125052,ENSG00000101639
18,12995130,18,12991362,13125052,ENSG00000101639
18,13000976,18,12991362,13125052,ENSG00000101639
18,13001513,18,12991362,13125052,ENSG00000101639
18,13010239,18,12991362,13125052,ENSG00000101639
18,13012295,18,12991362,13125052,ENSG00000101639
18,12989723,18,12991362,13125052,ENSG00000101639
18,12994779,18,12991362,13125052,ENSG00000101639
18,13003225,18,12991362,13125052,ENSG00000101639
18,13010017,18,12991362,13125052,ENSG00000101639
18,13014882,18,12991362,13125052,ENSG00000101639
18,13019337,18,12991362,13125052,ENSG00000101639
18,13019873,18,12991362,13125052,ENSG00000101639
18,13024926,18,12991362,13125052,ENSG00000101639
18,12991522,18,12991362,13125052,ENSG00000101639
18,13020167,18,12991362,13125052,ENSG00000101639
18,13118293,18,12991362,13125052,ENSG00000101639
18,13072980,18,12991362,13125052,ENSG00000101639
18,13001524,18,12991362,13125052,ENSG00000101639
18,13001949,18,12991362,13125052,ENSG00000101639
18,13024793,18,12991362,13125052,ENSG00000101639
18,13027542,18,12991362,13125052,ENSG00000101639
18,13126352,18,12991362,13125052,ENSG00000101639
18,13076344,18,12991362,13125052,ENSG00000101639
18,13085383,18,12991362,13125052,ENSG00000101639
18,13090668,18,12991362,13125052,ENSG00000101639
18,13090983,18,12991362,13125052,ENSG00000101639
18,13097208,18,12991362,13125052,ENSG00000101639
18,13109556,18,12991362,13125052,ENSG00000101639
18,13031278,18,12991362,13125052,ENSG00000101639
18,13040085,18,12991362,13125052,ENSG00000101639
18,13120384,18,12991362,13125052,ENSG00000101639
18,13101903,18,12991362,13125052,ENSG00000101639
18,13046178,18,12991362,13125052,ENSG00000101639
18,13050390,18,12991362,13125052,ENSG00000101639
18,13052474,18,12991362,13125052,ENSG00000101639
18,13056334,18,12991362,13125052,ENSG00000101639
18,13127924,18,12991362,13125052,ENSG00000101639
18,13073642,18,12991362,13125052,ENSG00000101639
18,13085130,18,12991362,13125052,ENSG00000101639
18,13095402,18,12991362,13125052,ENSG00000101639
18,12998656,18,12991362,13125052,ENSG00000101639
18,13003192,18,12991362,13125052,ENSG00000101639
18,13003268,18,12991362,13125052,ENSG00000101639
18,13012483,18,12991362,13125052,ENSG00000101639
18,13072444,18,12991362,13125052,ENSG00000101639
18,13077966,18,12991362,13125052,ENSG00000101639
18,13079675,18,12991362,13125052,ENSG00000101639
18,13082783,18,12991362,13125052,ENSG00000101639
18,13085496,18,12991362,13125052,ENSG00000101639
18,13099250,18,12991362,13125052,ENSG00000101639
18,13104330,18,12991362,13125052,ENSG00000101639
18,13105541,18,12991362,13125052,ENSG00000101639
18,13077316,18,12991362,13125052,ENSG00000101639
18,13127443,18,12991362,13125052,ENSG00000101639
18,13129018,18,12991362,13125052,ENSG00000101639
18,13094802,18,12991362,13125052,ENSG00000101639
18,54267598,18,54269517,54321266,ENSG00000101751
18,54269477,18,54269517,54321266,ENSG00000101751
18,54271677,18,54269517,54321266,ENSG00000101751
18,54276338,18,54269517,54321266,ENSG00000101751
18,54276417,18,54269517,54321266,ENSG00000101751
18,54287596,18,54269517,54321266,ENSG00000101751
18,54288913,18,54269517,54321266,ENSG00000101751
18,54319080,18,54269517,54321266,ENSG00000101751
18,54320619,18,54269517,54321266,ENSG00000101751
18,54271156,18,54269517,54321266,ENSG00000101751
18,54285186,18,54269517,54321266,ENSG00000101751
18,54306969,18,54269517,54321266,ENSG00000101751
18,54291217,18,54269517,54321266,ENSG00000101751
18,54275361,18,54269517,54321266,ENSG00000101751
18,54303259,18,54269517,54321266,ENSG00000101751
18,54299403,18,54269517,54321266,ENSG00000101751
18,54272973,18,54269517,54321266,ENSG00000101751
18,54325246,18,54269517,54321266,ENSG00000101751
18,54303924,18,54269517,54321266,ENSG00000101751
18,54316312,18,54269517,54321266,ENSG00000101751
18,54323249,18,54269517,54321266,ENSG00000101751
X,72189372,X,72181353,72302926,ENSG00000102309
X,72184708,X,72181353,72302926,ENSG00000102309
X,72188088,X,72181353,72302926,ENSG00000102309
X,72188406,X,72181353,72302926,ENSG00000102309
X,72188512,X,72181353,72302926,ENSG00000102309
X,72179516,X,72181353,72302926,ENSG00000102309
X,72191345,X,72181353,72302926,ENSG00000102309
X,72239479,X,72181353,72302926,ENSG00000102309
X,72241211,X,72181353,72302926,ENSG00000102309
X,72193641,X,72181353,72302926,ENSG00000102309
X,72195009,X,72181353,72302926,ENSG00000102309
X,72198819,X,72181353,72302926,ENSG00000102309
X,72199166,X,72181353,72302926,ENSG00000102309
X,72200602,X,72181353,72302926,ENSG00000102309
X,72221574,X,72181353,72302926,ENSG00000102309
X,72224484,X,72181353,72302926,ENSG00000102309
X,72224686,X,72181353,72302926,ENSG00000102309
X,72232984,X,72181353,72302926,ENSG00000102309
X,72235453,X,72181353,72302926,ENSG00000102309
X,72236082,X,72181353,72302926,ENSG00000102309
X,72240705,X,72181353,72302926,ENSG00000102309
X,72177887,X,72181353,72302926,ENSG00000102309
X,72221413,X,72181353,72302926,ENSG00000102309
X,72225802,X,72181353,72302926,ENSG00000102309
X,72229868,X,72181353,72302926,ENSG00000102309
X,72231854,X,72181353,72302926,ENSG00000102309
X,72234879,X,72181353,72302926,ENSG00000102309
X,72245161,X,72181353,72302926,ENSG00000102309
X,72232087,X,72181353,72302926,ENSG00000102309
X,72191809,X,72181353,72302926,ENSG00000102309
X,72177938,X,72181353,72302926,ENSG00000102309
X,72239437,X,72181353,72302926,ENSG00000102309
X,72241673,X,72181353,72302926,ENSG00000102309
X,72258954,X,72181353,72302926,ENSG00000102309
X,72194552,X,72181353,72302926,ENSG00000102309
X,72191357,X,72181353,72302926,ENSG00000102309
X,72191384,X,72181353,72302926,ENSG00000102309
X,72191551,X,72181353,72302926,ENSG00000102309
X,72199805,X,72181353,72302926,ENSG00000102309
X,72203709,X,72181353,72302926,ENSG00000102309
X,72204868,X,72181353,72302926,ENSG00000102309
X,72239232,X,72181353,72302926,ENSG00000102309
X,72222388,X,72181353,72302926,ENSG00000102309
X,72232626,X,72181353,72302926,ENSG00000102309
X,72254468,X,72181353,72302926,ENSG00000102309
X,72258648,X,72181353,72302926,ENSG00000102309
X,72179488,X,72181353,72302926,ENSG00000102309
X,72220150,X,72181353,72302926,ENSG00000102309
X,72201576,X,72181353,72302926,ENSG00000102309
X,72195985,X,72181353,72302926,ENSG00000102309
X,72220626,X,72181353,72302926,ENSG00000102309
X,72190808,X,72181353,72302926,ENSG00000102309
X,72177051,X,72181353,72302926,ENSG00000102309
X,72263855,X,72181353,72302926,ENSG00000102309
X,72267830,X,72181353,72302926,ENSG00000102309
16,4686315,16,4616493,4690974,ENSG00000102858
16,4686833,16,4616493,4690974,ENSG00000102858
16,4687382,16,4616493,4690974,ENSG00000102858
16,4690476,16,4616493,4690974,ENSG00000102858
16,4690601,16,4616493,4690974,ENSG00000102858
16,4690440,16,4616493,4690974,ENSG00000102858
16,4685527,16,4616493,4690974,ENSG00000102858
16,4685630,16,4616493,4690974,ENSG00000102858
16,4670992,16,4616493,4690974,ENSG00000102858
16,4687980,16,4616493,4690974,ENSG00000102858
16,4671024,16,4616493,4690974,ENSG00000102858
16,4658958,16,4616493,4690974,ENSG00000102858
16,4686079,16,4616493,4690974,ENSG00000102858
16,4689513,16,4616493,4690974,ENSG00000102858
16,4684512,16,4616493,4690974,ENSG00000102858
16,4676007,16,4616493,4690974,ENSG00000102858
16,4674353,16,4616493,4690974,ENSG00000102858
16,4659130,16,4616493,4690974,ENSG00000102858
16,4692978,16,4616493,4690974,ENSG00000102858
16,4664638,16,4616493,4690974,ENSG00000102858
16,4674165,16,4616493,4690974,ENSG00000102858
16,4690443,16,4616493,4690974,ENSG00000102858
16,4669980,16,4616493,4690974,ENSG00000102858
16,4670389,16,4616493,4690974,ENSG00000102858
16,4671467,16,4616493,4690974,ENSG00000102858
16,4664364,16,4616493,4690974,ENSG00000102858
16,4681154,16,4616493,4690974,ENSG00000102858
16,4661736,16,4616493,4690974,ENSG00000102858
16,4669972,16,4616493,4690974,ENSG00000102858
16,4683541,16,4616493,4690974,ENSG00000102858
16,4688250,16,4616493,4690974,ENSG00000102858
16,4673450,16,4616493,4690974,ENSG00000102858
16,4672200,16,4616493,4690974,ENSG00000102858
16,4658522,16,4616493,4690974,ENSG00000102858
16,4666102,16,4616493,4690974,ENSG00000102858
16,4661790,16,4616493,4690974,ENSG00000102858
16,4662400,16,4616493,4690974,ENSG00000102858
16,4665011,16,4616493,4690974,ENSG00000102858
16,4666061,16,4616493,4690974,ENSG00000102858
16,4666253,16,4616493,4690974,ENSG00000102858
16,4662147,16,4616493,4690974,ENSG00000102858
16,4660778,16,4616493,4690974,ENSG00000102858
16,4675449,16,4616493,4690974,ENSG00000102858
16,4676450,16,4616493,4690974,ENSG00000102858
16,4661392,16,4616493,4690974,ENSG00000102858
16,4675862,16,4616493,4690974,ENSG00000102858
16,4678287,16,4616493,4690974,ENSG00000102858
16,4691635,16,4616493,4690974,ENSG00000102858
16,4669348,16,4616493,4690974,ENSG00000102858
16,4668387,16,4616493,4690974,ENSG00000102858
16,4659635,16,4616493,4690974,ENSG00000102858
16,4611859,16,4616493,4690974,ENSG00000102858
16,48356601,16,48244300,48363122,ENSG00000102910
16,58017884,16,57999546,58021618,ENSG00000103005
16,81008876,16,80966448,81020270,ENSG00000103121
16,81009369,16,80966448,81020270,ENSG00000103121
16,81011623,16,80966448,81020270,ENSG00000103121
16,81012730,16,80966448,81020270,ENSG00000103121
16,81013573,16,80966448,81020270,ENSG00000103121
16,81013589,16,80966448,81020270,ENSG00000103121
16,81013814,16,80966448,81020270,ENSG00000103121
16,81009957,16,80966448,81020270,ENSG00000103121
16,81010139,16,80966448,81020270,ENSG00000103121
16,81010671,16,80966448,81020270,ENSG00000103121
16,81011657,16,80966448,81020270,ENSG00000103121
16,81017598,16,80966448,81020270,ENSG00000103121
16,81016078,16,80966448,81020270,ENSG00000103121
16,81016613,16,80966448,81020270,ENSG00000103121
16,81008937,16,80966448,81020270,ENSG00000103121
16,81017212,16,80966448,81020270,ENSG00000103121
16,81017496,16,80966448,81020270,ENSG00000103121
16,81020890,16,80966448,81020270,ENSG00000103121
16,81008423,16,80966448,81020270,ENSG00000103121
16,81008954,16,80966448,81020270,ENSG00000103121
16,81009600,16,80966448,81020270,ENSG00000103121
16,81010060,16,80966448,81020270,ENSG00000103121
16,81012496,16,80966448,81020270,ENSG00000103121
16,81014959,16,80966448,81020270,ENSG00000103121
16,81022273,16,80966448,81020270,ENSG00000103121
16,80971836,16,80966448,81020270,ENSG00000103121
16,81007652,16,80966448,81020270,ENSG00000103121
16,81016567,16,80966448,81020270,ENSG00000103121
16,81022506,16,80966448,81020270,ENSG00000103121
16,81019240,16,80966448,81020270,ENSG00000103121
16,81024565,16,80966448,81020270,ENSG00000103121
16,80991767,16,80966448,81020270,ENSG00000103121
16,80992850,16,80966448,81020270,ENSG00000103121
16,80985378,16,80966448,81020270,ENSG00000103121
16,81005487,16,80966448,81020270,ENSG00000103121
16,80984310,16,80966448,81020270,ENSG00000103121
16,80975593,16,80966448,81020270,ENSG00000103121
16,80975671,16,80966448,81020270,ENSG00000103121
16,80976176,16,80966448,81020270,ENSG00000103121
16,81005493,16,80966448,81020270,ENSG00000103121
16,81005519,16,80966448,81020270,ENSG00000103121
16,81005590,16,80966448,81020270,ENSG00000103121
16,81006237,16,80966448,81020270,ENSG00000103121
16,80972210,16,80966448,81020270,ENSG00000103121
16,80972245,16,80966448,81020270,ENSG00000103121
16,81023230,16,80966448,81020270,ENSG00000103121
16,80987867,16,80966448,81020270,ENSG00000103121
16,80988205,16,80966448,81020270,ENSG00000103121
16,80988211,16,80966448,81020270,ENSG00000103121
16,80988289,16,80966448,81020270,ENSG00000103121
16,80988598,16,80966448,81020270,ENSG00000103121
16,80988627,16,80966448,81020270,ENSG00000103121
16,80989005,16,80966448,81020270,ENSG00000103121
16,80989067,16,80966448,81020270,ENSG00000103121
16,80989476,16,80966448,81020270,ENSG00000103121
16,80989510,16,80966448,81020270,ENSG00000103121
16,80989605,16,80966448,81020270,ENSG00000103121
16,80989630,16,80966448,81020270,ENSG00000103121
16,80989699,16,80966448,81020270,ENSG00000103121
16,80989817,16,80966448,81020270,ENSG00000103121
16,80989967,16,80966448,81020270,ENSG00000103121
16,80990054,16,80966448,81020270,ENSG00000103121
16,80990102,16,80966448,81020270,ENSG00000103121
16,80990140,16,80966448,81020270,ENSG00000103121
16,80990256,16,80966448,81020270,ENSG00000103121
16,80990520,16,80966448,81020270,ENSG00000103121
16,80990522,16,80966448,81020270,ENSG00000103121
16,80990617,16,80966448,81020270,ENSG00000103121
16,80990668,16,80966448,81020270,ENSG00000103121
16,80990693,16,80966448,81020270,ENSG00000103121
16,80991216,16,80966448,81020270,ENSG00000103121
16,80991670,16,80966448,81020270,ENSG00000103121
16,80991885,16,80966448,81020270,ENSG00000103121
16,80991901,16,80966448,81020270,ENSG00000103121
16,80992410,16,80966448,81020270,ENSG00000103121
16,80993034,16,80966448,81020270,ENSG00000103121
16,80993247,16,80966448,81020270,ENSG00000103121
16,80993322,16,80966448,81020270,ENSG00000103121
16,80993353,16,80966448,81020270,ENSG00000103121
16,80993389,16,80966448,81020270,ENSG00000103121
16,80993398,16,80966448,81020270,ENSG00000103121
16,80993697,16,80966448,81020270,ENSG00000103121
16,80994358,16,80966448,81020270,ENSG00000103121
16,80994835,16,80966448,81020270,ENSG00000103121
16,80994842,16,80966448,81020270,ENSG00000103121
16,80994906,16,80966448,81020270,ENSG00000103121
16,80995018,16,80966448,81020270,ENSG00000103121
16,80995194,16,80966448,81020270,ENSG00000103121
16,80995398,16,80966448,81020270,ENSG00000103121
16,80995762,16,80966448,81020270,ENSG00000103121
16,80995779,16,80966448,81020270,ENSG00000103121
16,80995944,16,80966448,81020270,ENSG00000103121
16,80996049,16,80966448,81020270,ENSG00000103121
16,80996163,16,80966448,81020270,ENSG00000103121
16,80996284,16,80966448,81020270,ENSG00000103121
16,80978406,16,80966448,81020270,ENSG00000103121
16,81005161,16,80966448,81020270,ENSG00000103121
16,80994699,16,80966448,81020270,ENSG00000103121
16,81000268,16,80966448,81020270,ENSG00000103121
16,80998460,16,80966448,81020270,ENSG00000103121
16,80998045,16,80966448,81020270,ENSG00000103121
16,80998394,16,80966448,81020270,ENSG00000103121
16,80998712,16,80966448,81020270,ENSG00000103121
16,80998727,16,80966448,81020270,ENSG00000103121
16,80998948,16,80966448,81020270,ENSG00000103121
16,80999042,16,80966448,81020270,ENSG00000103121
16,80999994,16,80966448,81020270,ENSG00000103121
16,81000103,16,80966448,81020270,ENSG00000103121
16,81000162,16,80966448,81020270,ENSG00000103121
16,81000368,16,80966448,81020270,ENSG00000103121
16,81000718,16,80966448,81020270,ENSG00000103121
16,81000773,16,80966448,81020270,ENSG00000103121
16,81000821,16,80966448,81020270,ENSG00000103121
16,81001472,16,80966448,81020270,ENSG00000103121
16,81001575,16,80966448,81020270,ENSG00000103121
16,81001824,16,80966448,81020270,ENSG00000103121
16,81001838,16,80966448,81020270,ENSG00000103121
16,81002032,16,80966448,81020270,ENSG00000103121
16,81002415,16,80966448,81020270,ENSG00000103121
16,81002719,16,80966448,81020270,ENSG00000103121
16,81002988,16,80966448,81020270,ENSG00000103121
16,81002994,16,80966448,81020270,ENSG00000103121
16,81003066,16,80966448,81020270,ENSG00000103121
16,81003202,16,80966448,81020270,ENSG00000103121
16,81003263,16,80966448,81020270,ENSG00000103121
16,81003266,16,80966448,81020270,ENSG00000103121
16,81003306,16,80966448,81020270,ENSG00000103121
16,81003786,16,80966448,81020270,ENSG00000103121
16,81004077,16,80966448,81020270,ENSG00000103121
16,81004116,16,80966448,81020270,ENSG00000103121
16,81004226,16,80966448,81020270,ENSG00000103121
16,81004414,16,80966448,81020270,ENSG00000103121
16,81004501,16,80966448,81020270,ENSG00000103121
16,81004673,16,80966448,81020270,ENSG00000103121
16,80999504,16,80966448,81020270,ENSG00000103121
16,80974464,16,80966448,81020270,ENSG00000103121
16,80971999,16,80966448,81020270,ENSG00000103121
16,80971795,16,80966448,81020270,ENSG00000103121
16,80971903,16,80966448,81020270,ENSG00000103121
16,80971909,16,80966448,81020270,ENSG00000103121
16,80984673,16,80966448,81020270,ENSG00000103121
16,84175285,16,84177847,84187070,ENSG00000103168
16,84175061,16,84177847,84187070,ENSG00000103168
16,84180359,16,84177847,84187070,ENSG00000103168
16,84174426,16,84177847,84187070,ENSG00000103168
16,84175532,16,84177847,84187070,ENSG00000103168
16,84174538,16,84177847,84187070,ENSG00000103168
16,84178965,16,84177847,84187070,ENSG00000103168
16,84174729,16,84177847,84187070,ENSG00000103168
16,84174836,16,84177847,84187070,ENSG00000103168
16,84174889,16,84177847,84187070,ENSG00000103168
16,84175892,16,84177847,84187070,ENSG00000103168
16,84176132,16,84177847,84187070,ENSG00000103168
16,84181527,16,84177847,84187070,ENSG00000103168
16,84182086,16,84177847,84187070,ENSG00000103168
16,84173455,16,84177847,84187070,ENSG00000103168
16,84173491,16,84177847,84187070,ENSG00000103168
16,84173875,16,84177847,84187070,ENSG00000103168
16,84175443,16,84177847,84187070,ENSG00000103168
16,84175748,16,84177847,84187070,ENSG00000103168
16,84180142,16,84177847,84187070,ENSG00000103168
16,84179935,16,84177847,84187070,ENSG00000103168
16,84180896,16,84177847,84187070,ENSG00000103168
16,84176210,16,84177847,84187070,ENSG00000103168
16,84176258,16,84177847,84187070,ENSG00000103168
16,84177330,16,84177847,84187070,ENSG00000103168
16,84179508,16,84177847,84187070,ENSG00000103168
16,84178363,16,84177847,84187070,ENSG00000103168
16,84177143,16,84177847,84187070,ENSG00000103168
16,84181231,16,84177847,84187070,ENSG00000103168
16,84181708,16,84177847,84187070,ENSG00000103168
16,84176566,16,84177847,84187070,ENSG00000103168
16,84173237,16,84177847,84187070,ENSG00000103168
16,84174840,16,84177847,84187070,ENSG00000103168
16,84177877,16,84177847,84187070,ENSG00000103168
16,84181784,16,84177847,84187070,ENSG00000103168
16,84176028,16,84177847,84187070,ENSG00000103168
16,84187217,16,84177847,84187070,ENSG00000103168
16,84188023,16,84177847,84187070,ENSG00000103168
16,84186042,16,84177847,84187070,ENSG00000103168
16,84186243,16,84177847,84187070,ENSG00000103168
16,84179828,16,84177847,84187070,ENSG00000103168
16,16267360,16,16232506,16300806,ENSG00000103226
16,16232314,16,16232506,16300806,ENSG00000103226
16,16259309,16,16232506,16300806,ENSG00000103226
16,16258821,16,16232506,16300806,ENSG00000103226
16,16262809,16,16232506,16300806,ENSG00000103226
16,16263363,16,16232506,16300806,ENSG00000103226
16,16266914,16,16232506,16300806,ENSG00000103226
16,16267418,16,16232506,16300806,ENSG00000103226
16,16269869,16,16232506,16300806,ENSG00000103226
16,16245253,16,16232506,16300806,ENSG00000103226
16,86531880,16,86530178,86555235,ENSG00000103248
16,86547760,16,86530178,86555235,ENSG00000103248
16,86543651,16,86530178,86555235,ENSG00000103248
16,86534795,16,86530178,86555235,ENSG00000103248
16,86535095,16,86530178,86555235,ENSG00000103248
16,86539042,16,86530178,86555235,ENSG00000103248
16,86529523,16,86530178,86555235,ENSG00000103248
16,86525784,16,86530178,86555235,ENSG00000103248
16,86554251,16,86530178,86555235,ENSG00000103248
16,721286,16,720581,722590,ENSG00000103254
16,722061,16,720581,722590,ENSG00000103254
16,721108,16,720581,722590,ENSG00000103254
16,723341,16,720581,722590,ENSG00000103254
16,720983,16,720581,722590,ENSG00000103254
16,723313,16,720581,722590,ENSG00000103254
16,723291,16,720581,722590,ENSG00000103254
16,722842,16,720581,722590,ENSG00000103254
16,721750,16,720581,722590,ENSG00000103254
16,722141,16,720581,722590,ENSG00000103254
16,727121,16,720581,722590,ENSG00000103254
16,727129,16,720581,722590,ENSG00000103254
16,724520,16,720581,722590,ENSG00000103254
16,724692,16,720581,722590,ENSG00000103254
16,3500147,16,3500976,3539048,ENSG00000103351
16,3515123,16,3500976,3539048,ENSG00000103351
16,3516102,16,3500976,3539048,ENSG00000103351
16,3522694,16,3500976,3539048,ENSG00000103351
16,3533173,16,3500976,3539048,ENSG00000103351
16,3516362,16,3500976,3539048,ENSG00000103351
16,3531054,16,3500976,3539048,ENSG00000103351
16,3522268,16,3500976,3539048,ENSG00000103351
16,3525270,16,3500976,3539048,ENSG00000103351
16,3498192,16,3500976,3539048,ENSG00000103351
16,3496503,16,3500976,3539048,ENSG00000103351
16,3510901,16,3500976,3539048,ENSG00000103351
16,3496405,16,3500976,3539048,ENSG00000103351
16,3525711,16,3500976,3539048,ENSG00000103351
16,3523921,16,3500976,3539048,ENSG00000103351
16,3540600,16,3500976,3539048,ENSG00000103351
16,2771987,16,2771414,2777289,ENSG00000103363
16,2772173,16,2771414,2777289,ENSG00000103363
16,2774929,16,2771414,2777289,ENSG00000103363
16,2770445,16,2771414,2777289,ENSG00000103363
16,2769347,16,2771414,2777289,ENSG00000103363
16,19710409,16,19701937,19718235,ENSG00000103550
16,19697783,16,19701937,19718235,ENSG00000103550
16,19698692,16,19701937,19718235,ENSG00000103550
16,19699380,16,19701937,19718235,ENSG00000103550
16,19700147,16,19701937,19718235,ENSG00000103550
16,19702560,16,19701937,19718235,ENSG00000103550
16,19703046,16,19701937,19718235,ENSG00000103550
16,19710680,16,19701937,19718235,ENSG00000103550
16,19710987,16,19701937,19718235,ENSG00000103550
16,19712991,16,19701937,19718235,ENSG00000103550
16,19716546,16,19701937,19718235,ENSG00000103550
16,19717133,16,19701937,19718235,ENSG00000103550
16,19717400,16,19701937,19718235,ENSG00000103550
16,19721950,16,19701937,19718235,ENSG00000103550
16,19722264,16,19701937,19718235,ENSG00000103550
16,19700117,16,19701937,19718235,ENSG00000103550
16,19701852,16,19701937,19718235,ENSG00000103550
16,19703581,16,19701937,19718235,ENSG00000103550
16,19716676,16,19701937,19718235,ENSG00000103550
16,19715459,16,19701937,19718235,ENSG00000103550
8,656200,8,614746,738106,ENSG00000104714
8,649773,8,614746,738106,ENSG00000104714
8,653117,8,614746,738106,ENSG00000104714
8,655791,8,614746,738106,ENSG00000104714
8,642457,8,614746,738106,ENSG00000104714
8,643041,8,614746,738106,ENSG00000104714
8,638892,8,614746,738106,ENSG00000104714
8,679637,8,614746,738106,ENSG00000104714
8,637498,8,614746,738106,ENSG00000104714
8,641462,8,614746,738106,ENSG00000104714
8,634598,8,614746,738106,ENSG00000104714
8,634601,8,614746,738106,ENSG00000104714
8,634642,8,614746,738106,ENSG00000104714
8,643902,8,614746,738106,ENSG00000104714
8,641461,8,614746,738106,ENSG00000104714
8,642019,8,614746,738106,ENSG00000104714
8,642876,8,614746,738106,ENSG00000104714
8,638796,8,614746,738106,ENSG00000104714
8,651043,8,614746,738106,ENSG00000104714
8,671658,8,614746,738106,ENSG00000104714
8,638881,8,614746,738106,ENSG00000104714
8,657161,8,614746,738106,ENSG00000104714
8,655139,8,614746,738106,ENSG00000104714
8,651226,8,614746,738106,ENSG00000104714
8,638613,8,614746,738106,ENSG00000104714
8,639312,8,614746,738106,ENSG00000104714
8,640816,8,614746,738106,ENSG00000104714
8,640861,8,614746,738106,ENSG00000104714
8,641149,8,614746,738106,ENSG00000104714
8,641476,8,614746,738106,ENSG00000104714
8,643434,8,614746,738106,ENSG00000104714
8,643977,8,614746,738106,ENSG00000104714
8,672078,8,614746,738106,ENSG00000104714
8,637826,8,614746,738106,ENSG00000104714
8,685438,8,614746,738106,ENSG00000104714
8,651659,8,614746,738106,ENSG00000104714
8,658018,8,614746,738106,ENSG00000104714
8,658386,8,614746,738106,ENSG00000104714
8,638332,8,614746,738106,ENSG00000104714
8,673593,8,614746,738106,ENSG00000104714
8,662758,8,614746,738106,ENSG00000104714
8,662890,8,614746,738106,ENSG00000104714
8,664843,8,614746,738106,ENSG00000104714
8,650496,8,614746,738106,ENSG00000104714
8,641653,8,614746,738106,ENSG00000104714
8,685274,8,614746,738106,ENSG00000104714
8,685275,8,614746,738106,ENSG00000104714
8,637474,8,614746,738106,ENSG00000104714
8,652036,8,614746,738106,ENSG00000104714
8,709369,8,614746,738106,ENSG00000104714
8,709378,8,614746,738106,ENSG00000104714
8,709533,8,614746,738106,ENSG00000104714
8,710119,8,614746,738106,ENSG00000104714
8,685243,8,614746,738106,ENSG00000104714
8,657566,8,614746,738106,ENSG00000104714
8,642405,8,614746,738106,ENSG00000104714
8,672880,8,614746,738106,ENSG00000104714
8,656452,8,614746,738106,ENSG00000104714
8,656117,8,614746,738106,ENSG00000104714
8,654262,8,614746,738106,ENSG00000104714
8,615232,8,614746,738106,ENSG00000104714
8,709608,8,614746,738106,ENSG00000104714
8,654542,8,614746,738106,ENSG00000104714
8,652374,8,614746,738106,ENSG00000104714
8,686945,8,614746,738106,ENSG00000104714
8,707979,8,614746,738106,ENSG00000104714
8,658661,8,614746,738106,ENSG00000104714
8,684461,8,614746,738106,ENSG00000104714
8,632577,8,614746,738106,ENSG00000104714
16,87721549,16,87696485,87765992,ENSG00000104731
16,87736863,16,87696485,87765992,ENSG00000104731
16,87730661,16,87696485,87765992,ENSG00000104731
16,87719537,16,87696485,87765992,ENSG00000104731
16,87718775,16,87696485,87765992,ENSG00000104731
16,87716028,16,87696485,87765992,ENSG00000104731
16,87722441,16,87696485,87765992,ENSG00000104731
16,87723252,16,87696485,87765992,ENSG00000104731
16,87757369,16,87696485,87765992,ENSG00000104731
16,87743983,16,87696485,87765992,ENSG00000104731
8,18069675,8,18055992,18084998,ENSG00000104763
8,18069771,8,18055992,18084998,ENSG00000104763
8,18069785,8,18055992,18084998,ENSG00000104763
8,18073608,8,18055992,18084998,ENSG00000104763
8,18069497,8,18055992,18084998,ENSG00000104763
8,18069573,8,18055992,18084998,ENSG00000104763
8,18069739,8,18055992,18084998,ENSG00000104763
8,18069818,8,18055992,18084998,ENSG00000104763
8,18070007,8,18055992,18084998,ENSG00000104763
8,18070125,8,18055992,18084998,ENSG00000104763
8,18070500,8,18055992,18084998,ENSG00000104763
8,18070514,8,18055992,18084998,ENSG00000104763
8,18070543,8,18055992,18084998,ENSG00000104763
8,18070562,8,18055992,18084998,ENSG00000104763
8,18071302,8,18055992,18084998,ENSG00000104763
8,18071411,8,18055992,18084998,ENSG00000104763
8,18071490,8,18055992,18084998,ENSG00000104763
8,18071895,8,18055992,18084998,ENSG00000104763
8,18054396,8,18055992,18084998,ENSG00000104763
8,18069281,8,18055992,18084998,ENSG00000104763
8,18070189,8,18055992,18084998,ENSG00000104763
8,18069552,8,18055992,18084998,ENSG00000104763
8,18072189,8,18055992,18084998,ENSG00000104763
8,18072393,8,18055992,18084998,ENSG00000104763
8,18072505,8,18055992,18084998,ENSG00000104763
8,18072653,8,18055992,18084998,ENSG00000104763
8,18072845,8,18055992,18084998,ENSG00000104763
8,18072926,8,18055992,18084998,ENSG00000104763
8,18073096,8,18055992,18084998,ENSG00000104763
8,18073218,8,18055992,18084998,ENSG00000104763
8,18073225,8,18055992,18084998,ENSG00000104763
8,18073263,8,18055992,18084998,ENSG00000104763
8,18073490,8,18055992,18084998,ENSG00000104763
8,18073582,8,18055992,18084998,ENSG00000104763
8,18065830,8,18055992,18084998,ENSG00000104763
8,18072520,8,18055992,18084998,ENSG00000104763
8,18067642,8,18055992,18084998,ENSG00000104763
8,18068009,8,18055992,18084998,ENSG00000104763
8,18068477,8,18055992,18084998,ENSG00000104763
8,18068651,8,18055992,18084998,ENSG00000104763
8,18071605,8,18055992,18084998,ENSG00000104763
8,18072013,8,18055992,18084998,ENSG00000104763
8,18068572,8,18055992,18084998,ENSG00000104763
8,18065376,8,18055992,18084998,ENSG00000104763
8,18054223,8,18055992,18084998,ENSG00000104763
8,18062568,8,18055992,18084998,ENSG00000104763
8,18071202,8,18055992,18084998,ENSG00000104763
8,18079134,8,18055992,18084998,ENSG00000104763
8,18079198,8,18055992,18084998,ENSG00000104763
8,18079468,8,18055992,18084998,ENSG00000104763
8,18079589,8,18055992,18084998,ENSG00000104763
8,18079658,8,18055992,18084998,ENSG00000104763
8,18068848,8,18055992,18084998,ENSG00000104763
8,18079449,8,18055992,18084998,ENSG00000104763
8,18054866,8,18055992,18084998,ENSG00000104763
8,18077520,8,18055992,18084998,ENSG00000104763
8,18077595,8,18055992,18084998,ENSG00000104763
8,18077983,8,18055992,18084998,ENSG00000104763
8,18078133,8,18055992,18084998,ENSG00000104763
8,18078520,8,18055992,18084998,ENSG00000104763
8,18054112,8,18055992,18084998,ENSG00000104763
8,18051983,8,18055992,18084998,ENSG00000104763
8,18053537,8,18055992,18084998,ENSG00000104763
8,18054313,8,18055992,18084998,ENSG00000104763
8,18054448,8,18055992,18084998,ENSG00000104763
8,18078158,8,18055992,18084998,ENSG00000104763
8,18078168,8,18055992,18084998,ENSG00000104763
8,18053031,8,18055992,18084998,ENSG00000104763
8,18052483,8,18055992,18084998,ENSG00000104763
8,18080085,8,18055992,18084998,ENSG00000104763
8,18080021,8,18055992,18084998,ENSG00000104763
8,18080509,8,18055992,18084998,ENSG00000104763
8,18063721,8,18055992,18084998,ENSG00000104763
8,18064157,8,18055992,18084998,ENSG00000104763
8,18064164,8,18055992,18084998,ENSG00000104763
8,18065990,8,18055992,18084998,ENSG00000104763
8,18080233,8,18055992,18084998,ENSG00000104763
8,18079723,8,18055992,18084998,ENSG00000104763
8,18079804,8,18055992,18084998,ENSG00000104763
8,18079855,8,18055992,18084998,ENSG00000104763
19,49443236,19,49446298,49453497,ENSG00000104872
19,49447041,19,49446298,49453497,ENSG00000104872
19,49447099,19,49446298,49453497,ENSG00000104872
19,49448375,19,49446298,49453497,ENSG00000104872
19,49452358,19,49446298,49453497,ENSG00000104872
19,49455289,19,49446298,49453497,ENSG00000104872
19,49455393,19,49446298,49453497,ENSG00000104872
19,49457222,19,49446298,49453497,ENSG00000104872
19,49449934,19,49446298,49453497,ENSG00000104872
19,49449937,19,49446298,49453497,ENSG00000104872
19,49451099,19,49446298,49453497,ENSG00000104872
19,49451546,19,49446298,49453497,ENSG00000104872
19,49451550,19,49446298,49453497,ENSG00000104872
19,49451759,19,49446298,49453497,ENSG00000104872
19,49451965,19,49446298,49453497,ENSG00000104872
19,49453753,19,49446298,49453497,ENSG00000104872
19,49454243,19,49446298,49453497,ENSG00000104872
19,49455154,19,49446298,49453497,ENSG00000104872
19,49455318,19,49446298,49453497,ENSG00000104872
19,49442593,19,49446298,49453497,ENSG00000104872
19,49443614,19,49446298,49453497,ENSG00000104872
19,49443745,19,49446298,49453497,ENSG00000104872
19,49444738,19,49446298,49453497,ENSG00000104872
19,49445103,19,49446298,49453497,ENSG00000104872
19,49445355,19,49446298,49453497,ENSG00000104872
19,49445822,19,49446298,49453497,ENSG00000104872
19,49445839,19,49446298,49453497,ENSG00000104872
19,49445878,19,49446298,49453497,ENSG00000104872
19,49445926,19,49446298,49453497,ENSG00000104872
19,49446143,19,49446298,49453497,ENSG00000104872
19,49446147,19,49446298,49453497,ENSG00000104872
19,49453017,19,49446298,49453497,ENSG00000104872
19,49444956,19,49446298,49453497,ENSG00000104872
19,49446332,19,49446298,49453497,ENSG00000104872
19,49441627,19,49446298,49453497,ENSG00000104872
19,49453433,19,49446298,49453497,ENSG00000104872
19,49451898,19,49446298,49453497,ENSG00000104872
19,49453203,19,49446298,49453497,ENSG00000104872
19,49456107,19,49446298,49453497,ENSG00000104872
19,49452696,19,49446298,49453497,ENSG00000104872
19,49455384,19,49446298,49453497,ENSG00000104872
19,13109889,19,13104902,13117567,ENSG00000104907
19,45765644,19,45769709,45782552,ENSG00000104936
19,45765818,19,45769709,45782552,ENSG00000104936
19,45767919,19,45769709,45782552,ENSG00000104936
19,45770913,19,45769709,45782552,ENSG00000104936
19,45771714,19,45769709,45782552,ENSG00000104936
19,45772798,19,45769709,45782552,ENSG00000104936
19,45774030,19,45769709,45782552,ENSG00000104936
19,45778487,19,45769709,45782552,ENSG00000104936
19,45779632,19,45769709,45782552,ENSG00000104936
19,45781076,19,45769709,45782552,ENSG00000104936
19,45781262,19,45769709,45782552,ENSG00000104936
19,45783942,19,45769709,45782552,ENSG00000104936
19,45786245,19,45769709,45782552,ENSG00000104936
19,57489728,19,57487711,57496098,ENSG00000105136
19,57491076,19,57487711,57496098,ENSG00000105136
19,57491297,19,57487711,57496098,ENSG00000105136
19,57491451,19,57487711,57496098,ENSG00000105136
19,57492245,19,57487711,57496098,ENSG00000105136
19,57492360,19,57487711,57496098,ENSG00000105136
19,57492505,19,57487711,57496098,ENSG00000105136
19,57492790,19,57487711,57496098,ENSG00000105136
19,57492978,19,57487711,57496098,ENSG00000105136
19,57493563,19,57487711,57496098,ENSG00000105136
19,57494298,19,57487711,57496098,ENSG00000105136
19,57494300,19,57487711,57496098,ENSG00000105136
19,57494871,19,57487711,57496098,ENSG00000105136
19,57495307,19,57487711,57496098,ENSG00000105136
19,57495352,19,57487711,57496098,ENSG00000105136
19,57495584,19,57487711,57496098,ENSG00000105136
19,57496085,19,57487711,57496098,ENSG00000105136
19,57496417,19,57487711,57496098,ENSG00000105136
19,57497082,19,57487711,57496098,ENSG00000105136
19,57497172,19,57487711,57496098,ENSG00000105136
19,57497529,19,57487711,57496098,ENSG00000105136
19,57497575,19,57487711,57496098,ENSG00000105136
19,57497588,19,57487711,57496098,ENSG00000105136
19,57497652,19,57487711,57496098,ENSG00000105136
19,57497844,19,57487711,57496098,ENSG00000105136
19,57497848,19,57487711,57496098,ENSG00000105136
19,57498142,19,57487711,57496098,ENSG00000105136
19,57498146,19,57487711,57496098,ENSG00000105136
19,57498670,19,57487711,57496098,ENSG00000105136
19,57499002,19,57487711,57496098,ENSG00000105136
19,57499274,19,57487711,57496098,ENSG00000105136
19,57492212,19,57487711,57496098,ENSG00000105136
19,57488530,19,57487711,57496098,ENSG00000105136
19,57483848,19,57487711,57496098,ENSG00000105136
19,57484416,19,57487711,57496098,ENSG00000105136
19,57484952,19,57487711,57496098,ENSG00000105136
19,57485850,19,57487711,57496098,ENSG00000105136
19,57486466,19,57487711,57496098,ENSG00000105136
19,57486644,19,57487711,57496098,ENSG00000105136
19,57486954,19,57487711,57496098,ENSG00000105136
19,57487511,19,57487711,57496098,ENSG00000105136
19,57491596,19,57487711,57496098,ENSG00000105136
19,57484110,19,57487711,57496098,ENSG00000105136
19,57489256,19,57487711,57496098,ENSG00000105136
19,57498708,19,57487711,57496098,ENSG00000105136
19,57490144,19,57487711,57496098,ENSG00000105136
19,57491207,19,57487711,57496098,ENSG00000105136
19,57497990,19,57487711,57496098,ENSG00000105136
19,57492120,19,57487711,57496098,ENSG00000105136
19,57484743,19,57487711,57496098,ENSG00000105136
19,57488478,19,57487711,57496098,ENSG00000105136
19,57488571,19,57487711,57496098,ENSG00000105136
19,57483926,19,57487711,57496098,ENSG00000105136
19,57483993,19,57487711,57496098,ENSG00000105136
19,57488345,19,57487711,57496098,ENSG00000105136
19,57487814,19,57487711,57496098,ENSG00000105136
19,57488370,19,57487711,57496098,ENSG00000105136
19,57500053,19,57487711,57496098,ENSG00000105136
19,36109065,19,36113709,36115213,ENSG00000105258
19,36109841,19,36113709,36115213,ENSG00000105258
19,36112801,19,36113709,36115213,ENSG00000105258
19,36114745,19,36113709,36115213,ENSG00000105258
19,36118888,19,36113709,36115213,ENSG00000105258
19,36119288,19,36113709,36115213,ENSG00000105258
19,36114892,19,36113709,36115213,ENSG00000105258
19,36108935,19,36113709,36115213,ENSG00000105258
19,36111827,19,36113709,36115213,ENSG00000105258
19,36108793,19,36113709,36115213,ENSG00000105258
19,36111195,19,36113709,36115213,ENSG00000105258
19,36119883,19,36113709,36115213,ENSG00000105258
19,3855479,19,3804024,3869038,ENSG00000105278
19,3823194,19,3804024,3869038,ENSG00000105278
19,3819300,19,3804024,3869038,ENSG00000105278
19,3819720,19,3804024,3869038,ENSG00000105278
19,3820052,19,3804024,3869038,ENSG00000105278
19,3820193,19,3804024,3869038,ENSG00000105278
19,3820391,19,3804024,3869038,ENSG00000105278
19,3821068,19,3804024,3869038,ENSG00000105278
19,3821802,19,3804024,3869038,ENSG00000105278
19,3832567,19,3804024,3869038,ENSG00000105278
19,3832974,19,3804024,3869038,ENSG00000105278
19,3869130,19,3804024,3869038,ENSG00000105278
19,3870249,19,3804024,3869038,ENSG00000105278
19,3831527,19,3804024,3869038,ENSG00000105278
19,3825828,19,3804024,3869038,ENSG00000105278
19,3824215,19,3804024,3869038,ENSG00000105278
19,3831451,19,3804024,3869038,ENSG00000105278
19,3823239,19,3804024,3869038,ENSG00000105278
19,3825036,19,3804024,3869038,ENSG00000105278
19,3826726,19,3804024,3869038,ENSG00000105278
19,3829025,19,3804024,3869038,ENSG00000105278
19,3831200,19,3804024,3869038,ENSG00000105278
19,3831767,19,3804024,3869038,ENSG00000105278
19,41301013,19,41262496,41307787,ENSG00000105323
19,41426370,19,41431318,41440717,ENSG00000105341
19,41426707,19,41431318,41440717,ENSG00000105341
19,41427885,19,41431318,41440717,ENSG00000105341
19,41430703,19,41431318,41440717,ENSG00000105341
19,41430829,19,41431318,41440717,ENSG00000105341
19,41431190,19,41431318,41440717,ENSG00000105341
19,41433392,19,41431318,41440717,ENSG00000105341
19,41433930,19,41431318,41440717,ENSG00000105341
19,41434096,19,41431318,41440717,ENSG00000105341
19,41434437,19,41431318,41440717,ENSG00000105341
19,41436803,19,41431318,41440717,ENSG00000105341
19,41436970,19,41431318,41440717,ENSG00000105341
19,41437321,19,41431318,41440717,ENSG00000105341
19,41438332,19,41431318,41440717,ENSG00000105341
19,41438711,19,41431318,41440717,ENSG00000105341
19,41438935,19,41431318,41440717,ENSG00000105341
19,41438937,19,41431318,41440717,ENSG00000105341
19,41439080,19,41431318,41440717,ENSG00000105341
19,41439932,19,41431318,41440717,ENSG00000105341
19,41439943,19,41431318,41440717,ENSG00000105341
19,41439999,19,41431318,41440717,ENSG00000105341
19,41440190,19,41431318,41440717,ENSG00000105341
19,41441337,19,41431318,41440717,ENSG00000105341
19,41441730,19,41431318,41440717,ENSG00000105341
19,41441720,19,41431318,41440717,ENSG00000105341
19,54106260,19,54107020,54115657,ENSG00000105619
19,54106385,19,54107020,54115657,ENSG00000105619
19,54105871,19,54107020,54115657,ENSG00000105619
19,54104087,19,54107020,54115657,ENSG00000105619
19,54108253,19,54107020,54115657,ENSG00000105619
19,54105863,19,54107020,54115657,ENSG00000105619
19,54104941,19,54107020,54115657,ENSG00000105619
19,54106439,19,54107020,54115657,ENSG00000105619
19,54104907,19,54107020,54115657,ENSG00000105619
19,54107980,19,54107020,54115657,ENSG00000105619
19,54105720,19,54107020,54115657,ENSG00000105619
19,54103097,19,54107020,54115657,ENSG00000105619
19,54107669,19,54107020,54115657,ENSG00000105619
19,54102420,19,54107020,54115657,ENSG00000105619
19,18925254,19,18919705,18929189,ENSG00000105671
19,18926062,19,18919705,18929189,ENSG00000105671
19,18926244,19,18919705,18929189,ENSG00000105671
19,18926485,19,18919705,18929189,ENSG00000105671
19,18926876,19,18919705,18929189,ENSG00000105671
19,18928489,19,18919705,18929189,ENSG00000105671
19,18928681,19,18919705,18929189,ENSG00000105671
19,18929099,19,18919705,18929189,ENSG00000105671
19,18930681,19,18919705,18929189,ENSG00000105671
19,18931799,19,18919705,18929189,ENSG00000105671
19,18928843,19,18919705,18929189,ENSG00000105671
7,6015356,7,6009255,6023834,ENSG00000106305
7,6015749,7,6009255,6023834,ENSG00000106305
7,6016526,7,6009255,6023834,ENSG00000106305
7,6010759,7,6009255,6023834,ENSG00000106305
7,6013285,7,6009255,6023834,ENSG00000106305
7,130393789,7,130393771,130442433,ENSG00000106477
7,150791528,7,150791285,150801360,ENSG00000106565
7,150789769,7,150791285,150801360,ENSG00000106565
7,150789684,7,150791285,150801360,ENSG00000106565
7,150792412,7,150791285,150801360,ENSG00000106565
7,150792712,7,150791285,150801360,ENSG00000106565
7,150793343,7,150791285,150801360,ENSG00000106565
7,150793996,7,150791285,150801360,ENSG00000106565
7,42932812,7,42932376,42948958,ENSG00000106591
7,42932850,7,42932376,42948958,ENSG00000106591
7,43604578,7,43608456,43729717,ENSG00000106603
7,43683760,7,43608456,43729717,ENSG00000106603
7,43731832,7,43608456,43729717,ENSG00000106603
9,75056532,9,75060573,75088217,ENSG00000106733
9,75069774,9,75060573,75088217,ENSG00000106733
9,75075547,9,75060573,75088217,ENSG00000106733
9,75075586,9,75060573,75088217,ENSG00000106733
9,75092384,9,75060573,75088217,ENSG00000106733
9,75092779,9,75060573,75088217,ENSG00000106733
9,75057014,9,75060573,75088217,ENSG00000106733
9,75062372,9,75060573,75088217,ENSG00000106733
9,75065674,9,75060573,75088217,ENSG00000106733
9,75065896,9,75060573,75088217,ENSG00000106733
9,75064122,9,75060573,75088217,ENSG00000106733
9,75058734,9,75060573,75088217,ENSG00000106733
9,75061050,9,75060573,75088217,ENSG00000106733
9,75062995,9,75060573,75088217,ENSG00000106733
9,75086992,9,75060573,75088217,ENSG00000106733
9,75082715,9,75060573,75088217,ENSG00000106733
9,75083013,9,75060573,75088217,ENSG00000106733
9,75087385,9,75060573,75088217,ENSG00000106733
9,75088515,9,75060573,75088217,ENSG00000106733
9,75081679,9,75060573,75088217,ENSG00000106733
9,75069408,9,75060573,75088217,ENSG00000106733
9,75083350,9,75060573,75088217,ENSG00000106733
9,75069523,9,75060573,75088217,ENSG00000106733
9,75090654,9,75060573,75088217,ENSG00000106733
9,75091011,9,75060573,75088217,ENSG00000106733
9,75091327,9,75060573,75088217,ENSG00000106733
9,75070580,9,75060573,75088217,ENSG00000106733
9,75073523,9,75060573,75088217,ENSG00000106733
9,35601104,9,35605262,35610041,ENSG00000107140
9,35601589,9,35605262,35610041,ENSG00000107140
9,35604048,9,35605262,35610041,ENSG00000107140
9,35600834,9,35605262,35610041,ENSG00000107140
10,98429811,10,98410939,98446963,ENSG00000107521
10,102428502,10,102423245,102432584,ENSG00000107874
10,102425196,10,102423245,102432584,ENSG00000107874
10,102425224,10,102423245,102432584,ENSG00000107874
10,102435445,10,102423245,102432584,ENSG00000107874
10,3144115,10,3137728,3172841,ENSG00000107959
17,46830897,17,46762506,46833154,ENSG00000108379
17,46813935,17,46762506,46833154,ENSG00000108379
17,46825150,17,46762506,46833154,ENSG00000108379
17,46822098,17,46762506,46833154,ENSG00000108379
17,46826683,17,46762506,46833154,ENSG00000108379
17,46824288,17,46762506,46833154,ENSG00000108379
17,46775246,17,46762506,46833154,ENSG00000108379
17,46809587,17,46762506,46833154,ENSG00000108379
17,58521078,17,58520250,58544368,ENSG00000108387
17,58526617,17,58520250,58544368,ENSG00000108387
17,58527999,17,58520250,58544368,ENSG00000108387
17,58531104,17,58520250,58544368,ENSG00000108387
17,58534559,17,58520250,58544368,ENSG00000108387
17,58516836,17,58520250,58544368,ENSG00000108387
17,58517099,17,58520250,58544368,ENSG00000108387
17,58523299,17,58520250,58544368,ENSG00000108387
17,58532164,17,58520250,58544368,ENSG00000108387
17,58534011,17,58520250,58544368,ENSG00000108387
17,58542220,17,58520250,58544368,ENSG00000108387
17,58520852,17,58520250,58544368,ENSG00000108387
17,58515750,17,58520250,58544368,ENSG00000108387
17,58524191,17,58520250,58544368,ENSG00000108387
17,46941097,17,46923075,46975524,ENSG00000108433
17,46968528,17,46923075,46975524,ENSG00000108433
17,46953294,17,46923075,46975524,ENSG00000108433
17,46949000,17,46923075,46975524,ENSG00000108433
17,46947874,17,46923075,46975524,ENSG00000108433
17,46952302,17,46923075,46975524,ENSG00000108433
17,46964713,17,46923075,46975524,ENSG00000108433
17,46966781,17,46923075,46975524,ENSG00000108433
17,46950671,17,46923075,46975524,ENSG00000108433
17,46950686,17,46923075,46975524,ENSG00000108433
17,46938266,17,46923075,46975524,ENSG00000108433
17,46941877,17,46923075,46975524,ENSG00000108433
17,46942365,17,46923075,46975524,ENSG00000108433
17,46947953,17,46923075,46975524,ENSG00000108433
17,46954464,17,46923075,46975524,ENSG00000108433
17,46954701,17,46923075,46975524,ENSG00000108433
17,46962666,17,46923075,46975524,ENSG00000108433
17,46962781,17,46923075,46975524,ENSG00000108433
17,46963728,17,46923075,46975524,ENSG00000108433
17,46967985,17,46923075,46975524,ENSG00000108433
17,46968529,17,46923075,46975524,ENSG00000108433
17,46969566,17,46923075,46975524,ENSG00000108433
17,46969616,17,46923075,46975524,ENSG00000108433
17,46948967,17,46923075,46975524,ENSG00000108433
17,46949349,17,46923075,46975524,ENSG00000108433
17,46950282,17,46923075,46975524,ENSG00000108433
17,46950635,17,46923075,46975524,ENSG00000108433
17,46951928,17,46923075,46975524,ENSG00000108433
17,46940279,17,46923075,46975524,ENSG00000108433
17,46946683,17,46923075,46975524,ENSG00000108433
17,46947379,17,46923075,46975524,ENSG00000108433
17,46947443,17,46923075,46975524,ENSG00000108433
17,46928337,17,46923075,46975524,ENSG00000108433
17,46934721,17,46923075,46975524,ENSG00000108433
17,46918734,17,46923075,46975524,ENSG00000108433
17,46970018,17,46923075,46975524,ENSG00000108433
17,46940493,17,46923075,46975524,ENSG00000108433
17,46970014,17,46923075,46975524,ENSG00000108433
17,46962751,17,46923075,46975524,ENSG00000108433
17,46955329,17,46923075,46975524,ENSG00000108433
17,46956636,17,46923075,46975524,ENSG00000108433
17,46956976,17,46923075,46975524,ENSG00000108433
17,46957075,17,46923075,46975524,ENSG00000108433
17,46957216,17,46923075,46975524,ENSG00000108433
17,46958844,17,46923075,46975524,ENSG00000108433
17,46960491,17,46923075,46975524,ENSG00000108433
17,46939875,17,46923075,46975524,ENSG00000108433
17,46942762,17,46923075,46975524,ENSG00000108433
17,46974887,17,46923075,46975524,ENSG00000108433
17,46976224,17,46923075,46975524,ENSG00000108433
17,4942473,17,4940008,4945222,ENSG00000108523
17,4935854,17,4940008,4945222,ENSG00000108523
17,5379466,17,5359668,5420164,ENSG00000108559
17,5379468,17,5359668,5420164,ENSG00000108559
17,5381185,17,5359668,5420164,ENSG00000108559
17,5381248,17,5359668,5420164,ENSG00000108559
17,5381403,17,5359668,5420164,ENSG00000108559
17,5381424,17,5359668,5420164,ENSG00000108559
17,5381691,17,5359668,5420164,ENSG00000108559
17,5384698,17,5359668,5420164,ENSG00000108559
17,5384753,17,5359668,5420164,ENSG00000108559
17,5384883,17,5359668,5420164,ENSG00000108559
17,5385449,17,5359668,5420164,ENSG00000108559
17,5385474,17,5359668,5420164,ENSG00000108559
17,5385708,17,5359668,5420164,ENSG00000108559
17,5386356,17,5359668,5420164,ENSG00000108559
17,5386713,17,5359668,5420164,ENSG00000108559
17,5387279,17,5359668,5420164,ENSG00000108559
17,5387361,17,5359668,5420164,ENSG00000108559
17,5387383,17,5359668,5420164,ENSG00000108559
17,5387504,17,5359668,5420164,ENSG00000108559
17,5387956,17,5359668,5420164,ENSG00000108559
17,5388234,17,5359668,5420164,ENSG00000108559
17,5388268,17,5359668,5420164,ENSG00000108559
17,5388542,17,5359668,5420164,ENSG00000108559
17,5389442,17,5359668,5420164,ENSG00000108559
17,5389760,17,5359668,5420164,ENSG00000108559
17,5389888,17,5359668,5420164,ENSG00000108559
17,5390307,17,5359668,5420164,ENSG00000108559
17,5390642,17,5359668,5420164,ENSG00000108559
17,5390753,17,5359668,5420164,ENSG00000108559
17,5390857,17,5359668,5420164,ENSG00000108559
17,5391656,17,5359668,5420164,ENSG00000108559
17,5391929,17,5359668,5420164,ENSG00000108559
17,5391982,17,5359668,5420164,ENSG00000108559
17,5392051,17,5359668,5420164,ENSG00000108559
17,5392079,17,5359668,5420164,ENSG00000108559
17,5392208,17,5359668,5420164,ENSG00000108559
17,5393230,17,5359668,5420164,ENSG00000108559
17,5393829,17,5359668,5420164,ENSG00000108559
17,5394018,17,5359668,5420164,ENSG00000108559
17,5394030,17,5359668,5420164,ENSG00000108559
17,5394231,17,5359668,5420164,ENSG00000108559
17,5394422,17,5359668,5420164,ENSG00000108559
17,5394441,17,5359668,5420164,ENSG00000108559
17,5394446,17,5359668,5420164,ENSG00000108559
17,5394519,17,5359668,5420164,ENSG00000108559
17,5395000,17,5359668,5420164,ENSG00000108559
17,5395076,17,5359668,5420164,ENSG00000108559
17,5395170,17,5359668,5420164,ENSG00000108559
17,5395472,17,5359668,5420164,ENSG00000108559
17,5395738,17,5359668,5420164,ENSG00000108559
17,5396036,17,5359668,5420164,ENSG00000108559
17,5396039,17,5359668,5420164,ENSG00000108559
17,5396207,17,5359668,5420164,ENSG00000108559
17,5396354,17,5359668,5420164,ENSG00000108559
17,5396863,17,5359668,5420164,ENSG00000108559
17,5396885,17,5359668,5420164,ENSG00000108559
17,5397750,17,5359668,5420164,ENSG00000108559
17,5397844,17,5359668,5420164,ENSG00000108559
17,5397954,17,5359668,5420164,ENSG00000108559
17,5398136,17,5359668,5420164,ENSG00000108559
17,5398146,17,5359668,5420164,ENSG00000108559
17,5398150,17,5359668,5420164,ENSG00000108559
17,5398391,17,5359668,5420164,ENSG00000108559
17,5398486,17,5359668,5420164,ENSG00000108559
17,5399134,17,5359668,5420164,ENSG00000108559
17,5399325,17,5359668,5420164,ENSG00000108559
17,5399895,17,5359668,5420164,ENSG00000108559
17,5400070,17,5359668,5420164,ENSG00000108559
17,5400352,17,5359668,5420164,ENSG00000108559
17,5400427,17,5359668,5420164,ENSG00000108559
17,5401443,17,5359668,5420164,ENSG00000108559
17,5401707,17,5359668,5420164,ENSG00000108559
17,5402050,17,5359668,5420164,ENSG00000108559
17,5402567,17,5359668,5420164,ENSG00000108559
17,5403144,17,5359668,5420164,ENSG00000108559
17,5403216,17,5359668,5420164,ENSG00000108559
17,5403351,17,5359668,5420164,ENSG00000108559
17,5404461,17,5359668,5420164,ENSG00000108559
17,5404517,17,5359668,5420164,ENSG00000108559
17,5406370,17,5359668,5420164,ENSG00000108559
17,5406713,17,5359668,5420164,ENSG00000108559
17,5406988,17,5359668,5420164,ENSG00000108559
17,5407089,17,5359668,5420164,ENSG00000108559
17,5407091,17,5359668,5420164,ENSG00000108559
17,5407823,17,5359668,5420164,ENSG00000108559
17,5408422,17,5359668,5420164,ENSG00000108559
17,5409238,17,5359668,5420164,ENSG00000108559
17,5409352,17,5359668,5420164,ENSG00000108559
17,5410202,17,5359668,5420164,ENSG00000108559
17,5411037,17,5359668,5420164,ENSG00000108559
17,5411636,17,5359668,5420164,ENSG00000108559
17,5411657,17,5359668,5420164,ENSG00000108559
17,5412182,17,5359668,5420164,ENSG00000108559
17,5413139,17,5359668,5420164,ENSG00000108559
17,5413177,17,5359668,5420164,ENSG00000108559
17,5413360,17,5359668,5420164,ENSG00000108559
17,5413422,17,5359668,5420164,ENSG00000108559
17,5413445,17,5359668,5420164,ENSG00000108559
17,5413619,17,5359668,5420164,ENSG00000108559
17,5414349,17,5359668,5420164,ENSG00000108559
17,5414486,17,5359668,5420164,ENSG00000108559
17,5414848,17,5359668,5420164,ENSG00000108559
17,5415182,17,5359668,5420164,ENSG00000108559
17,5415183,17,5359668,5420164,ENSG00000108559
17,5415683,17,5359668,5420164,ENSG00000108559
17,5415733,17,5359668,5420164,ENSG00000108559
17,5415780,17,5359668,5420164,ENSG00000108559
17,5415894,17,5359668,5420164,ENSG00000108559
17,5415974,17,5359668,5420164,ENSG00000108559
17,5416078,17,5359668,5420164,ENSG00000108559
17,5416300,17,5359668,5420164,ENSG00000108559
17,5416997,17,5359668,5420164,ENSG00000108559
17,5417118,17,5359668,5420164,ENSG00000108559
17,5417365,17,5359668,5420164,ENSG00000108559
17,5392182,17,5359668,5420164,ENSG00000108559
17,5386545,17,5359668,5420164,ENSG00000108559
17,5406604,17,5359668,5420164,ENSG00000108559
17,5399458,17,5359668,5420164,ENSG00000108559
17,5409572,17,5359668,5420164,ENSG00000108559
17,5409832,17,5359668,5420164,ENSG00000108559
17,5385903,17,5359668,5420164,ENSG00000108559
17,5394137,17,5359668,5420164,ENSG00000108559
17,5417908,17,5359668,5420164,ENSG00000108559
17,5386260,17,5359668,5420164,ENSG00000108559
17,5375012,17,5359668,5420164,ENSG00000108559
17,5418786,17,5359668,5420164,ENSG00000108559
17,5380322,17,5359668,5420164,ENSG00000108559
17,5381927,17,5359668,5420164,ENSG00000108559
17,5383977,17,5359668,5420164,ENSG00000108559
17,5385440,17,5359668,5420164,ENSG00000108559
17,5388057,17,5359668,5420164,ENSG00000108559
17,5388319,17,5359668,5420164,ENSG00000108559
17,5388390,17,5359668,5420164,ENSG00000108559
17,5393689,17,5359668,5420164,ENSG00000108559
17,5397977,17,5359668,5420164,ENSG00000108559
17,5401255,17,5359668,5420164,ENSG00000108559
17,5402604,17,5359668,5420164,ENSG00000108559
17,5404959,17,5359668,5420164,ENSG00000108559
17,5406801,17,5359668,5420164,ENSG00000108559
17,5411479,17,5359668,5420164,ENSG00000108559
17,5411769,17,5359668,5420164,ENSG00000108559
17,5411979,17,5359668,5420164,ENSG00000108559
17,5416724,17,5359668,5420164,ENSG00000108559
17,5416762,17,5359668,5420164,ENSG00000108559
17,5393476,17,5359668,5420164,ENSG00000108559
17,5384762,17,5359668,5420164,ENSG00000108559
17,5400173,17,5359668,5420164,ENSG00000108559
17,5374434,17,5359668,5420164,ENSG00000108559
17,5403764,17,5359668,5420164,ENSG00000108559
17,5413688,17,5359668,5420164,ENSG00000108559
17,5413449,17,5359668,5420164,ENSG00000108559
17,5381475,17,5359668,5420164,ENSG00000108559
17,5385663,17,5359668,5420164,ENSG00000108559
17,5392739,17,5359668,5420164,ENSG00000108559
17,5408018,17,5359668,5420164,ENSG00000108559
17,5410943,17,5359668,5420164,ENSG00000108559
17,5383397,17,5359668,5420164,ENSG00000108559
17,5419805,17,5359668,5420164,ENSG00000108559
17,5419886,17,5359668,5420164,ENSG00000108559
17,5419949,17,5359668,5420164,ENSG00000108559
17,5420311,17,5359668,5420164,ENSG00000108559
17,5383738,17,5359668,5420164,ENSG00000108559
17,5383759,17,5359668,5420164,ENSG00000108559
17,5378694,17,5359668,5420164,ENSG00000108559
17,5405283,17,5359668,5420164,ENSG00000108559
17,5410487,17,5359668,5420164,ENSG00000108559
17,5372623,17,5359668,5420164,ENSG00000108559
17,5422842,17,5359668,5420164,ENSG00000108559
17,5356361,17,5359668,5420164,ENSG00000108559
17,5374303,17,5359668,5420164,ENSG00000108559
17,5423021,17,5359668,5420164,ENSG00000108559
17,5358271,17,5359668,5420164,ENSG00000108559
17,5365042,17,5359668,5420164,ENSG00000108559
17,5359234,17,5359668,5420164,ENSG00000108559
17,5359454,17,5359668,5420164,ENSG00000108559
17,5367119,17,5359668,5420164,ENSG00000108559
17,5391130,17,5359668,5420164,ENSG00000108559
17,5393718,17,5359668,5420164,ENSG00000108559
17,5396630,17,5359668,5420164,ENSG00000108559
17,5406391,17,5359668,5420164,ENSG00000108559
17,5414172,17,5359668,5420164,ENSG00000108559
17,5414290,17,5359668,5420164,ENSG00000108559
17,5379957,17,5359668,5420164,ENSG00000108559
17,5377145,17,5359668,5420164,ENSG00000108559
17,5384859,17,5359668,5420164,ENSG00000108559
17,50377092,17,50367857,50373207,ENSG00000108826
17,50364228,17,50367857,50373207,ENSG00000108826
17,50368313,17,50367857,50373207,ENSG00000108826
17,50372866,17,50367857,50373207,ENSG00000108826
17,50368338,17,50367857,50373207,ENSG00000108826
17,50375617,17,50367857,50373207,ENSG00000108826
17,50371909,17,50367857,50373207,ENSG00000108826
17,50364760,17,50367857,50373207,ENSG00000108826
17,55390852,17,55392622,55421924,ENSG00000108960
17,55391964,17,55392622,55421924,ENSG00000108960
17,55393744,17,55392622,55421924,ENSG00000108960
17,55393830,17,55392622,55421924,ENSG00000108960
17,55399246,17,55392622,55421924,ENSG00000108960
17,55399564,17,55392622,55421924,ENSG00000108960
17,55400129,17,55392622,55421924,ENSG00000108960
17,55400225,17,55392622,55421924,ENSG00000108960
17,55400401,17,55392622,55421924,ENSG00000108960
17,55400757,17,55392622,55421924,ENSG00000108960
17,55401705,17,55392622,55421924,ENSG00000108960
17,55401978,17,55392622,55421924,ENSG00000108960
17,55402186,17,55392622,55421924,ENSG00000108960
17,55405687,17,55392622,55421924,ENSG00000108960
17,55406620,17,55392622,55421924,ENSG00000108960
17,55407825,17,55392622,55421924,ENSG00000108960
17,55409957,17,55392622,55421924,ENSG00000108960
17,55410303,17,55392622,55421924,ENSG00000108960
17,55412238,17,55392622,55421924,ENSG00000108960
17,55413322,17,55392622,55421924,ENSG00000108960
17,55417353,17,55392622,55421924,ENSG00000108960
17,55419604,17,55392622,55421924,ENSG00000108960
17,55419885,17,55392622,55421924,ENSG00000108960
17,55397687,17,55392622,55421924,ENSG00000108960
17,55397703,17,55392622,55421924,ENSG00000108960
17,55407391,17,55392622,55421924,ENSG00000108960
17,55408065,17,55392622,55421924,ENSG00000108960
17,55409563,17,55392622,55421924,ENSG00000108960
17,55420404,17,55392622,55421924,ENSG00000108960
17,55390255,17,55392622,55421924,ENSG00000108960
17,55396607,17,55392622,55421924,ENSG00000108960
17,55393101,17,55392622,55421924,ENSG00000108960
17,55426135,17,55392622,55421924,ENSG00000108960
17,55421485,17,55392622,55421924,ENSG00000108960
17,55422892,17,55392622,55421924,ENSG00000108960
17,55421629,17,55392622,55421924,ENSG00000108960
17,55422120,17,55392622,55421924,ENSG00000108960
17,55423298,17,55392622,55421924,ENSG00000108960
17,55389695,17,55392622,55421924,ENSG00000108960
17,55389757,17,55392622,55421924,ENSG00000108960
17,27292315,17,27294076,27315926,ENSG00000109046
17,27296109,17,27294076,27315926,ENSG00000109046
17,27293555,17,27294076,27315926,ENSG00000109046
17,27295620,17,27294076,27315926,ENSG00000109046
17,27301794,17,27294076,27315926,ENSG00000109046
17,27302864,17,27294076,27315926,ENSG00000109046
17,27304667,17,27294076,27315926,ENSG00000109046
17,27310317,17,27294076,27315926,ENSG00000109046
17,27315289,17,27294076,27315926,ENSG00000109046
17,27320854,17,27294076,27315926,ENSG00000109046
17,27291849,17,27294076,27315926,ENSG00000109046
17,27295085,17,27294076,27315926,ENSG00000109046
17,27296850,17,27294076,27315926,ENSG00000109046
17,27301032,17,27294076,27315926,ENSG00000109046
17,27302247,17,27294076,27315926,ENSG00000109046
17,27309423,17,27294076,27315926,ENSG00000109046
17,27310436,17,27294076,27315926,ENSG00000109046
17,27312078,17,27294076,27315926,ENSG00000109046
17,27298668,17,27294076,27315926,ENSG00000109046
17,27299965,17,27294076,27315926,ENSG00000109046
17,27315496,17,27294076,27315926,ENSG00000109046
17,27309928,17,27294076,27315926,ENSG00000109046
17,27301135,17,27294076,27315926,ENSG00000109046
17,27303362,17,27294076,27315926,ENSG00000109046
17,27309878,17,27294076,27315926,ENSG00000109046
17,27317043,17,27294076,27315926,ENSG00000109046
17,27297270,17,27294076,27315926,ENSG00000109046
4,102753951,4,102630770,102760994,ENSG00000109323
4,102759827,4,102630770,102760994,ENSG00000109323
4,102757960,4,102630770,102760994,ENSG00000109323
4,102711806,4,102630770,102760994,ENSG00000109323
4,102686096,4,102630770,102760994,ENSG00000109323
4,102689153,4,102630770,102760994,ENSG00000109323
4,102690886,4,102630770,102760994,ENSG00000109323
4,102697904,4,102630770,102760994,ENSG00000109323
4,102699228,4,102630770,102760994,ENSG00000109323
4,102701594,4,102630770,102760994,ENSG00000109323
4,102702334,4,102630770,102760994,ENSG00000109323
4,102713063,4,102630770,102760994,ENSG00000109323
4,102692109,4,102630770,102760994,ENSG00000109323
4,102685729,4,102630770,102760994,ENSG00000109323
4,102691760,4,102630770,102760994,ENSG00000109323
4,102712658,4,102630770,102760994,ENSG00000109323
4,102682792,4,102630770,102760994,ENSG00000109323
4,102685515,4,102630770,102760994,ENSG00000109323
4,102685715,4,102630770,102760994,ENSG00000109323
4,102692142,4,102630770,102760994,ENSG00000109323
4,102686478,4,102630770,102760994,ENSG00000109323
4,102686649,4,102630770,102760994,ENSG00000109323
4,102687151,4,102630770,102760994,ENSG00000109323
4,102688636,4,102630770,102760994,ENSG00000109323
4,102689091,4,102630770,102760994,ENSG00000109323
4,102689715,4,102630770,102760994,ENSG00000109323
4,102690207,4,102630770,102760994,ENSG00000109323
4,102690980,4,102630770,102760994,ENSG00000109323
4,102704026,4,102630770,102760994,ENSG00000109323
4,102763796,4,102630770,102760994,ENSG00000109323
4,102690861,4,102630770,102760994,ENSG00000109323
4,102690376,4,102630770,102760994,ENSG00000109323
4,102698179,4,102630770,102760994,ENSG00000109323
4,102699796,4,102630770,102760994,ENSG00000109323
4,102701017,4,102630770,102760994,ENSG00000109323
4,102704433,4,102630770,102760994,ENSG00000109323
4,102705702,4,102630770,102760994,ENSG00000109323
4,102706717,4,102630770,102760994,ENSG00000109323
4,102706811,4,102630770,102760994,ENSG00000109323
4,102712737,4,102630770,102760994,ENSG00000109323
4,102732819,4,102630770,102760994,ENSG00000109323
4,102684759,4,102630770,102760994,ENSG00000109323
4,102714026,4,102630770,102760994,ENSG00000109323
4,102764314,4,102630770,102760994,ENSG00000109323
4,102762857,4,102630770,102760994,ENSG00000109323
4,102730805,4,102630770,102760994,ENSG00000109323
4,39072288,4,39045039,39126857,ENSG00000109790
4,39044395,4,39045039,39126857,ENSG00000109790
4,39044648,4,39045039,39126857,ENSG00000109790
4,39044743,4,39045039,39126857,ENSG00000109790
4,39044744,4,39045039,39126857,ENSG00000109790
4,39045880,4,39045039,39126857,ENSG00000109790
4,39055198,4,39045039,39126857,ENSG00000109790
4,39056046,4,39045039,39126857,ENSG00000109790
4,39056171,4,39045039,39126857,ENSG00000109790
4,39056745,4,39045039,39126857,ENSG00000109790
4,39058024,4,39045039,39126857,ENSG00000109790
4,39060200,4,39045039,39126857,ENSG00000109790
4,39060569,4,39045039,39126857,ENSG00000109790
4,39060816,4,39045039,39126857,ENSG00000109790
4,39061185,4,39045039,39126857,ENSG00000109790
4,39066956,4,39045039,39126857,ENSG00000109790
4,39067456,4,39045039,39126857,ENSG00000109790
4,39069902,4,39045039,39126857,ENSG00000109790
4,39070883,4,39045039,39126857,ENSG00000109790
4,39070903,4,39045039,39126857,ENSG00000109790
4,39073550,4,39045039,39126857,ENSG00000109790
4,39074325,4,39045039,39126857,ENSG00000109790
4,39044287,4,39045039,39126857,ENSG00000109790
4,39053374,4,39045039,39126857,ENSG00000109790
4,39054234,4,39045039,39126857,ENSG00000109790
4,39054271,4,39045039,39126857,ENSG00000109790
4,39054648,4,39045039,39126857,ENSG00000109790
4,39055101,4,39045039,39126857,ENSG00000109790
4,39055787,4,39045039,39126857,ENSG00000109790
4,39056263,4,39045039,39126857,ENSG00000109790
4,39056537,4,39045039,39126857,ENSG00000109790
4,39056717,4,39045039,39126857,ENSG00000109790
4,39058971,4,39045039,39126857,ENSG00000109790
4,39059288,4,39045039,39126857,ENSG00000109790
4,39059371,4,39045039,39126857,ENSG00000109790
4,39059459,4,39045039,39126857,ENSG00000109790
4,39059826,4,39045039,39126857,ENSG00000109790
4,39061241,4,39045039,39126857,ENSG00000109790
4,39061757,4,39045039,39126857,ENSG00000109790
4,39062506,4,39045039,39126857,ENSG00000109790
4,39062542,4,39045039,39126857,ENSG00000109790
4,39063273,4,39045039,39126857,ENSG00000109790
4,39063365,4,39045039,39126857,ENSG00000109790
4,39063471,4,39045039,39126857,ENSG00000109790
4,39065245,4,39045039,39126857,ENSG00000109790
4,39065279,4,39045039,39126857,ENSG00000109790
4,39065776,4,39045039,39126857,ENSG00000109790
4,39067439,4,39045039,39126857,ENSG00000109790
4,39067640,4,39045039,39126857,ENSG00000109790
4,39068796,4,39045039,39126857,ENSG00000109790
4,39069010,4,39045039,39126857,ENSG00000109790
4,39072675,4,39045039,39126857,ENSG00000109790
4,39072687,4,39045039,39126857,ENSG00000109790
4,39073386,4,39045039,39126857,ENSG00000109790
4,39042377,4,39045039,39126857,ENSG00000109790
4,39099689,4,39045039,39126857,ENSG00000109790
4,39075516,4,39045039,39126857,ENSG00000109790
4,39076284,4,39045039,39126857,ENSG00000109790
4,39077009,4,39045039,39126857,ENSG00000109790
4,39077208,4,39045039,39126857,ENSG00000109790
4,39077286,4,39045039,39126857,ENSG00000109790
4,39043300,4,39045039,39126857,ENSG00000109790
4,39046254,4,39045039,39126857,ENSG00000109790
4,39046319,4,39045039,39126857,ENSG00000109790
4,39049502,4,39045039,39126857,ENSG00000109790
4,39049664,4,39045039,39126857,ENSG00000109790
4,39049969,4,39045039,39126857,ENSG00000109790
4,39050710,4,39045039,39126857,ENSG00000109790
4,39051218,4,39045039,39126857,ENSG00000109790
4,39102515,4,39045039,39126857,ENSG00000109790
4,39101734,4,39045039,39126857,ENSG00000109790
4,39077337,4,39045039,39126857,ENSG00000109790
4,39078509,4,39045039,39126857,ENSG00000109790
4,39075191,4,39045039,39126857,ENSG00000109790
4,39046844,4,39045039,39126857,ENSG00000109790
4,39047573,4,39045039,39126857,ENSG00000109790
4,39047699,4,39045039,39126857,ENSG00000109790
4,39047814,4,39045039,39126857,ENSG00000109790
4,39049847,4,39045039,39126857,ENSG00000109790
4,39049915,4,39045039,39126857,ENSG00000109790
4,39049924,4,39045039,39126857,ENSG00000109790
4,39050073,4,39045039,39126857,ENSG00000109790
4,39050613,4,39045039,39126857,ENSG00000109790
4,39051402,4,39045039,39126857,ENSG00000109790
4,39052269,4,39045039,39126857,ENSG00000109790
4,39052415,4,39045039,39126857,ENSG00000109790
4,39053023,4,39045039,39126857,ENSG00000109790
4,39083319,4,39045039,39126857,ENSG00000109790
4,39085913,4,39045039,39126857,ENSG00000109790
4,39091474,4,39045039,39126857,ENSG00000109790
4,39059315,4,39045039,39126857,ENSG00000109790
4,39075059,4,39045039,39126857,ENSG00000109790
4,39093118,4,39045039,39126857,ENSG00000109790
4,39100390,4,39045039,39126857,ENSG00000109790
4,39083372,4,39045039,39126857,ENSG00000109790
4,39087360,4,39045039,39126857,ENSG00000109790
4,39087830,4,39045039,39126857,ENSG00000109790
4,39104793,4,39045039,39126857,ENSG00000109790
4,39104912,4,39045039,39126857,ENSG00000109790
4,39104956,4,39045039,39126857,ENSG00000109790
4,39104971,4,39045039,39126857,ENSG00000109790
4,39105295,4,39045039,39126857,ENSG00000109790
4,39106186,4,39045039,39126857,ENSG00000109790
4,39106459,4,39045039,39126857,ENSG00000109790
4,39106545,4,39045039,39126857,ENSG00000109790
4,39106617,4,39045039,39126857,ENSG00000109790
4,39106868,4,39045039,39126857,ENSG00000109790
4,39106873,4,39045039,39126857,ENSG00000109790
4,39096278,4,39045039,39126857,ENSG00000109790
4,39103152,4,39045039,39126857,ENSG00000109790
4,39103217,4,39045039,39126857,ENSG00000109790
4,39103795,4,39045039,39126857,ENSG00000109790
4,39105299,4,39045039,39126857,ENSG00000109790
4,39094901,4,39045039,39126857,ENSG00000109790
4,39095240,4,39045039,39126857,ENSG00000109790
4,39103877,4,39045039,39126857,ENSG00000109790
4,39047948,4,39045039,39126857,ENSG00000109790
4,39048705,4,39045039,39126857,ENSG00000109790
4,39049815,4,39045039,39126857,ENSG00000109790
4,39054024,4,39045039,39126857,ENSG00000109790
4,39072583,4,39045039,39126857,ENSG00000109790
4,39082911,4,39045039,39126857,ENSG00000109790
4,39064275,4,39045039,39126857,ENSG00000109790
4,39066895,4,39045039,39126857,ENSG00000109790
4,39082553,4,39045039,39126857,ENSG00000109790
4,39107779,4,39045039,39126857,ENSG00000109790
4,39062039,4,39045039,39126857,ENSG00000109790
4,39076525,4,39045039,39126857,ENSG00000109790
4,39078835,4,39045039,39126857,ENSG00000109790
4,186171864,4,186104419,186175337,ENSG00000109794
4,186177427,4,186104419,186175337,ENSG00000109794
4,186162362,4,186104419,186175337,ENSG00000109794
4,186171245,4,186104419,186175337,ENSG00000109794
11,60847522,11,60842113,60851081,ENSG00000110104
11,60847403,11,60842113,60851081,ENSG00000110104
11,60846537,11,60842113,60851081,ENSG00000110104
11,60846873,11,60842113,60851081,ENSG00000110104
11,60854423,11,60842113,60851081,ENSG00000110104
11,60855194,11,60842113,60851081,ENSG00000110104
11,60855299,11,60842113,60851081,ENSG00000110104
11,60855397,11,60842113,60851081,ENSG00000110104
11,60855605,11,60842113,60851081,ENSG00000110104
11,60840594,11,60842113,60851081,ENSG00000110104
11,60841181,11,60842113,60851081,ENSG00000110104
11,60841460,11,60842113,60851081,ENSG00000110104
11,60839790,11,60842113,60851081,ENSG00000110104
11,60840363,11,60842113,60851081,ENSG00000110104
11,60841939,11,60842113,60851081,ENSG00000110104
11,60850361,11,60842113,60851081,ENSG00000110104
11,60850469,11,60842113,60851081,ENSG00000110104
11,60849685,11,60842113,60851081,ENSG00000110104
11,47561593,11,47565430,47573461,ENSG00000110536
11,47565900,11,47565430,47573461,ENSG00000110536
11,47568163,11,47565430,47573461,ENSG00000110536
11,47570109,11,47565430,47573461,ENSG00000110536
11,47575237,11,47565430,47573461,ENSG00000110536
11,2905084,11,2899721,2925246,ENSG00000110628
11,2905397,11,2899721,2925246,ENSG00000110628
12,6837381,12,6828407,6839847,ENSG00000110811
12,6837329,12,6828407,6839847,ENSG00000110811
12,6838636,12,6828407,6839847,ENSG00000110811
12,6835682,12,6828407,6839847,ENSG00000110811
12,6832490,12,6828407,6839847,ENSG00000110811
12,6833508,12,6828407,6839847,ENSG00000110811
12,6833659,12,6828407,6839847,ENSG00000110811
12,6831090,12,6828407,6839847,ENSG00000110811
12,6839862,12,6828407,6839847,ENSG00000110811
12,6839528,12,6828407,6839847,ENSG00000110811
12,6830686,12,6828407,6839847,ENSG00000110811
12,6837196,12,6828407,6839847,ENSG00000110811
12,6836750,12,6828407,6839847,ENSG00000110811
12,6838516,12,6828407,6839847,ENSG00000110811
12,6837083,12,6828407,6839847,ENSG00000110811
12,6831857,12,6828407,6839847,ENSG00000110811
12,6838568,12,6828407,6839847,ENSG00000110811
12,6832900,12,6828407,6839847,ENSG00000110811
12,122506931,12,122503454,122527000,ENSG00000111011
12,122510921,12,122503454,122527000,ENSG00000111011
12,122504865,12,122503454,122527000,ENSG00000111011
12,10982877,12,10845849,11171600,ENSG00000111215
12,10976834,12,10845849,11171600,ENSG00000111215
12,10978167,12,10845849,11171600,ENSG00000111215
12,11022868,12,10845849,11171600,ENSG00000111215
12,11024624,12,10845849,11171600,ENSG00000111215
12,11027741,12,10845849,11171600,ENSG00000111215
12,11029817,12,10845849,11171600,ENSG00000111215
12,11030656,12,10845849,11171600,ENSG00000111215
12,11046079,12,10845849,11171600,ENSG00000111215
12,11126043,12,10845849,11171600,ENSG00000111215
12,11055265,12,10845849,11171600,ENSG00000111215
12,11056390,12,10845849,11171600,ENSG00000111215
12,11057339,12,10845849,11171600,ENSG00000111215
12,11059305,12,10845849,11171600,ENSG00000111215
12,11098294,12,10845849,11171600,ENSG00000111215
12,11098339,12,10845849,11171600,ENSG00000111215
12,11098431,12,10845849,11171600,ENSG00000111215
12,11098495,12,10845849,11171600,ENSG00000111215
12,11098877,12,10845849,11171600,ENSG00000111215
12,11098961,12,10845849,11171600,ENSG00000111215
12,11099106,12,10845849,11171600,ENSG00000111215
12,11099321,12,10845849,11171600,ENSG00000111215
12,11099483,12,10845849,11171600,ENSG00000111215
12,11099880,12,10845849,11171600,ENSG00000111215
12,11100527,12,10845849,11171600,ENSG00000111215
12,11100556,12,10845849,11171600,ENSG00000111215
12,11100620,12,10845849,11171600,ENSG00000111215
12,11100774,12,10845849,11171600,ENSG00000111215
12,11101056,12,10845849,11171600,ENSG00000111215
12,11101308,12,10845849,11171600,ENSG00000111215
12,11101682,12,10845849,11171600,ENSG00000111215
12,11101708,12,10845849,11171600,ENSG00000111215
12,11101881,12,10845849,11171600,ENSG00000111215
12,11102007,12,10845849,11171600,ENSG00000111215
12,11102425,12,10845849,11171600,ENSG00000111215
12,11102738,12,10845849,11171600,ENSG00000111215
12,11103098,12,10845849,11171600,ENSG00000111215
12,11103198,12,10845849,11171600,ENSG00000111215
12,11103199,12,10845849,11171600,ENSG00000111215
12,11103204,12,10845849,11171600,ENSG00000111215
12,11103239,12,10845849,11171600,ENSG00000111215
12,11103814,12,10845849,11171600,ENSG00000111215
12,11103838,12,10845849,11171600,ENSG00000111215
12,11103850,12,10845849,11171600,ENSG00000111215
12,11104061,12,10845849,11171600,ENSG00000111215
12,11104402,12,10845849,11171600,ENSG00000111215
12,11104550,12,10845849,11171600,ENSG00000111215
12,11105412,12,10845849,11171600,ENSG00000111215
12,11105550,12,10845849,11171600,ENSG00000111215
12,11105654,12,10845849,11171600,ENSG00000111215
12,11105847,12,10845849,11171600,ENSG00000111215
12,11105904,12,10845849,11171600,ENSG00000111215
12,11106616,12,10845849,11171600,ENSG00000111215
12,11107272,12,10845849,11171600,ENSG00000111215
12,11107295,12,10845849,11171600,ENSG00000111215
12,11107811,12,10845849,11171600,ENSG00000111215
12,11108045,12,10845849,11171600,ENSG00000111215
12,11108162,12,10845849,11171600,ENSG00000111215
12,11108518,12,10845849,11171600,ENSG00000111215
12,11108524,12,10845849,11171600,ENSG00000111215
12,11108625,12,10845849,11171600,ENSG00000111215
12,11109368,12,10845849,11171600,ENSG00000111215
12,11109487,12,10845849,11171600,ENSG00000111215
12,11109666,12,10845849,11171600,ENSG00000111215
12,11110125,12,10845849,11171600,ENSG00000111215
12,11110356,12,10845849,11171600,ENSG00000111215
12,11110416,12,10845849,11171600,ENSG00000111215
12,11110490,12,10845849,11171600,ENSG00000111215
12,11110513,12,10845849,11171600,ENSG00000111215
12,11110719,12,10845849,11171600,ENSG00000111215
12,11111145,12,10845849,11171600,ENSG00000111215
12,11111951,12,10845849,11171600,ENSG00000111215
12,11112199,12,10845849,11171600,ENSG00000111215
12,11112381,12,10845849,11171600,ENSG00000111215
12,11113252,12,10845849,11171600,ENSG00000111215
12,11113623,12,10845849,11171600,ENSG00000111215
12,11113743,12,10845849,11171600,ENSG00000111215
12,11113765,12,10845849,11171600,ENSG00000111215
12,11113883,12,10845849,11171600,ENSG00000111215
12,11114050,12,10845849,11171600,ENSG00000111215
12,11114135,12,10845849,11171600,ENSG00000111215
12,11114987,12,10845849,11171600,ENSG00000111215
12,11115074,12,10845849,11171600,ENSG00000111215
12,11116157,12,10845849,11171600,ENSG00000111215
12,11117128,12,10845849,11171600,ENSG00000111215
12,11117807,12,10845849,11171600,ENSG00000111215
12,11118562,12,10845849,11171600,ENSG00000111215
12,11118943,12,10845849,11171600,ENSG00000111215
12,11119538,12,10845849,11171600,ENSG00000111215
12,11120436,12,10845849,11171600,ENSG00000111215
12,11120964,12,10845849,11171600,ENSG00000111215
12,11121079,12,10845849,11171600,ENSG00000111215
12,11121111,12,10845849,11171600,ENSG00000111215
12,11121693,12,10845849,11171600,ENSG00000111215
12,11123928,12,10845849,11171600,ENSG00000111215
12,11124869,12,10845849,11171600,ENSG00000111215
12,11126310,12,10845849,11171600,ENSG00000111215
12,11126539,12,10845849,11171600,ENSG00000111215
12,11128369,12,10845849,11171600,ENSG00000111215
12,11128376,12,10845849,11171600,ENSG00000111215
12,11128531,12,10845849,11171600,ENSG00000111215
12,11128685,12,10845849,11171600,ENSG00000111215
12,11128742,12,10845849,11171600,ENSG00000111215
12,11128872,12,10845849,11171600,ENSG00000111215
12,11129050,12,10845849,11171600,ENSG00000111215
12,11130305,12,10845849,11171600,ENSG00000111215
12,11130320,12,10845849,11171600,ENSG00000111215
12,11130382,12,10845849,11171600,ENSG00000111215
12,11131164,12,10845849,11171600,ENSG00000111215
12,11131225,12,10845849,11171600,ENSG00000111215
12,11131327,12,10845849,11171600,ENSG00000111215
12,11131842,12,10845849,11171600,ENSG00000111215
12,11133489,12,10845849,11171600,ENSG00000111215
12,11134672,12,10845849,11171600,ENSG00000111215
12,11135045,12,10845849,11171600,ENSG00000111215
12,11135312,12,10845849,11171600,ENSG00000111215
12,11135504,12,10845849,11171600,ENSG00000111215
12,11135693,12,10845849,11171600,ENSG00000111215
12,11136158,12,10845849,11171600,ENSG00000111215
12,11136194,12,10845849,11171600,ENSG00000111215
12,11136395,12,10845849,11171600,ENSG00000111215
12,11136650,12,10845849,11171600,ENSG00000111215
12,11136682,12,10845849,11171600,ENSG00000111215
12,11136871,12,10845849,11171600,ENSG00000111215
12,11136930,12,10845849,11171600,ENSG00000111215
12,11137222,12,10845849,11171600,ENSG00000111215
12,11137409,12,10845849,11171600,ENSG00000111215
12,11137931,12,10845849,11171600,ENSG00000111215
12,11137986,12,10845849,11171600,ENSG00000111215
12,11138087,12,10845849,11171600,ENSG00000111215
12,11138350,12,10845849,11171600,ENSG00000111215
12,11138553,12,10845849,11171600,ENSG00000111215
12,11138809,12,10845849,11171600,ENSG00000111215
12,11139354,12,10845849,11171600,ENSG00000111215
12,11139499,12,10845849,11171600,ENSG00000111215
12,11139592,12,10845849,11171600,ENSG00000111215
12,11139945,12,10845849,11171600,ENSG00000111215
12,11141008,12,10845849,11171600,ENSG00000111215
12,11141222,12,10845849,11171600,ENSG00000111215
12,11141427,12,10845849,11171600,ENSG00000111215
12,11141592,12,10845849,11171600,ENSG00000111215
12,11143730,12,10845849,11171600,ENSG00000111215
12,11143750,12,10845849,11171600,ENSG00000111215
12,11143754,12,10845849,11171600,ENSG00000111215
12,11144245,12,10845849,11171600,ENSG00000111215
12,11144318,12,10845849,11171600,ENSG00000111215
12,11144376,12,10845849,11171600,ENSG00000111215
12,11144566,12,10845849,11171600,ENSG00000111215
12,11145123,12,10845849,11171600,ENSG00000111215
12,11145127,12,10845849,11171600,ENSG00000111215
12,11145133,12,10845849,11171600,ENSG00000111215
12,11145153,12,10845849,11171600,ENSG00000111215
12,11145255,12,10845849,11171600,ENSG00000111215
12,11146270,12,10845849,11171600,ENSG00000111215
12,11146760,12,10845849,11171600,ENSG00000111215
12,11146850,12,10845849,11171600,ENSG00000111215
12,11147006,12,10845849,11171600,ENSG00000111215
12,11147086,12,10845849,11171600,ENSG00000111215
12,11147088,12,10845849,11171600,ENSG00000111215
12,11147252,12,10845849,11171600,ENSG00000111215
12,11147378,12,10845849,11171600,ENSG00000111215
12,11147407,12,10845849,11171600,ENSG00000111215
12,11147770,12,10845849,11171600,ENSG00000111215
12,11148273,12,10845849,11171600,ENSG00000111215
12,11149510,12,10845849,11171600,ENSG00000111215
12,11149513,12,10845849,11171600,ENSG00000111215
12,11150336,12,10845849,11171600,ENSG00000111215
12,11150483,12,10845849,11171600,ENSG00000111215
12,11151386,12,10845849,11171600,ENSG00000111215
12,11151399,12,10845849,11171600,ENSG00000111215
12,11151405,12,10845849,11171600,ENSG00000111215
12,11151487,12,10845849,11171600,ENSG00000111215
12,11151560,12,10845849,11171600,ENSG00000111215
12,11151728,12,10845849,11171600,ENSG00000111215
12,11152333,12,10845849,11171600,ENSG00000111215
12,11152390,12,10845849,11171600,ENSG00000111215
12,11152774,12,10845849,11171600,ENSG00000111215
12,11152915,12,10845849,11171600,ENSG00000111215
12,11153125,12,10845849,11171600,ENSG00000111215
12,11153465,12,10845849,11171600,ENSG00000111215
12,11153747,12,10845849,11171600,ENSG00000111215
12,11154178,12,10845849,11171600,ENSG00000111215
12,11154548,12,10845849,11171600,ENSG00000111215
12,11154713,12,10845849,11171600,ENSG00000111215
12,11154913,12,10845849,11171600,ENSG00000111215
12,11155094,12,10845849,11171600,ENSG00000111215
12,11155829,12,10845849,11171600,ENSG00000111215
12,11156175,12,10845849,11171600,ENSG00000111215
12,11157405,12,10845849,11171600,ENSG00000111215
12,11157696,12,10845849,11171600,ENSG00000111215
12,11158921,12,10845849,11171600,ENSG00000111215
12,11160261,12,10845849,11171600,ENSG00000111215
12,11160278,12,10845849,11171600,ENSG00000111215
12,11160349,12,10845849,11171600,ENSG00000111215
12,11161074,12,10845849,11171600,ENSG00000111215
12,11161176,12,10845849,11171600,ENSG00000111215
12,11161686,12,10845849,11171600,ENSG00000111215
12,11162444,12,10845849,11171600,ENSG00000111215
12,11164815,12,10845849,11171600,ENSG00000111215
12,11165057,12,10845849,11171600,ENSG00000111215
12,11169155,12,10845849,11171600,ENSG00000111215
12,11129902,12,10845849,11171600,ENSG00000111215
12,11030275,12,10845849,11171600,ENSG00000111215
12,11118105,12,10845849,11171600,ENSG00000111215
12,11105912,12,10845849,11171600,ENSG00000111215
12,11167929,12,10845849,11171600,ENSG00000111215
12,11167932,12,10845849,11171600,ENSG00000111215
12,11168673,12,10845849,11171600,ENSG00000111215
12,11168681,12,10845849,11171600,ENSG00000111215
12,11168800,12,10845849,11171600,ENSG00000111215
12,11169251,12,10845849,11171600,ENSG00000111215
12,11169261,12,10845849,11171600,ENSG00000111215
12,11169308,12,10845849,11171600,ENSG00000111215
12,11169631,12,10845849,11171600,ENSG00000111215
12,11169877,12,10845849,11171600,ENSG00000111215
12,11169902,12,10845849,11171600,ENSG00000111215
12,11170184,12,10845849,11171600,ENSG00000111215
12,11170315,12,10845849,11171600,ENSG00000111215
12,11170440,12,10845849,11171600,ENSG00000111215
12,11121205,12,10845849,11171600,ENSG00000111215
12,10978971,12,10845849,11171600,ENSG00000111215
12,10980873,12,10845849,11171600,ENSG00000111215
12,10982102,12,10845849,11171600,ENSG00000111215
12,10984088,12,10845849,11171600,ENSG00000111215
12,10984726,12,10845849,11171600,ENSG00000111215
12,11126904,12,10845849,11171600,ENSG00000111215
12,11134191,12,10845849,11171600,ENSG00000111215
12,11022488,12,10845849,11171600,ENSG00000111215
12,11105277,12,10845849,11171600,ENSG00000111215
12,11156994,12,10845849,11171600,ENSG00000111215
12,11148264,12,10845849,11171600,ENSG00000111215
12,11123361,12,10845849,11171600,ENSG00000111215
12,11123438,12,10845849,11171600,ENSG00000111215
12,11123450,12,10845849,11171600,ENSG00000111215
12,11066035,12,10845849,11171600,ENSG00000111215
12,11039691,12,10845849,11171600,ENSG00000111215
12,11067356,12,10845849,11171600,ENSG00000111215
12,11070351,12,10845849,11171600,ENSG00000111215
12,10989522,12,10845849,11171600,ENSG00000111215
12,11073822,12,10845849,11171600,ENSG00000111215
12,11071683,12,10845849,11171600,ENSG00000111215
12,11036577,12,10845849,11171600,ENSG00000111215
12,11070145,12,10845849,11171600,ENSG00000111215
12,11072056,12,10845849,11171600,ENSG00000111215
12,11065936,12,10845849,11171600,ENSG00000111215
12,11018144,12,10845849,11171600,ENSG00000111215
12,11012795,12,10845849,11171600,ENSG00000111215
12,11018470,12,10845849,11171600,ENSG00000111215
12,11024221,12,10845849,11171600,ENSG00000111215
12,11024796,12,10845849,11171600,ENSG00000111215
12,11026711,12,10845849,11171600,ENSG00000111215
12,11028103,12,10845849,11171600,ENSG00000111215
12,11028717,12,10845849,11171600,ENSG00000111215
12,11030033,12,10845849,11171600,ENSG00000111215
12,11030088,12,10845849,11171600,ENSG00000111215
12,11030618,12,10845849,11171600,ENSG00000111215
12,11031233,12,10845849,11171600,ENSG00000111215
12,11032637,12,10845849,11171600,ENSG00000111215
12,11032985,12,10845849,11171600,ENSG00000111215
12,11033049,12,10845849,11171600,ENSG00000111215
12,11033204,12,10845849,11171600,ENSG00000111215
12,11033929,12,10845849,11171600,ENSG00000111215
12,11033937,12,10845849,11171600,ENSG00000111215
12,11033942,12,10845849,11171600,ENSG00000111215
12,11033954,12,10845849,11171600,ENSG00000111215
12,11033962,12,10845849,11171600,ENSG00000111215
12,11033967,12,10845849,11171600,ENSG00000111215
12,11033995,12,10845849,11171600,ENSG00000111215
12,11033998,12,10845849,11171600,ENSG00000111215
12,11034018,12,10845849,11171600,ENSG00000111215
12,11034022,12,10845849,11171600,ENSG00000111215
12,11034533,12,10845849,11171600,ENSG00000111215
12,11034534,12,10845849,11171600,ENSG00000111215
12,11034619,12,10845849,11171600,ENSG00000111215
12,11035541,12,10845849,11171600,ENSG00000111215
12,11036042,12,10845849,11171600,ENSG00000111215
12,11036048,12,10845849,11171600,ENSG00000111215
12,11038893,12,10845849,11171600,ENSG00000111215
12,11039642,12,10845849,11171600,ENSG00000111215
12,11040962,12,10845849,11171600,ENSG00000111215
12,11041861,12,10845849,11171600,ENSG00000111215
12,11045563,12,10845849,11171600,ENSG00000111215
12,11045661,12,10845849,11171600,ENSG00000111215
12,11046032,12,10845849,11171600,ENSG00000111215
12,11048442,12,10845849,11171600,ENSG00000111215
12,11048888,12,10845849,11171600,ENSG00000111215
12,11049030,12,10845849,11171600,ENSG00000111215
12,11051848,12,10845849,11171600,ENSG00000111215
12,11057336,12,10845849,11171600,ENSG00000111215
12,11057614,12,10845849,11171600,ENSG00000111215
12,11057627,12,10845849,11171600,ENSG00000111215
12,11068192,12,10845849,11171600,ENSG00000111215
12,11086560,12,10845849,11171600,ENSG00000111215
12,11086563,12,10845849,11171600,ENSG00000111215
12,11086565,12,10845849,11171600,ENSG00000111215
12,11143135,12,10845849,11171600,ENSG00000111215
12,11144225,12,10845849,11171600,ENSG00000111215
12,11068995,12,10845849,11171600,ENSG00000111215
12,11069117,12,10845849,11171600,ENSG00000111215
12,11067131,12,10845849,11171600,ENSG00000111215
12,11052399,12,10845849,11171600,ENSG00000111215
12,11048143,12,10845849,11171600,ENSG00000111215
12,11049601,12,10845849,11171600,ENSG00000111215
12,11078610,12,10845849,11171600,ENSG00000111215
12,11079094,12,10845849,11171600,ENSG00000111215
12,6721281,12,6724014,6731875,ENSG00000111652
12,6726319,12,6724014,6731875,ENSG00000111652
12,6726807,12,6724014,6731875,ENSG00000111652
12,6726885,12,6724014,6731875,ENSG00000111652
12,6727376,12,6724014,6731875,ENSG00000111652
12,6727747,12,6724014,6731875,ENSG00000111652
12,6728990,12,6724014,6731875,ENSG00000111652
6,87348206,6,87322583,87399749,ENSG00000111850
6,87359615,6,87322583,87399749,ENSG00000111850
6,87359634,6,87322583,87399749,ENSG00000111850
6,87360541,6,87322583,87399749,ENSG00000111850
6,87361052,6,87322583,87399749,ENSG00000111850
6,87362107,6,87322583,87399749,ENSG00000111850
6,87333922,6,87322583,87399749,ENSG00000111850
6,87348013,6,87322583,87399749,ENSG00000111850
6,87349167,6,87322583,87399749,ENSG00000111850
6,87349254,6,87322583,87399749,ENSG00000111850
6,87351306,6,87322583,87399749,ENSG00000111850
6,87352100,6,87322583,87399749,ENSG00000111850
6,87352472,6,87322583,87399749,ENSG00000111850
6,87355253,6,87322583,87399749,ENSG00000111850
6,87330681,6,87322583,87399749,ENSG00000111850
6,87360277,6,87322583,87399749,ENSG00000111850
6,87332141,6,87322583,87399749,ENSG00000111850
6,87332201,6,87322583,87399749,ENSG00000111850
6,87333067,6,87322583,87399749,ENSG00000111850
6,87333654,6,87322583,87399749,ENSG00000111850
6,87333684,6,87322583,87399749,ENSG00000111850
6,87337341,6,87322583,87399749,ENSG00000111850
6,87338036,6,87322583,87399749,ENSG00000111850
6,87338473,6,87322583,87399749,ENSG00000111850
6,87338996,6,87322583,87399749,ENSG00000111850
6,87339198,6,87322583,87399749,ENSG00000111850
6,87322680,6,87322583,87399749,ENSG00000111850
6,87323125,6,87322583,87399749,ENSG00000111850
6,87323266,6,87322583,87399749,ENSG00000111850
6,87324650,6,87322583,87399749,ENSG00000111850
6,87324652,6,87322583,87399749,ENSG00000111850
6,87324660,6,87322583,87399749,ENSG00000111850
6,87325556,6,87322583,87399749,ENSG00000111850
6,87325557,6,87322583,87399749,ENSG00000111850
6,87326166,6,87322583,87399749,ENSG00000111850
6,87328290,6,87322583,87399749,ENSG00000111850
6,87328576,6,87322583,87399749,ENSG00000111850
6,87321213,6,87322583,87399749,ENSG00000111850
6,87322408,6,87322583,87399749,ENSG00000111850
6,87328393,6,87322583,87399749,ENSG00000111850
6,87330931,6,87322583,87399749,ENSG00000111850
6,87332039,6,87322583,87399749,ENSG00000111850
6,87332131,6,87322583,87399749,ENSG00000111850
6,87352119,6,87322583,87399749,ENSG00000111850
6,87334901,6,87322583,87399749,ENSG00000111850
6,87345546,6,87322583,87399749,ENSG00000111850
6,87346049,6,87322583,87399749,ENSG00000111850
6,87346818,6,87322583,87399749,ENSG00000111850
6,87347178,6,87322583,87399749,ENSG00000111850
6,87361025,6,87322583,87399749,ENSG00000111850
6,87341386,6,87322583,87399749,ENSG00000111850
6,87327777,6,87322583,87399749,ENSG00000111850
6,87380577,6,87322583,87399749,ENSG00000111850
6,87380507,6,87322583,87399749,ENSG00000111850
6,87385782,6,87322583,87399749,ENSG00000111850
6,87386780,6,87322583,87399749,ENSG00000111850
6,87387462,6,87322583,87399749,ENSG00000111850
6,87387916,6,87322583,87399749,ENSG00000111850
6,87388574,6,87322583,87399749,ENSG00000111850
6,87327949,6,87322583,87399749,ENSG00000111850
6,87341726,6,87322583,87399749,ENSG00000111850
6,87342422,6,87322583,87399749,ENSG00000111850
6,87342769,6,87322583,87399749,ENSG00000111850
6,87343759,6,87322583,87399749,ENSG00000111850
6,87345630,6,87322583,87399749,ENSG00000111850
6,87346001,6,87322583,87399749,ENSG00000111850
6,87346113,6,87322583,87399749,ENSG00000111850
6,87346583,6,87322583,87399749,ENSG00000111850
6,87347412,6,87322583,87399749,ENSG00000111850
6,87348205,6,87322583,87399749,ENSG00000111850
6,87351020,6,87322583,87399749,ENSG00000111850
6,87351697,6,87322583,87399749,ENSG00000111850
6,87353423,6,87322583,87399749,ENSG00000111850
6,87353498,6,87322583,87399749,ENSG00000111850
6,87354093,6,87322583,87399749,ENSG00000111850
6,87360692,6,87322583,87399749,ENSG00000111850
6,87342196,6,87322583,87399749,ENSG00000111850
6,87333842,6,87322583,87399749,ENSG00000111850
6,87336731,6,87322583,87399749,ENSG00000111850
6,87341544,6,87322583,87399749,ENSG00000111850
6,87357597,6,87322583,87399749,ENSG00000111850
6,87352166,6,87322583,87399749,ENSG00000111850
6,87352271,6,87322583,87399749,ENSG00000111850
6,87353329,6,87322583,87399749,ENSG00000111850
6,87354385,6,87322583,87399749,ENSG00000111850
6,87354427,6,87322583,87399749,ENSG00000111850
6,87355883,6,87322583,87399749,ENSG00000111850
6,87355394,6,87322583,87399749,ENSG00000111850
6,87345810,6,87322583,87399749,ENSG00000111850
6,87351321,6,87322583,87399749,ENSG00000111850
6,87317880,6,87322583,87399749,ENSG00000111850
6,87332723,6,87322583,87399749,ENSG00000111850
6,87326427,6,87322583,87399749,ENSG00000111850
6,87318497,6,87322583,87399749,ENSG00000111850
6,87318903,6,87322583,87399749,ENSG00000111850
6,87319862,6,87322583,87399749,ENSG00000111850
6,87322544,6,87322583,87399749,ENSG00000111850
6,87322684,6,87322583,87399749,ENSG00000111850
6,87323522,6,87322583,87399749,ENSG00000111850
6,87323870,6,87322583,87399749,ENSG00000111850
6,87323973,6,87322583,87399749,ENSG00000111850
6,87324050,6,87322583,87399749,ENSG00000111850
6,87324685,6,87322583,87399749,ENSG00000111850
6,87325024,6,87322583,87399749,ENSG00000111850
6,87327309,6,87322583,87399749,ENSG00000111850
6,87327342,6,87322583,87399749,ENSG00000111850
6,87327386,6,87322583,87399749,ENSG00000111850
6,87330150,6,87322583,87399749,ENSG00000111850
6,87334840,6,87322583,87399749,ENSG00000111850
6,87334927,6,87322583,87399749,ENSG00000111850
6,87336121,6,87322583,87399749,ENSG00000111850
6,87336245,6,87322583,87399749,ENSG00000111850
6,87336659,6,87322583,87399749,ENSG00000111850
6,87325503,6,87322583,87399749,ENSG00000111850
6,37381144,6,37353979,37394734,ENSG00000112130
6,37380540,6,37353979,37394734,ENSG00000112130
6,37366020,6,37353979,37394734,ENSG00000112130
6,37371241,6,37353979,37394734,ENSG00000112130
6,37371193,6,37353979,37394734,ENSG00000112130
6,37362975,6,37353979,37394734,ENSG00000112130
6,37357081,6,37353979,37394734,ENSG00000112130
6,37357117,6,37353979,37394734,ENSG00000112130
6,37390246,6,37353979,37394734,ENSG00000112130
6,99566268,6,99542387,99568825,ENSG00000112237
6,99538319,6,99542387,99568825,ENSG00000112237
6,99570815,6,99542387,99568825,ENSG00000112237
6,70261311,6,70216040,70303084,ENSG00000112280
6,70261377,6,70216040,70303084,ENSG00000112280
6,70237113,6,70216040,70303084,ENSG00000112280
6,70233166,6,70216040,70303084,ENSG00000112280
6,70233338,6,70216040,70303084,ENSG00000112280
6,70265809,6,70216040,70303084,ENSG00000112280
6,134972507,6,134960378,135103056,ENSG00000112339
6,134988802,6,134960378,135103056,ENSG00000112339
6,134992810,6,134960378,135103056,ENSG00000112339
6,134992856,6,134960378,135103056,ENSG00000112339
6,134995096,6,134960378,135103056,ENSG00000112339
6,134998925,6,134960378,135103056,ENSG00000112339
6,135002913,6,134960378,135103056,ENSG00000112339
6,135002914,6,134960378,135103056,ENSG00000112339
6,135002947,6,134960378,135103056,ENSG00000112339
6,135003373,6,134960378,135103056,ENSG00000112339
6,135004579,6,134960378,135103056,ENSG00000112339
6,135007654,6,134960378,135103056,ENSG00000112339
6,135008831,6,134960378,135103056,ENSG00000112339
6,135009735,6,134960378,135103056,ENSG00000112339
6,135015719,6,134960378,135103056,ENSG00000112339
6,135021299,6,134960378,135103056,ENSG00000112339
6,135021431,6,134960378,135103056,ENSG00000112339
6,135022361,6,134960378,135103056,ENSG00000112339
6,135025993,6,134960378,135103056,ENSG00000112339
6,135026457,6,134960378,135103056,ENSG00000112339
6,135026523,6,134960378,135103056,ENSG00000112339
6,135028432,6,134960378,135103056,ENSG00000112339
6,135031305,6,134960378,135103056,ENSG00000112339
6,135032314,6,134960378,135103056,ENSG00000112339
6,135032713,6,134960378,135103056,ENSG00000112339
6,135034369,6,134960378,135103056,ENSG00000112339
6,135037429,6,134960378,135103056,ENSG00000112339
6,135040002,6,134960378,135103056,ENSG00000112339
6,135043279,6,134960378,135103056,ENSG00000112339
6,135046251,6,134960378,135103056,ENSG00000112339
6,135046778,6,134960378,135103056,ENSG00000112339
6,135048076,6,134960378,135103056,ENSG00000112339
6,135049357,6,134960378,135103056,ENSG00000112339
6,135049358,6,134960378,135103056,ENSG00000112339
6,135050191,6,134960378,135103056,ENSG00000112339
6,135050965,6,134960378,135103056,ENSG00000112339
6,135051938,6,134960378,135103056,ENSG00000112339
6,135053230,6,134960378,135103056,ENSG00000112339
6,135054920,6,134960378,135103056,ENSG00000112339
6,135056494,6,134960378,135103056,ENSG00000112339
6,135054624,6,134960378,135103056,ENSG00000112339
6,135055271,6,134960378,135103056,ENSG00000112339
6,135055953,6,134960378,135103056,ENSG00000112339
6,135056048,6,134960378,135103056,ENSG00000112339
6,135019873,6,134960378,135103056,ENSG00000112339
6,135003396,6,134960378,135103056,ENSG00000112339
6,135045171,6,134960378,135103056,ENSG00000112339
6,134964010,6,134960378,135103056,ENSG00000112339
6,134972253,6,134960378,135103056,ENSG00000112339
6,134973121,6,134960378,135103056,ENSG00000112339
6,134973863,6,134960378,135103056,ENSG00000112339
6,134974935,6,134960378,135103056,ENSG00000112339
6,134975825,6,134960378,135103056,ENSG00000112339
6,134976382,6,134960378,135103056,ENSG00000112339
6,134977020,6,134960378,135103056,ENSG00000112339
6,134978575,6,134960378,135103056,ENSG00000112339
6,134986602,6,134960378,135103056,ENSG00000112339
6,134989408,6,134960378,135103056,ENSG00000112339
6,134991807,6,134960378,135103056,ENSG00000112339
6,134993044,6,134960378,135103056,ENSG00000112339
6,134996527,6,134960378,135103056,ENSG00000112339
6,134998424,6,134960378,135103056,ENSG00000112339
6,135000371,6,134960378,135103056,ENSG00000112339
6,135002065,6,134960378,135103056,ENSG00000112339
6,135004518,6,134960378,135103056,ENSG00000112339
6,135004656,6,134960378,135103056,ENSG00000112339
6,135004780,6,134960378,135103056,ENSG00000112339
6,135008617,6,134960378,135103056,ENSG00000112339
6,135010116,6,134960378,135103056,ENSG00000112339
6,135013288,6,134960378,135103056,ENSG00000112339
6,135013925,6,134960378,135103056,ENSG00000112339
6,135014038,6,134960378,135103056,ENSG00000112339
6,135015449,6,134960378,135103056,ENSG00000112339
6,135016595,6,134960378,135103056,ENSG00000112339
6,135016915,6,134960378,135103056,ENSG00000112339
6,135021648,6,134960378,135103056,ENSG00000112339
6,135021765,6,134960378,135103056,ENSG00000112339
6,135022691,6,134960378,135103056,ENSG00000112339
6,135023173,6,134960378,135103056,ENSG00000112339
6,135023446,6,134960378,135103056,ENSG00000112339
6,135025251,6,134960378,135103056,ENSG00000112339
6,135028019,6,134960378,135103056,ENSG00000112339
6,135029241,6,134960378,135103056,ENSG00000112339
6,135029347,6,134960378,135103056,ENSG00000112339
6,135029812,6,134960378,135103056,ENSG00000112339
6,135031510,6,134960378,135103056,ENSG00000112339
6,134967525,6,134960378,135103056,ENSG00000112339
6,134968644,6,134960378,135103056,ENSG00000112339
6,134978821,6,134960378,135103056,ENSG00000112339
6,135023657,6,134960378,135103056,ENSG00000112339
6,135024321,6,134960378,135103056,ENSG00000112339
6,135028497,6,134960378,135103056,ENSG00000112339
6,135062080,6,134960378,135103056,ENSG00000112339
6,135062651,6,134960378,135103056,ENSG00000112339
6,135063050,6,134960378,135103056,ENSG00000112339
6,135041240,6,134960378,135103056,ENSG00000112339
6,135048571,6,134960378,135103056,ENSG00000112339
6,135052396,6,134960378,135103056,ENSG00000112339
6,135055241,6,134960378,135103056,ENSG00000112339
6,134962736,6,134960378,135103056,ENSG00000112339
6,134963701,6,134960378,135103056,ENSG00000112339
6,134963917,6,134960378,135103056,ENSG00000112339
6,134964448,6,134960378,135103056,ENSG00000112339
6,134966395,6,134960378,135103056,ENSG00000112339
6,134969217,6,134960378,135103056,ENSG00000112339
6,134970155,6,134960378,135103056,ENSG00000112339
6,134976524,6,134960378,135103056,ENSG00000112339
6,134978544,6,134960378,135103056,ENSG00000112339
6,134985842,6,134960378,135103056,ENSG00000112339
6,134987237,6,134960378,135103056,ENSG00000112339
6,134990503,6,134960378,135103056,ENSG00000112339
6,134991170,6,134960378,135103056,ENSG00000112339
6,134991242,6,134960378,135103056,ENSG00000112339
6,134993127,6,134960378,135103056,ENSG00000112339
6,134995338,6,134960378,135103056,ENSG00000112339
6,134995888,6,134960378,135103056,ENSG00000112339
6,134996216,6,134960378,135103056,ENSG00000112339
6,135014130,6,134960378,135103056,ENSG00000112339
6,135028618,6,134960378,135103056,ENSG00000112339
6,135028707,6,134960378,135103056,ENSG00000112339
6,135055071,6,134960378,135103056,ENSG00000112339
6,135058010,6,134960378,135103056,ENSG00000112339
6,135059189,6,134960378,135103056,ENSG00000112339
6,135059623,6,134960378,135103056,ENSG00000112339
6,135060110,6,134960378,135103056,ENSG00000112339
6,135060213,6,134960378,135103056,ENSG00000112339
6,135054094,6,134960378,135103056,ENSG00000112339
6,134997716,6,134960378,135103056,ENSG00000112339
6,135044994,6,134960378,135103056,ENSG00000112339
6,135029794,6,134960378,135103056,ENSG00000112339
6,135061842,6,134960378,135103056,ENSG00000112339
6,135011632,6,134960378,135103056,ENSG00000112339
6,134957925,6,134960378,135103056,ENSG00000112339
6,135032956,6,134960378,135103056,ENSG00000112339
6,134965367,6,134960378,135103056,ENSG00000112339
6,134988074,6,134960378,135103056,ENSG00000112339
6,135013462,6,134960378,135103056,ENSG00000112339
6,135030950,6,134960378,135103056,ENSG00000112339
6,135034585,6,134960378,135103056,ENSG00000112339
6,135044680,6,134960378,135103056,ENSG00000112339
6,135045742,6,134960378,135103056,ENSG00000112339
6,135046619,6,134960378,135103056,ENSG00000112339
6,135048775,6,134960378,135103056,ENSG00000112339
6,135050010,6,134960378,135103056,ENSG00000112339
6,135050086,6,134960378,135103056,ENSG00000112339
6,134961518,6,134960378,135103056,ENSG00000112339
6,134967578,6,134960378,135103056,ENSG00000112339
6,135055094,6,134960378,135103056,ENSG00000112339
6,135023317,6,134960378,135103056,ENSG00000112339
6,134961597,6,134960378,135103056,ENSG00000112339
6,135070327,6,134960378,135103056,ENSG00000112339
6,135070962,6,134960378,135103056,ENSG00000112339
6,135032934,6,134960378,135103056,ENSG00000112339
6,134961633,6,134960378,135103056,ENSG00000112339
6,134957481,6,134960378,135103056,ENSG00000112339
6,134959300,6,134960378,135103056,ENSG00000112339
6,134962210,6,134960378,135103056,ENSG00000112339
6,135014244,6,134960378,135103056,ENSG00000112339
6,135025501,6,134960378,135103056,ENSG00000112339
6,135031165,6,134960378,135103056,ENSG00000112339
6,135035078,6,134960378,135103056,ENSG00000112339
6,134972374,6,134960378,135103056,ENSG00000112339
6,134981602,6,134960378,135103056,ENSG00000112339
6,134994432,6,134960378,135103056,ENSG00000112339
6,135054853,6,134960378,135103056,ENSG00000112339
6,135033980,6,134960378,135103056,ENSG00000112339
6,135051093,6,134960378,135103056,ENSG00000112339
6,134955558,6,134960378,135103056,ENSG00000112339
6,134997252,6,134960378,135103056,ENSG00000112339
6,134972227,6,134960378,135103056,ENSG00000112339
6,134972325,6,134960378,135103056,ENSG00000112339
6,134974272,6,134960378,135103056,ENSG00000112339
6,135047176,6,134960378,135103056,ENSG00000112339
6,135074410,6,134960378,135103056,ENSG00000112339
6,134959381,6,134960378,135103056,ENSG00000112339
6,135069698,6,134960378,135103056,ENSG00000112339
6,134960657,6,134960378,135103056,ENSG00000112339
6,135079427,6,134960378,135103056,ENSG00000112339
6,135083984,6,134960378,135103056,ENSG00000112339
6,135084221,6,134960378,135103056,ENSG00000112339
6,135076163,6,134960378,135103056,ENSG00000112339
6,135093866,6,134960378,135103056,ENSG00000112339
6,135103065,6,134960378,135103056,ENSG00000112339
6,135098167,6,134960378,135103056,ENSG00000112339
6,135098696,6,134960378,135103056,ENSG00000112339
6,46174648,6,46159185,46170980,ENSG00000112796
5,140245639,5,140245035,140303113,ENSG00000113068
5,151662371,5,151661096,151686975,ENSG00000113140
5,151662468,5,151661096,151686975,ENSG00000113140
5,151662989,5,151661096,151686975,ENSG00000113140
5,151658307,5,151661096,151686975,ENSG00000113140
5,151658810,5,151661096,151686975,ENSG00000113140
5,151660141,5,151661096,151686975,ENSG00000113140
5,151660705,5,151661096,151686975,ENSG00000113140
5,151661323,5,151661096,151686975,ENSG00000113140
5,151661589,5,151661096,151686975,ENSG00000113140
5,151660065,5,151661096,151686975,ENSG00000113140
5,151658306,5,151661096,151686975,ENSG00000113140
5,151658942,5,151661096,151686975,ENSG00000113140
5,151665027,5,151661096,151686975,ENSG00000113140
5,151667932,5,151661096,151686975,ENSG00000113140
5,151668221,5,151661096,151686975,ENSG00000113140
5,151673002,5,151661096,151686975,ENSG00000113140
5,151673098,5,151661096,151686975,ENSG00000113140
5,151677150,5,151661096,151686975,ENSG00000113140
5,151669262,5,151661096,151686975,ENSG00000113140
5,151669843,5,151661096,151686975,ENSG00000113140
5,151670214,5,151661096,151686975,ENSG00000113140
5,151675684,5,151661096,151686975,ENSG00000113140
5,96943244,5,96935394,97037513,ENSG00000113441
5,96954526,5,96935394,97037513,ENSG00000113441
5,96936716,5,96935394,97037513,ENSG00000113441
5,96936824,5,96935394,97037513,ENSG00000113441
5,96937329,5,96935394,97037513,ENSG00000113441
5,96937330,5,96935394,97037513,ENSG00000113441
5,96937483,5,96935394,97037513,ENSG00000113441
5,96938063,5,96935394,97037513,ENSG00000113441
5,96939462,5,96935394,97037513,ENSG00000113441
5,96939497,5,96935394,97037513,ENSG00000113441
5,96939709,5,96935394,97037513,ENSG00000113441
5,96940682,5,96935394,97037513,ENSG00000113441
5,96940691,5,96935394,97037513,ENSG00000113441
5,96943349,5,96935394,97037513,ENSG00000113441
5,96943786,5,96935394,97037513,ENSG00000113441
5,96957449,5,96935394,97037513,ENSG00000113441
5,96958112,5,96935394,97037513,ENSG00000113441
5,96958225,5,96935394,97037513,ENSG00000113441
5,96983311,5,96935394,97037513,ENSG00000113441
5,96983903,5,96935394,97037513,ENSG00000113441
5,96984707,5,96935394,97037513,ENSG00000113441
5,96984791,5,96935394,97037513,ENSG00000113441
5,96984882,5,96935394,97037513,ENSG00000113441
5,96986432,5,96935394,97037513,ENSG00000113441
5,96986715,5,96935394,97037513,ENSG00000113441
5,96936391,5,96935394,97037513,ENSG00000113441
5,96937476,5,96935394,97037513,ENSG00000113441
5,96939450,5,96935394,97037513,ENSG00000113441
5,96939482,5,96935394,97037513,ENSG00000113441
5,96950117,5,96935394,97037513,ENSG00000113441
5,96950582,5,96935394,97037513,ENSG00000113441
5,96978526,5,96935394,97037513,ENSG00000113441
5,96986183,5,96935394,97037513,ENSG00000113441
5,96937737,5,96935394,97037513,ENSG00000113441
5,97028119,5,96935394,97037513,ENSG00000113441
5,97010574,5,96935394,97037513,ENSG00000113441
5,97014384,5,96935394,97037513,ENSG00000113441
5,97021474,5,96935394,97037513,ENSG00000113441
5,97022983,5,96935394,97037513,ENSG00000113441
5,97028750,5,96935394,97037513,ENSG00000113441
5,97010035,5,96935394,97037513,ENSG00000113441
5,97017519,5,96935394,97037513,ENSG00000113441
5,97019744,5,96935394,97037513,ENSG00000113441
5,97019899,5,96935394,97037513,ENSG00000113441
5,96954943,5,96935394,97037513,ENSG00000113441
5,96937594,5,96935394,97037513,ENSG00000113441
5,96939016,5,96935394,97037513,ENSG00000113441
5,96942017,5,96935394,97037513,ENSG00000113441
5,96945339,5,96935394,97037513,ENSG00000113441
5,96945698,5,96935394,97037513,ENSG00000113441
5,96945958,5,96935394,97037513,ENSG00000113441
5,96953256,5,96935394,97037513,ENSG00000113441
5,96953332,5,96935394,97037513,ENSG00000113441
5,96953339,5,96935394,97037513,ENSG00000113441
5,96957302,5,96935394,97037513,ENSG00000113441
5,96959417,5,96935394,97037513,ENSG00000113441
5,96960106,5,96935394,97037513,ENSG00000113441
5,96963054,5,96935394,97037513,ENSG00000113441
5,96981054,5,96935394,97037513,ENSG00000113441
5,96982441,5,96935394,97037513,ENSG00000113441
5,96991434,5,96935394,97037513,ENSG00000113441
5,96991845,5,96935394,97037513,ENSG00000113441
5,96995262,5,96935394,97037513,ENSG00000113441
5,96995665,5,96935394,97037513,ENSG00000113441
5,96995667,5,96935394,97037513,ENSG00000113441
5,96996381,5,96935394,97037513,ENSG00000113441
5,97001087,5,96935394,97037513,ENSG00000113441
5,97002086,5,96935394,97037513,ENSG00000113441
5,97007848,5,96935394,97037513,ENSG00000113441
5,97021242,5,96935394,97037513,ENSG00000113441
5,97027096,5,96935394,97037513,ENSG00000113441
5,97027703,5,96935394,97037513,ENSG00000113441
5,97031704,5,96935394,97037513,ENSG00000113441
5,96931951,5,96935394,97037513,ENSG00000113441
5,96941173,5,96935394,97037513,ENSG00000113441
5,96952802,5,96935394,97037513,ENSG00000113441
5,96998854,5,96935394,97037513,ENSG00000113441
5,96991585,5,96935394,97037513,ENSG00000113441
5,97000452,5,96935394,97037513,ENSG00000113441
5,97002801,5,96935394,97037513,ENSG00000113441
5,97009365,5,96935394,97037513,ENSG00000113441
5,97012071,5,96935394,97037513,ENSG00000113441
5,97028359,5,96935394,97037513,ENSG00000113441
5,96935934,5,96935394,97037513,ENSG00000113441
5,96971454,5,96935394,97037513,ENSG00000113441
5,96971932,5,96935394,97037513,ENSG00000113441
5,96983787,5,96935394,97037513,ENSG00000113441
5,96949188,5,96935394,97037513,ENSG00000113441
5,96953153,5,96935394,97037513,ENSG00000113441
5,96956092,5,96935394,97037513,ENSG00000113441
5,96987576,5,96935394,97037513,ENSG00000113441
5,96993304,5,96935394,97037513,ENSG00000113441
5,96938519,5,96935394,97037513,ENSG00000113441
5,96949099,5,96935394,97037513,ENSG00000113441
5,97017980,5,96935394,97037513,ENSG00000113441
5,97020960,5,96935394,97037513,ENSG00000113441
5,97021556,5,96935394,97037513,ENSG00000113441
5,96945765,5,96935394,97037513,ENSG00000113441
5,96951796,5,96935394,97037513,ENSG00000113441
5,96991959,5,96935394,97037513,ENSG00000113441
5,97001945,5,96935394,97037513,ENSG00000113441
5,97003569,5,96935394,97037513,ENSG00000113441
5,97025629,5,96935394,97037513,ENSG00000113441
5,97025922,5,96935394,97037513,ENSG00000113441
5,97027347,5,96935394,97037513,ENSG00000113441
5,96948117,5,96935394,97037513,ENSG00000113441
5,97038046,5,96935394,97037513,ENSG00000113441
5,96951265,5,96935394,97037513,ENSG00000113441
5,96939597,5,96935394,97037513,ENSG00000113441
5,96954007,5,96935394,97037513,ENSG00000113441
5,96967444,5,96935394,97037513,ENSG00000113441
5,96971908,5,96935394,97037513,ENSG00000113441
5,96978798,5,96935394,97037513,ENSG00000113441
5,96984226,5,96935394,97037513,ENSG00000113441
5,97021276,5,96935394,97037513,ENSG00000113441
5,97024208,5,96935394,97037513,ENSG00000113441
5,96988495,5,96935394,97037513,ENSG00000113441
5,96994598,5,96935394,97037513,ENSG00000113441
5,96997630,5,96935394,97037513,ENSG00000113441
5,96999646,5,96935394,97037513,ENSG00000113441
5,97004912,5,96935394,97037513,ENSG00000113441
5,96933158,5,96935394,97037513,ENSG00000113441
5,96952434,5,96935394,97037513,ENSG00000113441
5,96965438,5,96935394,97037513,ENSG00000113441
5,96967994,5,96935394,97037513,ENSG00000113441
5,96977404,5,96935394,97037513,ENSG00000113441
5,96987799,5,96935394,97037513,ENSG00000113441
5,97035175,5,96935394,97037513,ENSG00000113441
5,97036461,5,96935394,97037513,ENSG00000113441
3,138495007,3,138494344,138594538,ENSG00000114107
3,138496272,3,138494344,138594538,ENSG00000114107
3,138494867,3,138494344,138594538,ENSG00000114107
3,138489780,3,138494344,138594538,ENSG00000114107
3,138493165,3,138494344,138594538,ENSG00000114107
3,138493532,3,138494344,138594538,ENSG00000114107
3,20142444,3,20040446,20154404,ENSG00000114166
3,126004834,3,126006357,126101561,ENSG00000114544
3,126005063,3,126006357,126101561,ENSG00000114544
3,126006425,3,126006357,126101561,ENSG00000114544
3,126012288,3,126006357,126101561,ENSG00000114544
3,126013638,3,126006357,126101561,ENSG00000114544
3,126015465,3,126006357,126101561,ENSG00000114544
3,126022622,3,126006357,126101561,ENSG00000114544
3,126023512,3,126006357,126101561,ENSG00000114544
3,126027162,3,126006357,126101561,ENSG00000114544
3,126035848,3,126006357,126101561,ENSG00000114544
3,126036821,3,126006357,126101561,ENSG00000114544
3,126044692,3,126006357,126101561,ENSG00000114544
3,126052855,3,126006357,126101561,ENSG00000114544
3,126053431,3,126006357,126101561,ENSG00000114544
3,126055520,3,126006357,126101561,ENSG00000114544
3,126061531,3,126006357,126101561,ENSG00000114544
3,126063393,3,126006357,126101561,ENSG00000114544
3,126064243,3,126006357,126101561,ENSG00000114544
3,126068381,3,126006357,126101561,ENSG00000114544
3,126071735,3,126006357,126101561,ENSG00000114544
3,126089062,3,126006357,126101561,ENSG00000114544
3,126089095,3,126006357,126101561,ENSG00000114544
3,126089168,3,126006357,126101561,ENSG00000114544
3,126089292,3,126006357,126101561,ENSG00000114544
3,126092698,3,126006357,126101561,ENSG00000114544
3,126095577,3,126006357,126101561,ENSG00000114544
3,126096781,3,126006357,126101561,ENSG00000114544
3,126096919,3,126006357,126101561,ENSG00000114544
3,126099807,3,126006357,126101561,ENSG00000114544
3,126100956,3,126006357,126101561,ENSG00000114544
3,126101864,3,126006357,126101561,ENSG00000114544
3,126103286,3,126006357,126101561,ENSG00000114544
3,126104103,3,126006357,126101561,ENSG00000114544
3,126050130,3,126006357,126101561,ENSG00000114544
3,126008237,3,126006357,126101561,ENSG00000114544
3,126011490,3,126006357,126101561,ENSG00000114544
3,126013255,3,126006357,126101561,ENSG00000114544
3,126006108,3,126006357,126101561,ENSG00000114544
3,126006716,3,126006357,126101561,ENSG00000114544
3,126013002,3,126006357,126101561,ENSG00000114544
3,126050714,3,126006357,126101561,ENSG00000114544
3,126051298,3,126006357,126101561,ENSG00000114544
3,126051536,3,126006357,126101561,ENSG00000114544
3,126057595,3,126006357,126101561,ENSG00000114544
3,126061740,3,126006357,126101561,ENSG00000114544
3,126062542,3,126006357,126101561,ENSG00000114544
3,126065001,3,126006357,126101561,ENSG00000114544
3,126069629,3,126006357,126101561,ENSG00000114544
3,126082224,3,126006357,126101561,ENSG00000114544
3,126082617,3,126006357,126101561,ENSG00000114544
3,126021229,3,126006357,126101561,ENSG00000114544
3,126036607,3,126006357,126101561,ENSG00000114544
3,126037364,3,126006357,126101561,ENSG00000114544
3,126038714,3,126006357,126101561,ENSG00000114544
3,126039389,3,126006357,126101561,ENSG00000114544
3,126041863,3,126006357,126101561,ENSG00000114544
3,126046714,3,126006357,126101561,ENSG00000114544
3,47313413,3,47282917,47346816,ENSG00000114648
2,74451794,2,74455087,74457944,ENSG00000115274
2,74455385,2,74455087,74457944,ENSG00000115274
2,74462912,2,74455087,74457944,ENSG00000115274
2,74454375,2,74455087,74457944,ENSG00000115274
2,74459202,2,74455087,74457944,ENSG00000115274
2,74460423,2,74455087,74457944,ENSG00000115274
2,55356261,2,55287842,55419895,ENSG00000115355
2,55357024,2,55287842,55419895,ENSG00000115355
2,55330911,2,55287842,55419895,ENSG00000115355
2,55331475,2,55287842,55419895,ENSG00000115355
2,55330505,2,55287842,55419895,ENSG00000115355
2,55333252,2,55287842,55419895,ENSG00000115355
2,55333502,2,55287842,55419895,ENSG00000115355
2,55331423,2,55287842,55419895,ENSG00000115355
2,55357587,2,55287842,55419895,ENSG00000115355
2,55325260,2,55287842,55419895,ENSG00000115355
2,55327462,2,55287842,55419895,ENSG00000115355
2,55374506,2,55287842,55419895,ENSG00000115355
2,55375775,2,55287842,55419895,ENSG00000115355
2,55371787,2,55287842,55419895,ENSG00000115355
2,55338038,2,55287842,55419895,ENSG00000115355
2,55365111,2,55287842,55419895,ENSG00000115355
2,55365874,2,55287842,55419895,ENSG00000115355
2,55368510,2,55287842,55419895,ENSG00000115355
2,55372150,2,55287842,55419895,ENSG00000115355
2,55372519,2,55287842,55419895,ENSG00000115355
2,55376680,2,55287842,55419895,ENSG00000115355
2,55325859,2,55287842,55419895,ENSG00000115355
2,55327168,2,55287842,55419895,ENSG00000115355
2,55342008,2,55287842,55419895,ENSG00000115355
2,55358140,2,55287842,55419895,ENSG00000115355
2,55359511,2,55287842,55419895,ENSG00000115355
2,55338711,2,55287842,55419895,ENSG00000115355
2,55335556,2,55287842,55419895,ENSG00000115355
2,55369098,2,55287842,55419895,ENSG00000115355
2,55339349,2,55287842,55419895,ENSG00000115355
2,55340556,2,55287842,55419895,ENSG00000115355
2,55340839,2,55287842,55419895,ENSG00000115355
2,55341601,2,55287842,55419895,ENSG00000115355
2,55358710,2,55287842,55419895,ENSG00000115355
2,55386946,2,55287842,55419895,ENSG00000115355
2,55387033,2,55287842,55419895,ENSG00000115355
2,55387656,2,55287842,55419895,ENSG00000115355
2,55388597,2,55287842,55419895,ENSG00000115355
2,55390940,2,55287842,55419895,ENSG00000115355
2,55391362,2,55287842,55419895,ENSG00000115355
2,55391995,2,55287842,55419895,ENSG00000115355
2,55361016,2,55287842,55419895,ENSG00000115355
2,55355067,2,55287842,55419895,ENSG00000115355
2,55355226,2,55287842,55419895,ENSG00000115355
2,55365816,2,55287842,55419895,ENSG00000115355
2,55373197,2,55287842,55419895,ENSG00000115355
2,55378599,2,55287842,55419895,ENSG00000115355
2,55380187,2,55287842,55419895,ENSG00000115355
2,55380316,2,55287842,55419895,ENSG00000115355
2,55381165,2,55287842,55419895,ENSG00000115355
2,55382857,2,55287842,55419895,ENSG00000115355
2,55402347,2,55287842,55419895,ENSG00000115355
2,55329080,2,55287842,55419895,ENSG00000115355
2,55330792,2,55287842,55419895,ENSG00000115355
2,55424794,2,55287842,55419895,ENSG00000115355
2,55335299,2,55287842,55419895,ENSG00000115355
2,55392474,2,55287842,55419895,ENSG00000115355
2,55393084,2,55287842,55419895,ENSG00000115355
2,55395739,2,55287842,55419895,ENSG00000115355
2,55397121,2,55287842,55419895,ENSG00000115355
2,55397711,2,55287842,55419895,ENSG00000115355
2,55397787,2,55287842,55419895,ENSG00000115355
2,55398350,2,55287842,55419895,ENSG00000115355
2,55399219,2,55287842,55419895,ENSG00000115355
2,55400527,2,55287842,55419895,ENSG00000115355
2,55400777,2,55287842,55419895,ENSG00000115355
2,55402728,2,55287842,55419895,ENSG00000115355
2,55403553,2,55287842,55419895,ENSG00000115355
2,55404831,2,55287842,55419895,ENSG00000115355
2,55406069,2,55287842,55419895,ENSG00000115355
2,55409868,2,55287842,55419895,ENSG00000115355
2,55410864,2,55287842,55419895,ENSG00000115355
2,55355465,2,55287842,55419895,ENSG00000115355
2,55360802,2,55287842,55419895,ENSG00000115355
2,55367806,2,55287842,55419895,ENSG00000115355
2,55367808,2,55287842,55419895,ENSG00000115355
2,55369555,2,55287842,55419895,ENSG00000115355
2,55390468,2,55287842,55419895,ENSG00000115355
2,55394910,2,55287842,55419895,ENSG00000115355
2,55404161,2,55287842,55419895,ENSG00000115355
2,55406091,2,55287842,55419895,ENSG00000115355
2,55411998,2,55287842,55419895,ENSG00000115355
2,55338597,2,55287842,55419895,ENSG00000115355
2,55350959,2,55287842,55419895,ENSG00000115355
2,55358659,2,55287842,55419895,ENSG00000115355
2,55352352,2,55287842,55419895,ENSG00000115355
2,55343949,2,55287842,55419895,ENSG00000115355
2,55421202,2,55287842,55419895,ENSG00000115355
2,55387141,2,55287842,55419895,ENSG00000115355
2,55355548,2,55287842,55419895,ENSG00000115355
2,55324795,2,55287842,55419895,ENSG00000115355
2,55325278,2,55287842,55419895,ENSG00000115355
2,55348845,2,55287842,55419895,ENSG00000115355
2,55350117,2,55287842,55419895,ENSG00000115355
2,55349498,2,55287842,55419895,ENSG00000115355
2,55349733,2,55287842,55419895,ENSG00000115355
2,55353020,2,55287842,55419895,ENSG00000115355
2,55416288,2,55287842,55419895,ENSG00000115355
2,55309990,2,55287842,55419895,ENSG00000115355
2,55312811,2,55287842,55419895,ENSG00000115355
2,55315496,2,55287842,55419895,ENSG00000115355
2,55362298,2,55287842,55419895,ENSG00000115355
2,55350234,2,55287842,55419895,ENSG00000115355
2,55358828,2,55287842,55419895,ENSG00000115355
2,55313028,2,55287842,55419895,ENSG00000115355
2,55319591,2,55287842,55419895,ENSG00000115355
2,55313193,2,55287842,55419895,ENSG00000115355
2,55312769,2,55287842,55419895,ENSG00000115355
2,55350334,2,55287842,55419895,ENSG00000115355
2,55346560,2,55287842,55419895,ENSG00000115355
2,55319612,2,55287842,55419895,ENSG00000115355
2,55420186,2,55287842,55419895,ENSG00000115355
2,55313204,2,55287842,55419895,ENSG00000115355
2,55313535,2,55287842,55419895,ENSG00000115355
2,55313609,2,55287842,55419895,ENSG00000115355
2,55290355,2,55287842,55419895,ENSG00000115355
2,98611349,2,98608579,98618515,ENSG00000115446
2,98604625,2,98608579,98618515,ENSG00000115446
2,98604632,2,98608579,98618515,ENSG00000115446
2,98609710,2,98608579,98618515,ENSG00000115446
2,98617431,2,98608579,98618515,ENSG00000115446
2,98618706,2,98608579,98618515,ENSG00000115446
2,98620976,2,98608579,98618515,ENSG00000115446
2,98606453,2,98608579,98618515,ENSG00000115446
2,98607462,2,98608579,98618515,ENSG00000115446
2,98607846,2,98608579,98618515,ENSG00000115446
2,98608535,2,98608579,98618515,ENSG00000115446
2,98609182,2,98608579,98618515,ENSG00000115446
2,98615342,2,98608579,98618515,ENSG00000115446
2,98617318,2,98608579,98618515,ENSG00000115446
2,98617562,2,98608579,98618515,ENSG00000115446
2,98618592,2,98608579,98618515,ENSG00000115446
2,98604244,2,98608579,98618515,ENSG00000115446
2,98606371,2,98608579,98618515,ENSG00000115446
2,98608705,2,98608579,98618515,ENSG00000115446
2,98609303,2,98608579,98618515,ENSG00000115446
2,98609558,2,98608579,98618515,ENSG00000115446
2,98615849,2,98608579,98618515,ENSG00000115446
2,61445178,2,61187463,61471087,ENSG00000115464
2,61208140,2,61187463,61471087,ENSG00000115464
2,61190482,2,61187463,61471087,ENSG00000115464
2,61306481,2,61187463,61471087,ENSG00000115464
2,61438201,2,61187463,61471087,ENSG00000115464
2,61385746,2,61187463,61471087,ENSG00000115464
2,61385811,2,61187463,61471087,ENSG00000115464
2,61393854,2,61187463,61471087,ENSG00000115464
2,61427873,2,61187463,61471087,ENSG00000115464
2,61445856,2,61187463,61471087,ENSG00000115464
2,61385869,2,61187463,61471087,ENSG00000115464
2,61445830,2,61187463,61471087,ENSG00000115464
2,61190010,2,61187463,61471087,ENSG00000115464
2,61198486,2,61187463,61471087,ENSG00000115464
2,61441634,2,61187463,61471087,ENSG00000115464
2,61443064,2,61187463,61471087,ENSG00000115464
2,61443694,2,61187463,61471087,ENSG00000115464
2,61458710,2,61187463,61471087,ENSG00000115464
2,61464305,2,61187463,61471087,ENSG00000115464
2,61465068,2,61187463,61471087,ENSG00000115464
2,61299691,2,61187463,61471087,ENSG00000115464
2,61324300,2,61187463,61471087,ENSG00000115464
2,61325010,2,61187463,61471087,ENSG00000115464
2,61327154,2,61187463,61471087,ENSG00000115464
2,61328286,2,61187463,61471087,ENSG00000115464
2,61331547,2,61187463,61471087,ENSG00000115464
2,61336986,2,61187463,61471087,ENSG00000115464
2,61345187,2,61187463,61471087,ENSG00000115464
2,61355993,2,61187463,61471087,ENSG00000115464
2,61380601,2,61187463,61471087,ENSG00000115464
2,61381405,2,61187463,61471087,ENSG00000115464
2,61218198,2,61187463,61471087,ENSG00000115464
2,61391439,2,61187463,61471087,ENSG00000115464
2,61392132,2,61187463,61471087,ENSG00000115464
2,61392453,2,61187463,61471087,ENSG00000115464
2,61401105,2,61187463,61471087,ENSG00000115464
2,61402273,2,61187463,61471087,ENSG00000115464
2,61413352,2,61187463,61471087,ENSG00000115464
2,61423580,2,61187463,61471087,ENSG00000115464
2,61423892,2,61187463,61471087,ENSG00000115464
2,61209909,2,61187463,61471087,ENSG00000115464
2,61234048,2,61187463,61471087,ENSG00000115464
2,61292273,2,61187463,61471087,ENSG00000115464
2,61294362,2,61187463,61471087,ENSG00000115464
2,61294912,2,61187463,61471087,ENSG00000115464
2,61309605,2,61187463,61471087,ENSG00000115464
2,61310079,2,61187463,61471087,ENSG00000115464
2,61322955,2,61187463,61471087,ENSG00000115464
2,61323394,2,61187463,61471087,ENSG00000115464
2,61325244,2,61187463,61471087,ENSG00000115464
2,61230013,2,61187463,61471087,ENSG00000115464
2,61231383,2,61187463,61471087,ENSG00000115464
2,61467662,2,61187463,61471087,ENSG00000115464
2,61189483,2,61187463,61471087,ENSG00000115464
2,61189486,2,61187463,61471087,ENSG00000115464
2,61442113,2,61187463,61471087,ENSG00000115464
2,61464125,2,61187463,61471087,ENSG00000115464
2,61199685,2,61187463,61471087,ENSG00000115464
2,61363843,2,61187463,61471087,ENSG00000115464
2,61405093,2,61187463,61471087,ENSG00000115464
2,61416496,2,61187463,61471087,ENSG00000115464
2,147975979,2,147930396,148021604,ENSG00000115947
2,148006315,2,147930396,148021604,ENSG00000115947
2,147953606,2,147930396,148021604,ENSG00000115947
2,147959261,2,147930396,148021604,ENSG00000115947
2,147969457,2,147930396,148021604,ENSG00000115947
2,147974290,2,147930396,148021604,ENSG00000115947
2,147989124,2,147930396,148021604,ENSG00000115947
2,148006310,2,147930396,148021604,ENSG00000115947
2,147962618,2,147930396,148021604,ENSG00000115947
2,147971481,2,147930396,148021604,ENSG00000115947
2,147998244,2,147930396,148021604,ENSG00000115947
2,148008315,2,147930396,148021604,ENSG00000115947
2,147995293,2,147930396,148021604,ENSG00000115947
2,147929492,2,147930396,148021604,ENSG00000115947
2,147935207,2,147930396,148021604,ENSG00000115947
2,147946396,2,147930396,148021604,ENSG00000115947
1,54223114,1,54184041,54225464,ENSG00000116221
1,54223788,1,54184041,54225464,ENSG00000116221
1,54223970,1,54184041,54225464,ENSG00000116221
1,62496569,1,62454298,62688386,ENSG00000116641
1,62533290,1,62454298,62688386,ENSG00000116641
1,62545331,1,62454298,62688386,ENSG00000116641
1,62664930,1,62454298,62688386,ENSG00000116641
1,11051572,1,11054584,11060020,ENSG00000116649
1,11052990,1,11054584,11060020,ENSG00000116649
1,11053019,1,11054584,11060020,ENSG00000116649
1,11053174,1,11054584,11060020,ENSG00000116649
1,11053793,1,11054584,11060020,ENSG00000116649
1,11054883,1,11054584,11060020,ENSG00000116649
1,11051980,1,11054584,11060020,ENSG00000116649
1,11057594,1,11054584,11060020,ENSG00000116649
1,11057439,1,11054584,11060020,ENSG00000116649
1,11052110,1,11054584,11060020,ENSG00000116649
1,11060199,1,11054584,11060020,ENSG00000116649
1,11062010,1,11054584,11060020,ENSG00000116649
1,36418345,1,36415827,36450451,ENSG00000116885
1,36418683,1,36415827,36450451,ENSG00000116885
1,36418872,1,36415827,36450451,ENSG00000116885
1,36434569,1,36415827,36450451,ENSG00000116885
1,36413631,1,36415827,36450451,ENSG00000116885
1,36413081,1,36415827,36450451,ENSG00000116885
1,36446312,1,36415827,36450451,ENSG00000116885
1,236553258,1,236518000,236552981,ENSG00000116977
1,236553441,1,236518000,236552981,ENSG00000116977
1,236553659,1,236518000,236552981,ENSG00000116977
1,236553804,1,236518000,236552981,ENSG00000116977
1,236554001,1,236518000,236552981,ENSG00000116977
1,236554626,1,236518000,236552981,ENSG00000116977
1,236555121,1,236518000,236552981,ENSG00000116977
1,236555261,1,236518000,236552981,ENSG00000116977
1,236555320,1,236518000,236552981,ENSG00000116977
1,236555893,1,236518000,236552981,ENSG00000116977
1,236557533,1,236518000,236552981,ENSG00000116977
1,236551447,1,236518000,236552981,ENSG00000116977
1,236540434,1,236518000,236552981,ENSG00000116977
1,236531604,1,236518000,236552981,ENSG00000116977
1,236531636,1,236518000,236552981,ENSG00000116977
1,236531684,1,236518000,236552981,ENSG00000116977
1,236533522,1,236518000,236552981,ENSG00000116977
1,236533629,1,236518000,236552981,ENSG00000116977
1,236534221,1,236518000,236552981,ENSG00000116977
1,236534251,1,236518000,236552981,ENSG00000116977
1,236534367,1,236518000,236552981,ENSG00000116977
1,236539217,1,236518000,236552981,ENSG00000116977
1,236539710,1,236518000,236552981,ENSG00000116977
1,236534982,1,236518000,236552981,ENSG00000116977
1,236535170,1,236518000,236552981,ENSG00000116977
1,236535235,1,236518000,236552981,ENSG00000116977
1,236535336,1,236518000,236552981,ENSG00000116977
1,236535466,1,236518000,236552981,ENSG00000116977
1,236535482,1,236518000,236552981,ENSG00000116977
1,236536316,1,236518000,236552981,ENSG00000116977
1,236537008,1,236518000,236552981,ENSG00000116977
1,236537016,1,236518000,236552981,ENSG00000116977
1,236537166,1,236518000,236552981,ENSG00000116977
1,236537261,1,236518000,236552981,ENSG00000116977
1,236537328,1,236518000,236552981,ENSG00000116977
1,236537373,1,236518000,236552981,ENSG00000116977
1,236537507,1,236518000,236552981,ENSG00000116977
1,236537523,1,236518000,236552981,ENSG00000116977
1,236537557,1,236518000,236552981,ENSG00000116977
1,236537682,1,236518000,236552981,ENSG00000116977
1,236537962,1,236518000,236552981,ENSG00000116977
1,236538159,1,236518000,236552981,ENSG00000116977
1,236538192,1,236518000,236552981,ENSG00000116977
1,236538225,1,236518000,236552981,ENSG00000116977
1,236538385,1,236518000,236552981,ENSG00000116977
1,236538400,1,236518000,236552981,ENSG00000116977
1,236538418,1,236518000,236552981,ENSG00000116977
1,236538433,1,236518000,236552981,ENSG00000116977
1,236538436,1,236518000,236552981,ENSG00000116977
1,236538448,1,236518000,236552981,ENSG00000116977
1,236538549,1,236518000,236552981,ENSG00000116977
1,236538597,1,236518000,236552981,ENSG00000116977
1,236538853,1,236518000,236552981,ENSG00000116977
1,236539150,1,236518000,236552981,ENSG00000116977
1,236539175,1,236518000,236552981,ENSG00000116977
1,236539252,1,236518000,236552981,ENSG00000116977
1,236539257,1,236518000,236552981,ENSG00000116977
1,236539259,1,236518000,236552981,ENSG00000116977
1,236539316,1,236518000,236552981,ENSG00000116977
1,236539414,1,236518000,236552981,ENSG00000116977
1,236539422,1,236518000,236552981,ENSG00000116977
1,236539428,1,236518000,236552981,ENSG00000116977
1,236539449,1,236518000,236552981,ENSG00000116977
1,236539450,1,236518000,236552981,ENSG00000116977
1,236539499,1,236518000,236552981,ENSG00000116977
1,236539513,1,236518000,236552981,ENSG00000116977
1,236539530,1,236518000,236552981,ENSG00000116977
1,236539582,1,236518000,236552981,ENSG00000116977
1,236539594,1,236518000,236552981,ENSG00000116977
1,236539602,1,236518000,236552981,ENSG00000116977
1,236539623,1,236518000,236552981,ENSG00000116977
1,236539658,1,236518000,236552981,ENSG00000116977
1,236539673,1,236518000,236552981,ENSG00000116977
1,236539684,1,236518000,236552981,ENSG00000116977
1,236539697,1,236518000,236552981,ENSG00000116977
1,236539698,1,236518000,236552981,ENSG00000116977
1,236539890,1,236518000,236552981,ENSG00000116977
1,236539898,1,236518000,236552981,ENSG00000116977
1,236539986,1,236518000,236552981,ENSG00000116977
1,236540056,1,236518000,236552981,ENSG00000116977
1,236540996,1,236518000,236552981,ENSG00000116977
1,236541054,1,236518000,236552981,ENSG00000116977
1,236541525,1,236518000,236552981,ENSG00000116977
1,236541588,1,236518000,236552981,ENSG00000116977
1,236541591,1,236518000,236552981,ENSG00000116977
1,236541597,1,236518000,236552981,ENSG00000116977
1,236542134,1,236518000,236552981,ENSG00000116977
1,236543052,1,236518000,236552981,ENSG00000116977
1,236543071,1,236518000,236552981,ENSG00000116977
1,236543125,1,236518000,236552981,ENSG00000116977
1,236543167,1,236518000,236552981,ENSG00000116977
1,236543736,1,236518000,236552981,ENSG00000116977
1,236544238,1,236518000,236552981,ENSG00000116977
1,236544516,1,236518000,236552981,ENSG00000116977
1,236544924,1,236518000,236552981,ENSG00000116977
1,236545016,1,236518000,236552981,ENSG00000116977
1,236545057,1,236518000,236552981,ENSG00000116977
1,236545295,1,236518000,236552981,ENSG00000116977
1,236545344,1,236518000,236552981,ENSG00000116977
1,236545488,1,236518000,236552981,ENSG00000116977
1,236545640,1,236518000,236552981,ENSG00000116977
1,236545691,1,236518000,236552981,ENSG00000116977
1,236545774,1,236518000,236552981,ENSG00000116977
1,236545795,1,236518000,236552981,ENSG00000116977
1,236545904,1,236518000,236552981,ENSG00000116977
1,236545923,1,236518000,236552981,ENSG00000116977
1,236546139,1,236518000,236552981,ENSG00000116977
1,236546185,1,236518000,236552981,ENSG00000116977
1,236546478,1,236518000,236552981,ENSG00000116977
1,236546935,1,236518000,236552981,ENSG00000116977
1,236547013,1,236518000,236552981,ENSG00000116977
1,236547026,1,236518000,236552981,ENSG00000116977
1,236547351,1,236518000,236552981,ENSG00000116977
1,236547556,1,236518000,236552981,ENSG00000116977
1,236547635,1,236518000,236552981,ENSG00000116977
1,236547874,1,236518000,236552981,ENSG00000116977
1,236547997,1,236518000,236552981,ENSG00000116977
1,236548023,1,236518000,236552981,ENSG00000116977
1,236548286,1,236518000,236552981,ENSG00000116977
1,236548582,1,236518000,236552981,ENSG00000116977
1,236548586,1,236518000,236552981,ENSG00000116977
1,236548651,1,236518000,236552981,ENSG00000116977
1,236548656,1,236518000,236552981,ENSG00000116977
1,236548681,1,236518000,236552981,ENSG00000116977
1,236548774,1,236518000,236552981,ENSG00000116977
1,236550256,1,236518000,236552981,ENSG00000116977
1,236550528,1,236518000,236552981,ENSG00000116977
1,236550764,1,236518000,236552981,ENSG00000116977
1,236551084,1,236518000,236552981,ENSG00000116977
1,236551409,1,236518000,236552981,ENSG00000116977
1,236551616,1,236518000,236552981,ENSG00000116977
1,236552217,1,236518000,236552981,ENSG00000116977
1,236552542,1,236518000,236552981,ENSG00000116977
1,236552563,1,236518000,236552981,ENSG00000116977
1,236538562,1,236518000,236552981,ENSG00000116977
1,236545668,1,236518000,236552981,ENSG00000116977
1,236539592,1,236518000,236552981,ENSG00000116977
1,236539595,1,236518000,236552981,ENSG00000116977
1,236556388,1,236518000,236552981,ENSG00000116977
1,236557461,1,236518000,236552981,ENSG00000116977
1,236557881,1,236518000,236552981,ENSG00000116977
1,236539978,1,236518000,236552981,ENSG00000116977
1,236539147,1,236518000,236552981,ENSG00000116977
1,236543745,1,236518000,236552981,ENSG00000116977
1,236556734,1,236518000,236552981,ENSG00000116977
1,236538390,1,236518000,236552981,ENSG00000116977
1,236532582,1,236518000,236552981,ENSG00000116977
1,236530336,1,236518000,236552981,ENSG00000116977
1,236530368,1,236518000,236552981,ENSG00000116977
1,236530516,1,236518000,236552981,ENSG00000116977
1,236530932,1,236518000,236552981,ENSG00000116977
1,236537949,1,236518000,236552981,ENSG00000116977
1,236543707,1,236518000,236552981,ENSG00000116977
1,236545243,1,236518000,236552981,ENSG00000116977
1,236545962,1,236518000,236552981,ENSG00000116977
1,236547070,1,236518000,236552981,ENSG00000116977
1,236549557,1,236518000,236552981,ENSG00000116977
1,236552410,1,236518000,236552981,ENSG00000116977
1,236533393,1,236518000,236552981,ENSG00000116977
1,236537110,1,236518000,236552981,ENSG00000116977
1,236537242,1,236518000,236552981,ENSG00000116977
1,236538817,1,236518000,236552981,ENSG00000116977
1,236538910,1,236518000,236552981,ENSG00000116977
1,236539860,1,236518000,236552981,ENSG00000116977
1,236541454,1,236518000,236552981,ENSG00000116977
1,236541513,1,236518000,236552981,ENSG00000116977
1,236546547,1,236518000,236552981,ENSG00000116977
1,236556839,1,236518000,236552981,ENSG00000116977
1,89006513,1,89006666,89022894,ENSG00000117226
1,89007492,1,89006666,89022894,ENSG00000117226
1,89009547,1,89006666,89022894,ENSG00000117226
1,89013380,1,89006666,89022894,ENSG00000117226
1,89013391,1,89006666,89022894,ENSG00000117226
1,89019212,1,89006666,89022894,ENSG00000117226
1,89026473,1,89006666,89022894,ENSG00000117226
1,89013003,1,89006666,89022894,ENSG00000117226
1,23558170,1,23557926,23559501,ENSG00000117318
1,207784210,1,207752037,207795513,ENSG00000117335
1,207792082,1,207752037,207795513,ENSG00000117335
1,207758568,1,207752037,207795513,ENSG00000117335
1,207777145,1,207752037,207795513,ENSG00000117335
1,207749600,1,207752037,207795513,ENSG00000117335
1,207750721,1,207752037,207795513,ENSG00000117335
1,207755290,1,207752037,207795513,ENSG00000117335
1,207756684,1,207752037,207795513,ENSG00000117335
1,207759272,1,207752037,207795513,ENSG00000117335
1,207759973,1,207752037,207795513,ENSG00000117335
1,207760232,1,207752037,207795513,ENSG00000117335
1,207760303,1,207752037,207795513,ENSG00000117335
1,207762361,1,207752037,207795513,ENSG00000117335
1,207764883,1,207752037,207795513,ENSG00000117335
1,207765364,1,207752037,207795513,ENSG00000117335
1,207768194,1,207752037,207795513,ENSG00000117335
1,207768396,1,207752037,207795513,ENSG00000117335
1,207768582,1,207752037,207795513,ENSG00000117335
1,207770727,1,207752037,207795513,ENSG00000117335
1,207771614,1,207752037,207795513,ENSG00000117335
1,207772367,1,207752037,207795513,ENSG00000117335
1,207772527,1,207752037,207795513,ENSG00000117335
1,207773154,1,207752037,207795513,ENSG00000117335
1,207775672,1,207752037,207795513,ENSG00000117335
1,207776337,1,207752037,207795513,ENSG00000117335
1,207778168,1,207752037,207795513,ENSG00000117335
1,207772625,1,207752037,207795513,ENSG00000117335
1,207787713,1,207752037,207795513,ENSG00000117335
1,207786320,1,207752037,207795513,ENSG00000117335
1,207788925,1,207752037,207795513,ENSG00000117335
1,207783214,1,207752037,207795513,ENSG00000117335
1,207751847,1,207752037,207795513,ENSG00000117335
1,207775132,1,207752037,207795513,ENSG00000117335
1,207794374,1,207752037,207795513,ENSG00000117335
1,207798809,1,207752037,207795513,ENSG00000117335
1,207751561,1,207752037,207795513,ENSG00000117335
1,46349341,1,46340789,46369218,ENSG00000117481
1,46356488,1,46340789,46369218,ENSG00000117481
1,46338816,1,46340789,46369218,ENSG00000117481
1,46341031,1,46340789,46369218,ENSG00000117481
1,46341445,1,46340789,46369218,ENSG00000117481
1,46341744,1,46340789,46369218,ENSG00000117481
1,46341773,1,46340789,46369218,ENSG00000117481
1,46342025,1,46340789,46369218,ENSG00000117481
1,46342552,1,46340789,46369218,ENSG00000117481
1,46342754,1,46340789,46369218,ENSG00000117481
1,46342790,1,46340789,46369218,ENSG00000117481
1,46342996,1,46340789,46369218,ENSG00000117481
1,46343023,1,46340789,46369218,ENSG00000117481
1,46343188,1,46340789,46369218,ENSG00000117481
1,46343353,1,46340789,46369218,ENSG00000117481
1,46343649,1,46340789,46369218,ENSG00000117481
1,46343747,1,46340789,46369218,ENSG00000117481
1,46344110,1,46340789,46369218,ENSG00000117481
1,46344440,1,46340789,46369218,ENSG00000117481
1,46344632,1,46340789,46369218,ENSG00000117481
1,46344733,1,46340789,46369218,ENSG00000117481
1,46344998,1,46340789,46369218,ENSG00000117481
1,46345170,1,46340789,46369218,ENSG00000117481
1,46345278,1,46340789,46369218,ENSG00000117481
1,46345298,1,46340789,46369218,ENSG00000117481
1,46345355,1,46340789,46369218,ENSG00000117481
1,46345543,1,46340789,46369218,ENSG00000117481
1,46345638,1,46340789,46369218,ENSG00000117481
1,46345661,1,46340789,46369218,ENSG00000117481
1,46346320,1,46340789,46369218,ENSG00000117481
1,46346370,1,46340789,46369218,ENSG00000117481
1,46346667,1,46340789,46369218,ENSG00000117481
1,46346688,1,46340789,46369218,ENSG00000117481
1,46346702,1,46340789,46369218,ENSG00000117481
1,46346772,1,46340789,46369218,ENSG00000117481
1,46346847,1,46340789,46369218,ENSG00000117481
1,46347180,1,46340789,46369218,ENSG00000117481
1,46347216,1,46340789,46369218,ENSG00000117481
1,46347947,1,46340789,46369218,ENSG00000117481
1,46347963,1,46340789,46369218,ENSG00000117481
1,46347991,1,46340789,46369218,ENSG00000117481
1,46348188,1,46340789,46369218,ENSG00000117481
1,46348216,1,46340789,46369218,ENSG00000117481
1,46348295,1,46340789,46369218,ENSG00000117481
1,46348310,1,46340789,46369218,ENSG00000117481
1,46348336,1,46340789,46369218,ENSG00000117481
1,46348420,1,46340789,46369218,ENSG00000117481
1,46348559,1,46340789,46369218,ENSG00000117481
1,46348593,1,46340789,46369218,ENSG00000117481
1,46348601,1,46340789,46369218,ENSG00000117481
1,46348657,1,46340789,46369218,ENSG00000117481
1,46348680,1,46340789,46369218,ENSG00000117481
1,46349221,1,46340789,46369218,ENSG00000117481
1,46349266,1,46340789,46369218,ENSG00000117481
1,46349281,1,46340789,46369218,ENSG00000117481
1,46349285,1,46340789,46369218,ENSG00000117481
1,46349419,1,46340789,46369218,ENSG00000117481
1,46349482,1,46340789,46369218,ENSG00000117481
1,46349706,1,46340789,46369218,ENSG00000117481
1,46350077,1,46340789,46369218,ENSG00000117481
1,46350164,1,46340789,46369218,ENSG00000117481
1,46350208,1,46340789,46369218,ENSG00000117481
1,46350226,1,46340789,46369218,ENSG00000117481
1,46350258,1,46340789,46369218,ENSG00000117481
1,46350298,1,46340789,46369218,ENSG00000117481
1,46350668,1,46340789,46369218,ENSG00000117481
1,46350736,1,46340789,46369218,ENSG00000117481
1,46350757,1,46340789,46369218,ENSG00000117481
1,46350793,1,46340789,46369218,ENSG00000117481
1,46350972,1,46340789,46369218,ENSG00000117481
1,46350987,1,46340789,46369218,ENSG00000117481
1,46351256,1,46340789,46369218,ENSG00000117481
1,46351453,1,46340789,46369218,ENSG00000117481
1,46351809,1,46340789,46369218,ENSG00000117481
1,46352083,1,46340789,46369218,ENSG00000117481
1,46352278,1,46340789,46369218,ENSG00000117481
1,46352702,1,46340789,46369218,ENSG00000117481
1,46352744,1,46340789,46369218,ENSG00000117481
1,46352745,1,46340789,46369218,ENSG00000117481
1,46352770,1,46340789,46369218,ENSG00000117481
1,46352780,1,46340789,46369218,ENSG00000117481
1,46352807,1,46340789,46369218,ENSG00000117481
1,46352836,1,46340789,46369218,ENSG00000117481
1,46353164,1,46340789,46369218,ENSG00000117481
1,46353226,1,46340789,46369218,ENSG00000117481
1,46353249,1,46340789,46369218,ENSG00000117481
1,46353349,1,46340789,46369218,ENSG00000117481
1,46353632,1,46340789,46369218,ENSG00000117481
1,46353769,1,46340789,46369218,ENSG00000117481
1,46353781,1,46340789,46369218,ENSG00000117481
1,46354176,1,46340789,46369218,ENSG00000117481
1,46354194,1,46340789,46369218,ENSG00000117481
1,46354747,1,46340789,46369218,ENSG00000117481
1,46354917,1,46340789,46369218,ENSG00000117481
1,46355224,1,46340789,46369218,ENSG00000117481
1,46355303,1,46340789,46369218,ENSG00000117481
1,46355830,1,46340789,46369218,ENSG00000117481
1,46356290,1,46340789,46369218,ENSG00000117481
1,46356401,1,46340789,46369218,ENSG00000117481
1,46356619,1,46340789,46369218,ENSG00000117481
1,46356625,1,46340789,46369218,ENSG00000117481
1,46356768,1,46340789,46369218,ENSG00000117481
1,46356928,1,46340789,46369218,ENSG00000117481
1,46357289,1,46340789,46369218,ENSG00000117481
1,46357421,1,46340789,46369218,ENSG00000117481
1,46357534,1,46340789,46369218,ENSG00000117481
1,46357626,1,46340789,46369218,ENSG00000117481
1,46358029,1,46340789,46369218,ENSG00000117481
1,46358245,1,46340789,46369218,ENSG00000117481
1,46358257,1,46340789,46369218,ENSG00000117481
1,46358526,1,46340789,46369218,ENSG00000117481
1,46358652,1,46340789,46369218,ENSG00000117481
1,46358691,1,46340789,46369218,ENSG00000117481
1,46358699,1,46340789,46369218,ENSG00000117481
1,46359184,1,46340789,46369218,ENSG00000117481
1,46359247,1,46340789,46369218,ENSG00000117481
1,46359504,1,46340789,46369218,ENSG00000117481
1,46359550,1,46340789,46369218,ENSG00000117481
1,46359761,1,46340789,46369218,ENSG00000117481
1,46359812,1,46340789,46369218,ENSG00000117481
1,46360005,1,46340789,46369218,ENSG00000117481
1,46360092,1,46340789,46369218,ENSG00000117481
1,46360102,1,46340789,46369218,ENSG00000117481
1,46360148,1,46340789,46369218,ENSG00000117481
1,46360915,1,46340789,46369218,ENSG00000117481
1,46361378,1,46340789,46369218,ENSG00000117481
1,46361813,1,46340789,46369218,ENSG00000117481
1,46362056,1,46340789,46369218,ENSG00000117481
1,46362097,1,46340789,46369218,ENSG00000117481
1,46362199,1,46340789,46369218,ENSG00000117481
1,46362437,1,46340789,46369218,ENSG00000117481
1,46362788,1,46340789,46369218,ENSG00000117481
1,46363028,1,46340789,46369218,ENSG00000117481
1,46363062,1,46340789,46369218,ENSG00000117481
1,46363341,1,46340789,46369218,ENSG00000117481
1,46364585,1,46340789,46369218,ENSG00000117481
1,46364775,1,46340789,46369218,ENSG00000117481
1,46366113,1,46340789,46369218,ENSG00000117481
1,46366557,1,46340789,46369218,ENSG00000117481
1,46366862,1,46340789,46369218,ENSG00000117481
1,46367014,1,46340789,46369218,ENSG00000117481
1,46368579,1,46340789,46369218,ENSG00000117481
1,46369796,1,46340789,46369218,ENSG00000117481
1,46370105,1,46340789,46369218,ENSG00000117481
1,46356467,1,46340789,46369218,ENSG00000117481
1,46356475,1,46340789,46369218,ENSG00000117481
1,46349089,1,46340789,46369218,ENSG00000117481
1,46352098,1,46340789,46369218,ENSG00000117481
1,46356552,1,46340789,46369218,ENSG00000117481
1,46356508,1,46340789,46369218,ENSG00000117481
1,46360004,1,46340789,46369218,ENSG00000117481
1,46368258,1,46340789,46369218,ENSG00000117481
1,46368777,1,46340789,46369218,ENSG00000117481
1,46369103,1,46340789,46369218,ENSG00000117481
1,46369467,1,46340789,46369218,ENSG00000117481
1,46347896,1,46340789,46369218,ENSG00000117481
1,46366341,1,46340789,46369218,ENSG00000117481
1,46336232,1,46340789,46369218,ENSG00000117481
1,46339389,1,46340789,46369218,ENSG00000117481
1,46335799,1,46340789,46369218,ENSG00000117481
1,46359589,1,46340789,46369218,ENSG00000117481
1,46340570,1,46340789,46369218,ENSG00000117481
1,46340602,1,46340789,46369218,ENSG00000117481
1,46340721,1,46340789,46369218,ENSG00000117481
1,46364758,1,46340789,46369218,ENSG00000117481
1,46340757,1,46340789,46369218,ENSG00000117481
1,46340808,1,46340789,46369218,ENSG00000117481
1,46340878,1,46340789,46369218,ENSG00000117481
1,46368540,1,46340789,46369218,ENSG00000117481
1,46349331,1,46340789,46369218,ENSG00000117481
1,46358511,1,46340789,46369218,ENSG00000117481
1,46357326,1,46340789,46369218,ENSG00000117481
1,46348918,1,46340789,46369218,ENSG00000117481
1,46352277,1,46340789,46369218,ENSG00000117481
11,118560288,11,118544528,118572970,ENSG00000118096
2,20626988,2,20560448,20651130,ENSG00000118960
12,123942977,12,123918660,123972831,ENSG00000119242
12,123977707,12,123918660,123972831,ENSG00000119242
12,123965282,12,123918660,123972831,ENSG00000119242
12,123966957,12,123918660,123972831,ENSG00000119242
12,123925982,12,123918660,123972831,ENSG00000119242
9,122252346,9,122237622,122264840,ENSG00000119446
9,122260013,9,122237622,122264840,ENSG00000119446
9,122241472,9,122237622,122264840,ENSG00000119446
9,122242826,9,122237622,122264840,ENSG00000119446
9,122238581,9,122237622,122264840,ENSG00000119446
9,122248606,9,122237622,122264840,ENSG00000119446
9,122248644,9,122237622,122264840,ENSG00000119446
9,122249386,9,122237622,122264840,ENSG00000119446
9,122250805,9,122237622,122264840,ENSG00000119446
9,122255030,9,122237622,122264840,ENSG00000119446
9,122255663,9,122237622,122264840,ENSG00000119446
9,122262047,9,122237622,122264840,ENSG00000119446
9,122262128,9,122237622,122264840,ENSG00000119446
9,122262298,9,122237622,122264840,ENSG00000119446
9,122239939,9,122237622,122264840,ENSG00000119446
9,100292669,9,100099243,100302175,ENSG00000119509
9,100293985,9,100099243,100302175,ENSG00000119509
9,100283799,9,100099243,100302175,ENSG00000119509
9,100284889,9,100099243,100302175,ENSG00000119509
9,100290516,9,100099243,100302175,ENSG00000119509
9,100291908,9,100099243,100302175,ENSG00000119509
9,100252736,9,100099243,100302175,ENSG00000119509
9,100254556,9,100099243,100302175,ENSG00000119509
9,100254824,9,100099243,100302175,ENSG00000119509
9,100255536,9,100099243,100302175,ENSG00000119509
9,100259252,9,100099243,100302175,ENSG00000119509
9,100259365,9,100099243,100302175,ENSG00000119509
9,100262088,9,100099243,100302175,ENSG00000119509
9,100271908,9,100099243,100302175,ENSG00000119509
9,100274566,9,100099243,100302175,ENSG00000119509
9,100276371,9,100099243,100302175,ENSG00000119509
9,100276915,9,100099243,100302175,ENSG00000119509
9,100250546,9,100099243,100302175,ENSG00000119509
9,100296417,9,100099243,100302175,ENSG00000119509
9,100270853,9,100099243,100302175,ENSG00000119509
9,100195423,9,100099243,100302175,ENSG00000119509
9,100222685,9,100099243,100302175,ENSG00000119509
9,100236299,9,100099243,100302175,ENSG00000119509
9,100241350,9,100099243,100302175,ENSG00000119509
9,100243533,9,100099243,100302175,ENSG00000119509
9,100247133,9,100099243,100302175,ENSG00000119509
9,100247672,9,100099243,100302175,ENSG00000119509
9,100164337,9,100099243,100302175,ENSG00000119509
9,100178293,9,100099243,100302175,ENSG00000119509
9,100188444,9,100099243,100302175,ENSG00000119509
9,100211437,9,100099243,100302175,ENSG00000119509
9,100216962,9,100099243,100302175,ENSG00000119509
9,100218387,9,100099243,100302175,ENSG00000119509
9,100230054,9,100099243,100302175,ENSG00000119509
9,100243874,9,100099243,100302175,ENSG00000119509
9,100214362,9,100099243,100302175,ENSG00000119509
9,100248993,9,100099243,100302175,ENSG00000119509
9,100291256,9,100099243,100302175,ENSG00000119509
9,100142709,9,100099243,100302175,ENSG00000119509
9,100145794,9,100099243,100302175,ENSG00000119509
9,100236750,9,100099243,100302175,ENSG00000119509
9,100131973,9,100099243,100302175,ENSG00000119509
9,100146439,9,100099243,100302175,ENSG00000119509
9,100150438,9,100099243,100302175,ENSG00000119509
9,100126039,9,100099243,100302175,ENSG00000119509
18,63362278,18,63327726,63367228,ENSG00000119537
14,76043525,14,75902136,76084585,ENSG00000119650
14,76002964,14,75902136,76084585,ENSG00000119650
14,76052790,14,75902136,76084585,ENSG00000119650
14,76033411,14,75902136,76084585,ENSG00000119650
14,76080282,14,75902136,76084585,ENSG00000119650
14,76082440,14,75902136,76084585,ENSG00000119650
14,76083409,14,75902136,76084585,ENSG00000119650
14,76084003,14,75902136,76084585,ENSG00000119650
14,76084333,14,75902136,76084585,ENSG00000119650
14,76084488,14,75902136,76084585,ENSG00000119650
14,76080667,14,75902136,76084585,ENSG00000119650
14,76033960,14,75902136,76084585,ENSG00000119650
14,76001634,14,75902136,76084585,ENSG00000119650
14,76029449,14,75902136,76084585,ENSG00000119650
14,76002299,14,75902136,76084585,ENSG00000119650
14,75999802,14,75902136,76084585,ENSG00000119650
14,76062227,14,75902136,76084585,ENSG00000119650
14,76077219,14,75902136,76084585,ENSG00000119650
14,76018849,14,75902136,76084585,ENSG00000119650
14,75996524,14,75902136,76084585,ENSG00000119650
14,73563190,14,73567620,73575658,ENSG00000119673
14,73564260,14,73567620,73575658,ENSG00000119673
14,73565622,14,73567620,73575658,ENSG00000119673
14,73571510,14,73567620,73575658,ENSG00000119673
14,73573858,14,73567620,73575658,ENSG00000119673
14,73580491,14,73567620,73575658,ENSG00000119673
14,73580515,14,73567620,73575658,ENSG00000119673
14,73562994,14,73567620,73575658,ENSG00000119673
14,73563152,14,73567620,73575658,ENSG00000119673
14,73573637,14,73567620,73575658,ENSG00000119673
14,75009368,14,75013769,75051532,ENSG00000119684
14,75012336,14,75013769,75051532,ENSG00000119684
14,75012879,14,75013769,75051532,ENSG00000119684
14,75017975,14,75013769,75051532,ENSG00000119684
14,75017978,14,75013769,75051532,ENSG00000119684
14,75022243,14,75013769,75051532,ENSG00000119684
14,75022929,14,75013769,75051532,ENSG00000119684
14,75023964,14,75013769,75051532,ENSG00000119684
14,75025993,14,75013769,75051532,ENSG00000119684
14,75026029,14,75013769,75051532,ENSG00000119684
14,75028779,14,75013769,75051532,ENSG00000119684
14,75031281,14,75013769,75051532,ENSG00000119684
14,75036384,14,75013769,75051532,ENSG00000119684
14,75047125,14,75013769,75051532,ENSG00000119684
14,75017109,14,75013769,75051532,ENSG00000119684
14,75018069,14,75013769,75051532,ENSG00000119684
14,75013191,14,75013769,75051532,ENSG00000119684
14,75013934,14,75013769,75051532,ENSG00000119684
14,75014665,14,75013769,75051532,ENSG00000119684
14,75015205,14,75013769,75051532,ENSG00000119684
14,75015740,14,75013769,75051532,ENSG00000119684
14,75016124,14,75013769,75051532,ENSG00000119684
14,75016125,14,75013769,75051532,ENSG00000119684
14,75027345,14,75013769,75051532,ENSG00000119684
14,75028280,14,75013769,75051532,ENSG00000119684
14,75031474,14,75013769,75051532,ENSG00000119684
14,75036124,14,75013769,75051532,ENSG00000119684
14,75037751,14,75013769,75051532,ENSG00000119684
14,75040172,14,75013769,75051532,ENSG00000119684
14,75052472,14,75013769,75051532,ENSG00000119684
14,75038783,14,75013769,75051532,ENSG00000119684
14,75043883,14,75013769,75051532,ENSG00000119684
14,75044077,14,75013769,75051532,ENSG00000119684
14,75052490,14,75013769,75051532,ENSG00000119684
14,75044372,14,75013769,75051532,ENSG00000119684
14,75038305,14,75013769,75051532,ENSG00000119684
14,75040382,14,75013769,75051532,ENSG00000119684
14,75045909,14,75013769,75051532,ENSG00000119684
14,75053362,14,75013769,75051532,ENSG00000119684
14,75040822,14,75013769,75051532,ENSG00000119684
14,75045806,14,75013769,75051532,ENSG00000119684
14,75044033,14,75013769,75051532,ENSG00000119684
14,75035537,14,75013769,75051532,ENSG00000119684
14,75009758,14,75013769,75051532,ENSG00000119684
14,75009764,14,75013769,75051532,ENSG00000119684
14,75039527,14,75013769,75051532,ENSG00000119684
14,75906651,14,75633625,75955079,ENSG00000119685
14,77710508,14,77708071,77761104,ENSG00000119705
14,77747678,14,77708071,77761104,ENSG00000119705
14,77714283,14,77708071,77761104,ENSG00000119705
14,77719232,14,77708071,77761104,ENSG00000119705
14,77727118,14,77708071,77761104,ENSG00000119705
14,77732676,14,77708071,77761104,ENSG00000119705
14,77742991,14,77708071,77761104,ENSG00000119705
14,77747947,14,77708071,77761104,ENSG00000119705
14,77763646,14,77708071,77761104,ENSG00000119705
14,77706332,14,77708071,77761104,ENSG00000119705
14,77705499,14,77708071,77761104,ENSG00000119705
14,77712604,14,77708071,77761104,ENSG00000119705
14,77728438,14,77708071,77761104,ENSG00000119705
14,77752942,14,77708071,77761104,ENSG00000119705
14,77759156,14,77708071,77761104,ENSG00000119705
14,77760507,14,77708071,77761104,ENSG00000119705
14,77706684,14,77708071,77761104,ENSG00000119705
14,77731022,14,77708071,77761104,ENSG00000119705
14,77744191,14,77708071,77761104,ENSG00000119705
14,77719085,14,77708071,77761104,ENSG00000119705
14,77748382,14,77708071,77761104,ENSG00000119705
14,77761289,14,77708071,77761104,ENSG00000119705
14,77761491,14,77708071,77761104,ENSG00000119705
10,98416609,10,98383565,98415182,ENSG00000119943
10,98416582,10,98383565,98415182,ENSG00000119943
10,98403840,10,98383565,98415182,ENSG00000119943
10,98408103,10,98383565,98415182,ENSG00000119943
10,98410750,10,98383565,98415182,ENSG00000119943
10,98411714,10,98383565,98415182,ENSG00000119943
10,98400642,10,98383565,98415182,ENSG00000119943
10,98416858,10,98383565,98415182,ENSG00000119943
10,98417292,10,98383565,98415182,ENSG00000119943
10,98417240,10,98383565,98415182,ENSG00000119943
10,98386556,10,98383565,98415182,ENSG00000119943
10,98407482,10,98383565,98415182,ENSG00000119943
10,98407519,10,98383565,98415182,ENSG00000119943
10,98409928,10,98383565,98415182,ENSG00000119943
10,98410626,10,98383565,98415182,ENSG00000119943
10,98412278,10,98383565,98415182,ENSG00000119943
10,98415720,10,98383565,98415182,ENSG00000119943
10,98405739,10,98383565,98415182,ENSG00000119943
10,98408244,10,98383565,98415182,ENSG00000119943
10,98386156,10,98383565,98415182,ENSG00000119943
10,98391509,10,98383565,98415182,ENSG00000119943
10,98391548,10,98383565,98415182,ENSG00000119943
10,98392298,10,98383565,98415182,ENSG00000119943
10,98397096,10,98383565,98415182,ENSG00000119943
10,98399379,10,98383565,98415182,ENSG00000119943
10,98388301,10,98383565,98415182,ENSG00000119943
10,98388419,10,98383565,98415182,ENSG00000119943
10,98393851,10,98383565,98415182,ENSG00000119943
17,46194029,17,46029916,46225389,ENSG00000120071
17,46219435,17,46029916,46225389,ENSG00000120071
17,46027210,17,46029916,46225389,ENSG00000120071
17,46032905,17,46029916,46225389,ENSG00000120071
17,46033304,17,46029916,46225389,ENSG00000120071
17,46038074,17,46029916,46225389,ENSG00000120071
17,46039584,17,46029916,46225389,ENSG00000120071
17,46048999,17,46029916,46225389,ENSG00000120071
17,46049107,17,46029916,46225389,ENSG00000120071
17,46049111,17,46029916,46225389,ENSG00000120071
17,46049112,17,46029916,46225389,ENSG00000120071
17,46060835,17,46029916,46225389,ENSG00000120071
17,46072795,17,46029916,46225389,ENSG00000120071
17,46074180,17,46029916,46225389,ENSG00000120071
17,46078366,17,46029916,46225389,ENSG00000120071
17,46085231,17,46029916,46225389,ENSG00000120071
17,46091311,17,46029916,46225389,ENSG00000120071
17,46101802,17,46029916,46225389,ENSG00000120071
17,46108697,17,46029916,46225389,ENSG00000120071
17,46109891,17,46029916,46225389,ENSG00000120071
17,46115557,17,46029916,46225389,ENSG00000120071
17,46130946,17,46029916,46225389,ENSG00000120071
17,46131308,17,46029916,46225389,ENSG00000120071
17,46133567,17,46029916,46225389,ENSG00000120071
17,46134944,17,46029916,46225389,ENSG00000120071
17,46135416,17,46029916,46225389,ENSG00000120071
17,46161205,17,46029916,46225389,ENSG00000120071
17,46169798,17,46029916,46225389,ENSG00000120071
17,46180417,17,46029916,46225389,ENSG00000120071
17,46200110,17,46029916,46225389,ENSG00000120071
17,46206395,17,46029916,46225389,ENSG00000120071
17,46206691,17,46029916,46225389,ENSG00000120071
17,46207176,17,46029916,46225389,ENSG00000120071
17,46207368,17,46029916,46225389,ENSG00000120071
17,46207596,17,46029916,46225389,ENSG00000120071
17,46207776,17,46029916,46225389,ENSG00000120071
17,46208094,17,46029916,46225389,ENSG00000120071
17,46208101,17,46029916,46225389,ENSG00000120071
17,46208165,17,46029916,46225389,ENSG00000120071
17,46208586,17,46029916,46225389,ENSG00000120071
17,46208723,17,46029916,46225389,ENSG00000120071
17,46208762,17,46029916,46225389,ENSG00000120071
17,46215839,17,46029916,46225389,ENSG00000120071
17,46227518,17,46029916,46225389,ENSG00000120071
17,46114117,17,46029916,46225389,ENSG00000120071
17,46185130,17,46029916,46225389,ENSG00000120071
17,46216573,17,46029916,46225389,ENSG00000120071
17,46044213,17,46029916,46225389,ENSG00000120071
17,46047911,17,46029916,46225389,ENSG00000120071
17,46092763,17,46029916,46225389,ENSG00000120071
17,46150257,17,46029916,46225389,ENSG00000120071
17,46150803,17,46029916,46225389,ENSG00000120071
17,46208832,17,46029916,46225389,ENSG00000120071
17,46111701,17,46029916,46225389,ENSG00000120071
17,46188473,17,46029916,46225389,ENSG00000120071
17,46212466,17,46029916,46225389,ENSG00000120071
17,46107462,17,46029916,46225389,ENSG00000120071
17,46025316,17,46029916,46225389,ENSG00000120071
17,46122825,17,46029916,46225389,ENSG00000120071
17,46214614,17,46029916,46225389,ENSG00000120071
17,46158461,17,46029916,46225389,ENSG00000120071
17,46089626,17,46029916,46225389,ENSG00000120071
17,46095446,17,46029916,46225389,ENSG00000120071
17,46101729,17,46029916,46225389,ENSG00000120071
17,46108113,17,46029916,46225389,ENSG00000120071
17,46111904,17,46029916,46225389,ENSG00000120071
17,46144477,17,46029916,46225389,ENSG00000120071
17,46158639,17,46029916,46225389,ENSG00000120071
17,46169651,17,46029916,46225389,ENSG00000120071
17,46209018,17,46029916,46225389,ENSG00000120071
17,46207234,17,46029916,46225389,ENSG00000120071
17,46112232,17,46029916,46225389,ENSG00000120071
17,46104901,17,46029916,46225389,ENSG00000120071
17,46122826,17,46029916,46225389,ENSG00000120071
17,46145058,17,46029916,46225389,ENSG00000120071
17,46185584,17,46029916,46225389,ENSG00000120071
17,46189616,17,46029916,46225389,ENSG00000120071
17,46208478,17,46029916,46225389,ENSG00000120071
17,46098123,17,46029916,46225389,ENSG00000120071
17,46197108,17,46029916,46225389,ENSG00000120071
17,46109586,17,46029916,46225389,ENSG00000120071
17,46125324,17,46029916,46225389,ENSG00000120071
17,46192815,17,46029916,46225389,ENSG00000120071
17,46193293,17,46029916,46225389,ENSG00000120071
17,46146906,17,46029916,46225389,ENSG00000120071
17,46053939,17,46029916,46225389,ENSG00000120071
17,46084864,17,46029916,46225389,ENSG00000120071
17,46086443,17,46029916,46225389,ENSG00000120071
17,46028029,17,46029916,46225389,ENSG00000120071
17,46042001,17,46029916,46225389,ENSG00000120071
17,46084215,17,46029916,46225389,ENSG00000120071
17,46042474,17,46029916,46225389,ENSG00000120071
17,46032108,17,46029916,46225389,ENSG00000120071
17,46039477,17,46029916,46225389,ENSG00000120071
17,46041685,17,46029916,46225389,ENSG00000120071
17,46042621,17,46029916,46225389,ENSG00000120071
17,46048100,17,46029916,46225389,ENSG00000120071
17,46053730,17,46029916,46225389,ENSG00000120071
17,46063382,17,46029916,46225389,ENSG00000120071
17,46227039,17,46029916,46225389,ENSG00000120071
17,46201143,17,46029916,46225389,ENSG00000120071
17,46204178,17,46029916,46225389,ENSG00000120071
17,46109112,17,46029916,46225389,ENSG00000120071
11,130871387,11,130866250,130916479,ENSG00000120451
11,130883174,11,130866250,130916479,ENSG00000120451
11,130883823,11,130866250,130916479,ENSG00000120451
11,130884713,11,130866250,130916479,ENSG00000120451
11,130884828,11,130866250,130916479,ENSG00000120451
11,130890092,11,130866250,130916479,ENSG00000120451
11,130890099,11,130866250,130916479,ENSG00000120451
11,130890100,11,130866250,130916479,ENSG00000120451
11,130890205,11,130866250,130916479,ENSG00000120451
11,130890308,11,130866250,130916479,ENSG00000120451
11,130890471,11,130866250,130916479,ENSG00000120451
11,130890599,11,130866250,130916479,ENSG00000120451
11,130890667,11,130866250,130916479,ENSG00000120451
11,130890698,11,130866250,130916479,ENSG00000120451
11,130890979,11,130866250,130916479,ENSG00000120451
11,130891104,11,130866250,130916479,ENSG00000120451
11,130891283,11,130866250,130916479,ENSG00000120451
11,130891367,11,130866250,130916479,ENSG00000120451
11,130891720,11,130866250,130916479,ENSG00000120451
11,130891790,11,130866250,130916479,ENSG00000120451
11,130891831,11,130866250,130916479,ENSG00000120451
11,130891995,11,130866250,130916479,ENSG00000120451
11,130892140,11,130866250,130916479,ENSG00000120451
11,130892162,11,130866250,130916479,ENSG00000120451
11,130892229,11,130866250,130916479,ENSG00000120451
11,130892230,11,130866250,130916479,ENSG00000120451
11,130892245,11,130866250,130916479,ENSG00000120451
11,130892610,11,130866250,130916479,ENSG00000120451
11,130892634,11,130866250,130916479,ENSG00000120451
11,130892655,11,130866250,130916479,ENSG00000120451
11,130892674,11,130866250,130916479,ENSG00000120451
11,130893066,11,130866250,130916479,ENSG00000120451
11,130893075,11,130866250,130916479,ENSG00000120451
11,130893257,11,130866250,130916479,ENSG00000120451
11,130893559,11,130866250,130916479,ENSG00000120451
11,130893877,11,130866250,130916479,ENSG00000120451
11,130894114,11,130866250,130916479,ENSG00000120451
11,130894197,11,130866250,130916479,ENSG00000120451
11,130894514,11,130866250,130916479,ENSG00000120451
11,130894631,11,130866250,130916479,ENSG00000120451
11,130894953,11,130866250,130916479,ENSG00000120451
11,130894989,11,130866250,130916479,ENSG00000120451
11,130895008,11,130866250,130916479,ENSG00000120451
11,130895136,11,130866250,130916479,ENSG00000120451
11,130895492,11,130866250,130916479,ENSG00000120451
11,130895567,11,130866250,130916479,ENSG00000120451
11,130895589,11,130866250,130916479,ENSG00000120451
11,130895590,11,130866250,130916479,ENSG00000120451
11,130895742,11,130866250,130916479,ENSG00000120451
11,130895811,11,130866250,130916479,ENSG00000120451
11,130895828,11,130866250,130916479,ENSG00000120451
11,130895929,11,130866250,130916479,ENSG00000120451
11,130896074,11,130866250,130916479,ENSG00000120451
11,130896110,11,130866250,130916479,ENSG00000120451
11,130896149,11,130866250,130916479,ENSG00000120451
11,130896240,11,130866250,130916479,ENSG00000120451
11,130896330,11,130866250,130916479,ENSG00000120451
11,130896637,11,130866250,130916479,ENSG00000120451
11,130896674,11,130866250,130916479,ENSG00000120451
11,130896713,11,130866250,130916479,ENSG00000120451
11,130896821,11,130866250,130916479,ENSG00000120451
11,130896866,11,130866250,130916479,ENSG00000120451
11,130896937,11,130866250,130916479,ENSG00000120451
11,130896946,11,130866250,130916479,ENSG00000120451
11,130897050,11,130866250,130916479,ENSG00000120451
11,130897163,11,130866250,130916479,ENSG00000120451
11,130897187,11,130866250,130916479,ENSG00000120451
11,130897192,11,130866250,130916479,ENSG00000120451
11,130897303,11,130866250,130916479,ENSG00000120451
11,130897411,11,130866250,130916479,ENSG00000120451
11,130897560,11,130866250,130916479,ENSG00000120451
11,130897591,11,130866250,130916479,ENSG00000120451
11,130897857,11,130866250,130916479,ENSG00000120451
11,130898369,11,130866250,130916479,ENSG00000120451
11,130901767,11,130866250,130916479,ENSG00000120451
11,130904642,11,130866250,130916479,ENSG00000120451
11,130905360,11,130866250,130916479,ENSG00000120451
11,130905561,11,130866250,130916479,ENSG00000120451
11,130905584,11,130866250,130916479,ENSG00000120451
11,130905793,11,130866250,130916479,ENSG00000120451
11,130906507,11,130866250,130916479,ENSG00000120451
11,130906542,11,130866250,130916479,ENSG00000120451
11,130906559,11,130866250,130916479,ENSG00000120451
11,130906629,11,130866250,130916479,ENSG00000120451
11,130906718,11,130866250,130916479,ENSG00000120451
11,130906795,11,130866250,130916479,ENSG00000120451
11,130906806,11,130866250,130916479,ENSG00000120451
11,130906970,11,130866250,130916479,ENSG00000120451
11,130907144,11,130866250,130916479,ENSG00000120451
11,130907341,11,130866250,130916479,ENSG00000120451
11,130907349,11,130866250,130916479,ENSG00000120451
11,130907694,11,130866250,130916479,ENSG00000120451
11,130907918,11,130866250,130916479,ENSG00000120451
11,130907991,11,130866250,130916479,ENSG00000120451
11,130908615,11,130866250,130916479,ENSG00000120451
11,130908709,11,130866250,130916479,ENSG00000120451
11,130909010,11,130866250,130916479,ENSG00000120451
11,130909095,11,130866250,130916479,ENSG00000120451
11,130909378,11,130866250,130916479,ENSG00000120451
11,130909584,11,130866250,130916479,ENSG00000120451
11,130909726,11,130866250,130916479,ENSG00000120451
11,130909751,11,130866250,130916479,ENSG00000120451
11,130909779,11,130866250,130916479,ENSG00000120451
11,130909908,11,130866250,130916479,ENSG00000120451
11,130910120,11,130866250,130916479,ENSG00000120451
11,130910580,11,130866250,130916479,ENSG00000120451
11,130910588,11,130866250,130916479,ENSG00000120451
11,130910692,11,130866250,130916479,ENSG00000120451
11,130910700,11,130866250,130916479,ENSG00000120451
11,130910721,11,130866250,130916479,ENSG00000120451
11,130910754,11,130866250,130916479,ENSG00000120451
11,130910876,11,130866250,130916479,ENSG00000120451
11,130910933,11,130866250,130916479,ENSG00000120451
11,130910970,11,130866250,130916479,ENSG00000120451
11,130911075,11,130866250,130916479,ENSG00000120451
11,130911079,11,130866250,130916479,ENSG00000120451
11,130911580,11,130866250,130916479,ENSG00000120451
11,130911780,11,130866250,130916479,ENSG00000120451
11,130911790,11,130866250,130916479,ENSG00000120451
11,130911872,11,130866250,130916479,ENSG00000120451
11,130912163,11,130866250,130916479,ENSG00000120451
11,130912169,11,130866250,130916479,ENSG00000120451
11,130912192,11,130866250,130916479,ENSG00000120451
11,130912206,11,130866250,130916479,ENSG00000120451
11,130912264,11,130866250,130916479,ENSG00000120451
11,130912449,11,130866250,130916479,ENSG00000120451
11,130912674,11,130866250,130916479,ENSG00000120451
11,130913595,11,130866250,130916479,ENSG00000120451
11,130913648,11,130866250,130916479,ENSG00000120451
11,130913802,11,130866250,130916479,ENSG00000120451
11,130913833,11,130866250,130916479,ENSG00000120451
11,130913870,11,130866250,130916479,ENSG00000120451
11,130913894,11,130866250,130916479,ENSG00000120451
11,130913980,11,130866250,130916479,ENSG00000120451
11,130914501,11,130866250,130916479,ENSG00000120451
11,130914593,11,130866250,130916479,ENSG00000120451
11,130914721,11,130866250,130916479,ENSG00000120451
11,130914752,11,130866250,130916479,ENSG00000120451
11,130914799,11,130866250,130916479,ENSG00000120451
11,130914812,11,130866250,130916479,ENSG00000120451
11,130915310,11,130866250,130916479,ENSG00000120451
11,130915409,11,130866250,130916479,ENSG00000120451
11,130894100,11,130866250,130916479,ENSG00000120451
11,130899138,11,130866250,130916479,ENSG00000120451
11,130889529,11,130866250,130916479,ENSG00000120451
11,130889530,11,130866250,130916479,ENSG00000120451
11,130871520,11,130866250,130916479,ENSG00000120451
11,130889029,11,130866250,130916479,ENSG00000120451
11,130879456,11,130866250,130916479,ENSG00000120451
11,130921505,11,130866250,130916479,ENSG00000120451
11,130890297,11,130866250,130916479,ENSG00000120451
11,130892751,11,130866250,130916479,ENSG00000120451
11,130895780,11,130866250,130916479,ENSG00000120451
11,130899791,11,130866250,130916479,ENSG00000120451
11,130900916,11,130866250,130916479,ENSG00000120451
11,130909892,11,130866250,130916479,ENSG00000120451
11,130912754,11,130866250,130916479,ENSG00000120451
13,41219114,13,41216369,41263577,ENSG00000120662
13,41219696,13,41216369,41263577,ENSG00000120662
13,41227467,13,41216369,41263577,ENSG00000120662
13,41227484,13,41216369,41263577,ENSG00000120662
13,41232332,13,41216369,41263577,ENSG00000120662
13,41240141,13,41216369,41263577,ENSG00000120662
13,41257335,13,41216369,41263577,ENSG00000120662
13,41259121,13,41216369,41263577,ENSG00000120662
13,41259209,13,41216369,41263577,ENSG00000120662
13,41259785,13,41216369,41263577,ENSG00000120662
13,41261370,13,41216369,41263577,ENSG00000120662
13,41262644,13,41216369,41263577,ENSG00000120662
13,41263084,13,41216369,41263577,ENSG00000120662
13,41264367,13,41216369,41263577,ENSG00000120662
13,41265546,13,41216369,41263577,ENSG00000120662
13,41230684,13,41216369,41263577,ENSG00000120662
13,41232164,13,41216369,41263577,ENSG00000120662
13,41233814,13,41216369,41263577,ENSG00000120662
13,41234392,13,41216369,41263577,ENSG00000120662
13,41236495,13,41216369,41263577,ENSG00000120662
13,41239359,13,41216369,41263577,ENSG00000120662
13,41242849,13,41216369,41263577,ENSG00000120662
13,41242941,13,41216369,41263577,ENSG00000120662
13,41244220,13,41216369,41263577,ENSG00000120662
13,41246049,13,41216369,41263577,ENSG00000120662
13,41246578,13,41216369,41263577,ENSG00000120662
13,41246766,13,41216369,41263577,ENSG00000120662
13,41249094,13,41216369,41263577,ENSG00000120662
13,41250972,13,41216369,41263577,ENSG00000120662
13,41252308,13,41216369,41263577,ENSG00000120662
13,41253340,13,41216369,41263577,ENSG00000120662
13,41253653,13,41216369,41263577,ENSG00000120662
13,41243168,13,41216369,41263577,ENSG00000120662
17,57105842,17,57085092,57121346,ENSG00000121057
19,32975612,19,32875925,32971991,ENSG00000121289
19,32958478,19,32875925,32971991,ENSG00000121289
19,32957298,19,32875925,32971991,ENSG00000121289
7,100352785,7,100352176,100367831,ENSG00000121716
7,100352792,7,100352176,100367831,ENSG00000121716
7,100352795,7,100352176,100367831,ENSG00000121716
7,100352804,7,100352176,100367831,ENSG00000121716
7,100352827,7,100352176,100367831,ENSG00000121716
7,100363571,7,100352176,100367831,ENSG00000121716
7,100370021,7,100352176,100367831,ENSG00000121716
7,100370866,7,100352176,100367831,ENSG00000121716
7,100352032,7,100352176,100367831,ENSG00000121716
1,108930395,1,108875350,108934545,ENSG00000121957
1,108914228,1,108875350,108934545,ENSG00000121957
1,108923464,1,108875350,108934545,ENSG00000121957
1,108924236,1,108875350,108934545,ENSG00000121957
1,108926086,1,108875350,108934545,ENSG00000121957
1,108928038,1,108875350,108934545,ENSG00000121957
1,108913558,1,108875350,108934545,ENSG00000121957
1,108913559,1,108875350,108934545,ENSG00000121957
1,108914819,1,108875350,108934545,ENSG00000121957
1,108914888,1,108875350,108934545,ENSG00000121957
1,108918341,1,108875350,108934545,ENSG00000121957
1,108919817,1,108875350,108934545,ENSG00000121957
1,108919950,1,108875350,108934545,ENSG00000121957
1,108921084,1,108875350,108934545,ENSG00000121957
1,108921240,1,108875350,108934545,ENSG00000121957
1,108921256,1,108875350,108934545,ENSG00000121957
1,108921653,1,108875350,108934545,ENSG00000121957
1,108922060,1,108875350,108934545,ENSG00000121957
1,108922543,1,108875350,108934545,ENSG00000121957
1,108923253,1,108875350,108934545,ENSG00000121957
1,108924990,1,108875350,108934545,ENSG00000121957
1,108925498,1,108875350,108934545,ENSG00000121957
1,108927504,1,108875350,108934545,ENSG00000121957
1,108927563,1,108875350,108934545,ENSG00000121957
1,108927646,1,108875350,108934545,ENSG00000121957
1,108927647,1,108875350,108934545,ENSG00000121957
1,108907133,1,108875350,108934545,ENSG00000121957
1,108907527,1,108875350,108934545,ENSG00000121957
1,108883666,1,108875350,108934545,ENSG00000121957
1,108936808,1,108875350,108934545,ENSG00000121957
1,108879308,1,108875350,108934545,ENSG00000121957
1,108887963,1,108875350,108934545,ENSG00000121957
1,108895428,1,108875350,108934545,ENSG00000121957
1,108903423,1,108875350,108934545,ENSG00000121957
1,108907443,1,108875350,108934545,ENSG00000121957
1,108885627,1,108875350,108934545,ENSG00000121957
1,108909098,1,108875350,108934545,ENSG00000121957
1,108911663,1,108875350,108934545,ENSG00000121957
1,108930905,1,108875350,108934545,ENSG00000121957
1,108931204,1,108875350,108934545,ENSG00000121957
1,108931599,1,108875350,108934545,ENSG00000121957
1,108933741,1,108875350,108934545,ENSG00000121957
1,108934158,1,108875350,108934545,ENSG00000121957
1,108935031,1,108875350,108934545,ENSG00000121957
1,108937356,1,108875350,108934545,ENSG00000121957
1,108938044,1,108875350,108934545,ENSG00000121957
1,108938112,1,108875350,108934545,ENSG00000121957
1,108938311,1,108875350,108934545,ENSG00000121957
1,108908680,1,108875350,108934545,ENSG00000121957
16,3450039,16,3443649,3486953,ENSG00000122390
16,3450041,16,3443649,3486953,ENSG00000122390
1,95232272,1,95234210,95247225,ENSG00000122481
1,95235667,1,95234210,95247225,ENSG00000122481
1,95237026,1,95234210,95247225,ENSG00000122481
1,95237334,1,95234210,95247225,ENSG00000122481
1,95246494,1,95234210,95247225,ENSG00000122481
1,95231973,1,95234210,95247225,ENSG00000122481
1,95240059,1,95234210,95247225,ENSG00000122481
1,95243483,1,95234210,95247225,ENSG00000122481
1,95245922,1,95234210,95247225,ENSG00000122481
1,95251198,1,95234210,95247225,ENSG00000122481
12,113818201,12,113816738,113966325,ENSG00000122965
12,113818332,12,113816738,113966325,ENSG00000122965
12,113821920,12,113816738,113966325,ENSG00000122965
12,57802664,12,57782761,57808071,ENSG00000123297
12,57784379,12,57782761,57808071,ENSG00000123297
12,57780523,12,57782761,57808071,ENSG00000123297
12,57784806,12,57782761,57808071,ENSG00000123297
12,57799665,12,57782761,57808071,ENSG00000123297
12,57802745,12,57782761,57808071,ENSG00000123297
12,57794913,12,57782761,57808071,ENSG00000123297
12,57779683,12,57782761,57808071,ENSG00000123297
12,57782831,12,57782761,57808071,ENSG00000123297
12,57784365,12,57782761,57808071,ENSG00000123297
12,57777943,12,57782761,57808071,ENSG00000123297
12,57779146,12,57782761,57808071,ENSG00000123297
12,57781418,12,57782761,57808071,ENSG00000123297
12,57783654,12,57782761,57808071,ENSG00000123297
12,57784160,12,57782761,57808071,ENSG00000123297
12,57786633,12,57782761,57808071,ENSG00000123297
12,57788529,12,57782761,57808071,ENSG00000123297
12,57792811,12,57782761,57808071,ENSG00000123297
12,57793975,12,57782761,57808071,ENSG00000123297
12,57794374,12,57782761,57808071,ENSG00000123297
12,57803019,12,57782761,57808071,ENSG00000123297
12,57809571,12,57782761,57808071,ENSG00000123297
12,57810647,12,57782761,57808071,ENSG00000123297
12,57779665,12,57782761,57808071,ENSG00000123297
12,57812715,12,57782761,57808071,ENSG00000123297
12,57783014,12,57782761,57808071,ENSG00000123297
12,57789853,12,57782761,57808071,ENSG00000123297
12,57805653,12,57782761,57808071,ENSG00000123297
2,165863636,2,165857475,165953851,ENSG00000123607
2,165864741,2,165857475,165953851,ENSG00000123607
2,165867464,2,165857475,165953851,ENSG00000123607
2,165873172,2,165857475,165953851,ENSG00000123607
2,165863084,2,165857475,165953851,ENSG00000123607
2,165878971,2,165857475,165953851,ENSG00000123607
2,165869259,2,165857475,165953851,ENSG00000123607
2,165866274,2,165857475,165953851,ENSG00000123607
2,165870717,2,165857475,165953851,ENSG00000123607
2,165871357,2,165857475,165953851,ENSG00000123607
2,165868043,2,165857475,165953851,ENSG00000123607
2,165878423,2,165857475,165953851,ENSG00000123607
2,165879750,2,165857475,165953851,ENSG00000123607
2,165878960,2,165857475,165953851,ENSG00000123607
4,121808096,4,121801318,121817021,ENSG00000123737
4,121808146,4,121801318,121817021,ENSG00000123737
4,121808530,4,121801318,121817021,ENSG00000123737
4,121809666,4,121801318,121817021,ENSG00000123737
4,121810544,4,121801318,121817021,ENSG00000123737
4,121812468,4,121801318,121817021,ENSG00000123737
4,121816123,4,121801318,121817021,ENSG00000123737
4,121817966,4,121801318,121817021,ENSG00000123737
4,121818328,4,121801318,121817021,ENSG00000123737
4,121819007,4,121801318,121817021,ENSG00000123737
4,121819299,4,121801318,121817021,ENSG00000123737
2,219565956,2,219550728,219571859,ENSG00000124006
2,219562625,2,219550728,219571859,ENSG00000124006
2,219562706,2,219550728,219571859,ENSG00000124006
2,219560759,2,219550728,219571859,ENSG00000124006
2,219555831,2,219550728,219571859,ENSG00000124006
2,219559984,2,219550728,219571859,ENSG00000124006
2,219546059,2,219550728,219571859,ENSG00000124006
2,219548412,2,219550728,219571859,ENSG00000124006
2,219550995,2,219550728,219571859,ENSG00000124006
2,219552245,2,219550728,219571859,ENSG00000124006
2,219561274,2,219550728,219571859,ENSG00000124006
2,219559765,2,219550728,219571859,ENSG00000124006
2,219559853,2,219550728,219571859,ENSG00000124006
6,34763872,6,34757505,34773857,ENSG00000124562
6,34752434,6,34757505,34773857,ENSG00000124562
6,34752540,6,34757505,34773857,ENSG00000124562
6,34752545,6,34757505,34773857,ENSG00000124562
6,34752547,6,34757505,34773857,ENSG00000124562
6,34752634,6,34757505,34773857,ENSG00000124562
6,34753264,6,34757505,34773857,ENSG00000124562
6,34753351,6,34757505,34773857,ENSG00000124562
6,34754882,6,34757505,34773857,ENSG00000124562
6,34757878,6,34757505,34773857,ENSG00000124562
6,34757881,6,34757505,34773857,ENSG00000124562
6,34758359,6,34757505,34773857,ENSG00000124562
6,34758584,6,34757505,34773857,ENSG00000124562
6,34759061,6,34757505,34773857,ENSG00000124562
6,34762071,6,34757505,34773857,ENSG00000124562
6,34763448,6,34757505,34773857,ENSG00000124562
6,34764368,6,34757505,34773857,ENSG00000124562
6,34764737,6,34757505,34773857,ENSG00000124562
6,34765585,6,34757505,34773857,ENSG00000124562
6,34766462,6,34757505,34773857,ENSG00000124562
6,34767032,6,34757505,34773857,ENSG00000124562
6,34767899,6,34757505,34773857,ENSG00000124562
6,34770426,6,34757505,34773857,ENSG00000124562
6,34771949,6,34757505,34773857,ENSG00000124562
6,34774672,6,34757505,34773857,ENSG00000124562
6,34775840,6,34757505,34773857,ENSG00000124562
6,34778374,6,34757505,34773857,ENSG00000124562
6,34753290,6,34757505,34773857,ENSG00000124562
6,34763909,6,34757505,34773857,ENSG00000124562
6,34777905,6,34757505,34773857,ENSG00000124562
6,3004299,6,2987987,3019755,ENSG00000124588
6,3006751,6,2987987,3019755,ENSG00000124588
6,3009710,6,2987987,3019755,ENSG00000124588
6,3010915,6,2987987,3019755,ENSG00000124588
6,3010941,6,2987987,3019755,ENSG00000124588
6,3012491,6,2987987,3019755,ENSG00000124588
6,3013080,6,2987987,3019755,ENSG00000124588
6,3015556,6,2987987,3019755,ENSG00000124588
6,3015896,6,2987987,3019755,ENSG00000124588
6,3016152,6,2987987,3019755,ENSG00000124588
6,3016260,6,2987987,3019755,ENSG00000124588
6,3017940,6,2987987,3019755,ENSG00000124588
6,3018225,6,2987987,3019755,ENSG00000124588
6,3019420,6,2987987,3019755,ENSG00000124588
6,2997930,6,2987987,3019755,ENSG00000124588
6,3005325,6,2987987,3019755,ENSG00000124588
6,2997504,6,2987987,3019755,ENSG00000124588
6,2997890,6,2987987,3019755,ENSG00000124588
6,3003541,6,2987987,3019755,ENSG00000124588
6,3027896,6,2987987,3019755,ENSG00000124588
6,3027794,6,2987987,3019755,ENSG00000124588
6,3027805,6,2987987,3019755,ENSG00000124588
6,3028105,6,2987987,3019755,ENSG00000124588
6,3028203,6,2987987,3019755,ENSG00000124588
6,3027888,6,2987987,3019755,ENSG00000124588
6,3027891,6,2987987,3019755,ENSG00000124588
6,3027895,6,2987987,3019755,ENSG00000124588
6,3027899,6,2987987,3019755,ENSG00000124588
6,3028032,6,2987987,3019755,ENSG00000124588
6,3028061,6,2987987,3019755,ENSG00000124588
6,2989883,6,2987987,3019755,ENSG00000124588
6,2989885,6,2987987,3019755,ENSG00000124588
6,3006573,6,2987987,3019755,ENSG00000124588
6,3007244,6,2987987,3019755,ENSG00000124588
6,3021001,6,2987987,3019755,ENSG00000124588
6,3028618,6,2987987,3019755,ENSG00000124588
6,3011308,6,2987987,3019755,ENSG00000124588
6,3013254,6,2987987,3019755,ENSG00000124588
6,3017346,6,2987987,3019755,ENSG00000124588
6,3018577,6,2987987,3019755,ENSG00000124588
6,3018858,6,2987987,3019755,ENSG00000124588
6,3019693,6,2987987,3019755,ENSG00000124588
6,3020210,6,2987987,3019755,ENSG00000124588
6,3028817,6,2987987,3019755,ENSG00000124588
6,3029809,6,2987987,3019755,ENSG00000124588
6,3003736,6,2987987,3019755,ENSG00000124588
6,2985020,6,2987987,3019755,ENSG00000124588
6,3017627,6,2987987,3019755,ENSG00000124588
6,3015873,6,2987987,3019755,ENSG00000124588
6,3017261,6,2987987,3019755,ENSG00000124588
6,3026574,6,2987987,3019755,ENSG00000124588
6,3028893,6,2987987,3019755,ENSG00000124588
6,3030094,6,2987987,3019755,ENSG00000124588
6,3031759,6,2987987,3019755,ENSG00000124588
6,3028836,6,2987987,3019755,ENSG00000124588
6,3027979,6,2987987,3019755,ENSG00000124588
6,3030176,6,2987987,3019755,ENSG00000124588
6,3021632,6,2987987,3019755,ENSG00000124588
6,2990660,6,2987987,3019755,ENSG00000124588
6,3026781,6,2987987,3019755,ENSG00000124588
6,3026782,6,2987987,3019755,ENSG00000124588
6,3026785,6,2987987,3019755,ENSG00000124588
6,3026786,6,2987987,3019755,ENSG00000124588
6,2986511,6,2987987,3019755,ENSG00000124588
6,3030443,6,2987987,3019755,ENSG00000124588
6,2984567,6,2987987,3019755,ENSG00000124588
6,3021258,6,2987987,3019755,ENSG00000124588
6,3021044,6,2987987,3019755,ENSG00000124588
6,3028745,6,2987987,3019755,ENSG00000124588
6,3014249,6,2987987,3019755,ENSG00000124588
6,2991116,6,2987987,3019755,ENSG00000124588
6,3016498,6,2987987,3019755,ENSG00000124588
6,3020455,6,2987987,3019755,ENSG00000124588
6,3020531,6,2987987,3019755,ENSG00000124588
6,3020755,6,2987987,3019755,ENSG00000124588
6,3021933,6,2987987,3019755,ENSG00000124588
6,2985854,6,2987987,3019755,ENSG00000124588
6,2986098,6,2987987,3019755,ENSG00000124588
6,2986447,6,2987987,3019755,ENSG00000124588
6,2986826,6,2987987,3019755,ENSG00000124588
6,3000069,6,2987987,3019755,ENSG00000124588
6,2996087,6,2987987,3019755,ENSG00000124588
6,3001024,6,2987987,3019755,ENSG00000124588
6,2989773,6,2987987,3019755,ENSG00000124588
6,7281158,6,7268306,7347446,ENSG00000124783
6,7297441,6,7268306,7347446,ENSG00000124783
6,7285918,6,7268306,7347446,ENSG00000124783
6,8082380,6,8073360,8102559,ENSG00000124802
6,8087807,6,8073360,8102559,ENSG00000124802
6,8089907,6,8073360,8102559,ENSG00000124802
6,8077189,6,8073360,8102559,ENSG00000124802
6,8095062,6,8073360,8102559,ENSG00000124802
6,8095396,6,8073360,8102559,ENSG00000124802
6,8098069,6,8073360,8102559,ENSG00000124802
6,8100582,6,8073360,8102559,ENSG00000124802
6,8101174,6,8073360,8102559,ENSG00000124802
6,8103593,6,8073360,8102559,ENSG00000124802
6,8082341,6,8073360,8102559,ENSG00000124802
6,8077649,6,8073360,8102559,ENSG00000124802
6,8081262,6,8073360,8102559,ENSG00000124802
6,8085645,6,8073360,8102559,ENSG00000124802
6,8086267,6,8073360,8102559,ENSG00000124802
6,8090037,6,8073360,8102559,ENSG00000124802
6,8092774,6,8073360,8102559,ENSG00000124802
6,8104869,6,8073360,8102559,ENSG00000124802
6,8107374,6,8073360,8102559,ENSG00000124802
6,8071439,6,8073360,8102559,ENSG00000124802
6,8075433,6,8073360,8102559,ENSG00000124802
6,8075441,6,8073360,8102559,ENSG00000124802
6,8075613,6,8073360,8102559,ENSG00000124802
6,8102257,6,8073360,8102559,ENSG00000124802
6,8103270,6,8073360,8102559,ENSG00000124802
6,8102815,6,8073360,8102559,ENSG00000124802
6,8105795,6,8073360,8102559,ENSG00000124802
16,56666345,16,56666730,56668065,ENSG00000125144
16,56666810,16,56666730,56668065,ENSG00000125144
16,56668065,16,56666730,56668065,ENSG00000125144
16,56666263,16,56666730,56668065,ENSG00000125144
16,56666995,16,56666730,56668065,ENSG00000125144
16,56670305,16,56666730,56668065,ENSG00000125144
16,56670771,16,56666730,56668065,ENSG00000125144
16,56671082,16,56666730,56668065,ENSG00000125144
16,56672302,16,56666730,56668065,ENSG00000125144
16,56671819,16,56666730,56668065,ENSG00000125144
16,56665567,16,56666730,56668065,ENSG00000125144
16,56667403,16,56666730,56668065,ENSG00000125144
13,100642013,13,100603625,100675093,ENSG00000125247
13,100644485,13,100603625,100675093,ENSG00000125247
13,100646194,13,100603625,100675093,ENSG00000125247
13,100640580,13,100603625,100675093,ENSG00000125247
13,100655894,13,100603625,100675093,ENSG00000125247
13,100656199,13,100603625,100675093,ENSG00000125247
13,100656582,13,100603625,100675093,ENSG00000125247
13,100656928,13,100603625,100675093,ENSG00000125247
13,100656932,13,100603625,100675093,ENSG00000125247
13,100657077,13,100603625,100675093,ENSG00000125247
13,100657533,13,100603625,100675093,ENSG00000125247
13,100657553,13,100603625,100675093,ENSG00000125247
13,100662921,13,100603625,100675093,ENSG00000125247
13,100668813,13,100603625,100675093,ENSG00000125247
13,100655746,13,100603625,100675093,ENSG00000125247
13,100657928,13,100603625,100675093,ENSG00000125247
13,100660840,13,100603625,100675093,ENSG00000125247
13,100639834,13,100603625,100675093,ENSG00000125247
13,100640583,13,100603625,100675093,ENSG00000125247
13,100641086,13,100603625,100675093,ENSG00000125247
13,100650462,13,100603625,100675093,ENSG00000125247
13,100650569,13,100603625,100675093,ENSG00000125247
13,100650579,13,100603625,100675093,ENSG00000125247
13,100650962,13,100603625,100675093,ENSG00000125247
13,100653616,13,100603625,100675093,ENSG00000125247
13,100653946,13,100603625,100675093,ENSG00000125247
13,100653950,13,100603625,100675093,ENSG00000125247
13,100654522,13,100603625,100675093,ENSG00000125247
13,100654735,13,100603625,100675093,ENSG00000125247
13,100655542,13,100603625,100675093,ENSG00000125247
13,100655545,13,100603625,100675093,ENSG00000125247
13,100655633,13,100603625,100675093,ENSG00000125247
13,100662298,13,100603625,100675093,ENSG00000125247
13,100655676,13,100603625,100675093,ENSG00000125247
13,100655785,13,100603625,100675093,ENSG00000125247
13,100655862,13,100603625,100675093,ENSG00000125247
13,100658290,13,100603625,100675093,ENSG00000125247
13,100658503,13,100603625,100675093,ENSG00000125247
13,100659457,13,100603625,100675093,ENSG00000125247
13,100660914,13,100603625,100675093,ENSG00000125247
13,100661709,13,100603625,100675093,ENSG00000125247
13,100662467,13,100603625,100675093,ENSG00000125247
13,100662498,13,100603625,100675093,ENSG00000125247
13,100662717,13,100603625,100675093,ENSG00000125247
13,100663367,13,100603625,100675093,ENSG00000125247
13,100664059,13,100603625,100675093,ENSG00000125247
13,100630366,13,100603625,100675093,ENSG00000125247
13,100647808,13,100603625,100675093,ENSG00000125247
13,100648342,13,100603625,100675093,ENSG00000125247
13,100651621,13,100603625,100675093,ENSG00000125247
13,100655178,13,100603625,100675093,ENSG00000125247
13,100655614,13,100603625,100675093,ENSG00000125247
13,100631841,13,100603625,100675093,ENSG00000125247
13,100631949,13,100603625,100675093,ENSG00000125247
13,100635385,13,100603625,100675093,ENSG00000125247
13,100629799,13,100603625,100675093,ENSG00000125247
13,100629905,13,100603625,100675093,ENSG00000125247
13,100630100,13,100603625,100675093,ENSG00000125247
13,100630264,13,100603625,100675093,ENSG00000125247
13,100630568,13,100603625,100675093,ENSG00000125247
13,100631243,13,100603625,100675093,ENSG00000125247
13,100631593,13,100603625,100675093,ENSG00000125247
13,100631902,13,100603625,100675093,ENSG00000125247
13,100632005,13,100603625,100675093,ENSG00000125247
13,100632147,13,100603625,100675093,ENSG00000125247
13,100632449,13,100603625,100675093,ENSG00000125247
13,100632515,13,100603625,100675093,ENSG00000125247
13,100632571,13,100603625,100675093,ENSG00000125247
13,100632645,13,100603625,100675093,ENSG00000125247
13,100632708,13,100603625,100675093,ENSG00000125247
13,100632767,13,100603625,100675093,ENSG00000125247
13,100633095,13,100603625,100675093,ENSG00000125247
13,100633771,13,100603625,100675093,ENSG00000125247
13,100634001,13,100603625,100675093,ENSG00000125247
13,100634206,13,100603625,100675093,ENSG00000125247
13,100634583,13,100603625,100675093,ENSG00000125247
13,100634720,13,100603625,100675093,ENSG00000125247
13,100635705,13,100603625,100675093,ENSG00000125247
13,100670368,13,100603625,100675093,ENSG00000125247
13,100628761,13,100603625,100675093,ENSG00000125247
13,100655011,13,100603625,100675093,ENSG00000125247
13,100664124,13,100603625,100675093,ENSG00000125247
13,100672798,13,100603625,100675093,ENSG00000125247
13,100651835,13,100603625,100675093,ENSG00000125247
13,100628646,13,100603625,100675093,ENSG00000125247
13,100636738,13,100603625,100675093,ENSG00000125247
19,6433360,19,6436079,6465203,ENSG00000125648
19,6434012,19,6436079,6465203,ENSG00000125648
19,6434913,19,6436079,6465203,ENSG00000125648
19,6436180,19,6436079,6465203,ENSG00000125648
19,6436185,19,6436079,6465203,ENSG00000125648
19,6436211,19,6436079,6465203,ENSG00000125648
19,6436293,19,6436079,6465203,ENSG00000125648
19,6436294,19,6436079,6465203,ENSG00000125648
19,6436846,19,6436079,6465203,ENSG00000125648
19,6436973,19,6436079,6465203,ENSG00000125648
19,6437215,19,6436079,6465203,ENSG00000125648
19,6437882,19,6436079,6465203,ENSG00000125648
19,6448761,19,6436079,6465203,ENSG00000125648
19,6452294,19,6436079,6465203,ENSG00000125648
19,6455403,19,6436079,6465203,ENSG00000125648
19,6451422,19,6436079,6465203,ENSG00000125648
19,6442831,19,6436079,6465203,ENSG00000125648
19,6443461,19,6436079,6465203,ENSG00000125648
19,6438431,19,6436079,6465203,ENSG00000125648
19,6732971,19,6729914,6737580,ENSG00000125734
19,6734120,19,6729914,6737580,ENSG00000125734
19,6735329,19,6729914,6737580,ENSG00000125734
19,6735337,19,6729914,6737580,ENSG00000125734
20,18565613,20,18587942,18766644,ENSG00000125821
20,18581771,20,18587942,18766644,ENSG00000125821
20,18563008,20,18587942,18766644,ENSG00000125821
20,18567649,20,18587942,18766644,ENSG00000125821
20,18575905,20,18587942,18766644,ENSG00000125821
20,18702674,20,18587942,18766644,ENSG00000125821
20,18595370,20,18587942,18766644,ENSG00000125821
20,18626982,20,18587942,18766644,ENSG00000125821
20,18588955,20,18587942,18766644,ENSG00000125821
20,18678750,20,18587942,18766644,ENSG00000125821
20,18663322,20,18587942,18766644,ENSG00000125821
20,18667665,20,18587942,18766644,ENSG00000125821
20,18669904,20,18587942,18766644,ENSG00000125821
20,18670359,20,18587942,18766644,ENSG00000125821
20,18671891,20,18587942,18766644,ENSG00000125821
20,18672000,20,18587942,18766644,ENSG00000125821
20,18676399,20,18587942,18766644,ENSG00000125821
20,18676575,20,18587942,18766644,ENSG00000125821
20,18676927,20,18587942,18766644,ENSG00000125821
20,18676957,20,18587942,18766644,ENSG00000125821
20,18677076,20,18587942,18766644,ENSG00000125821
20,18677684,20,18587942,18766644,ENSG00000125821
20,18678973,20,18587942,18766644,ENSG00000125821
20,18679670,20,18587942,18766644,ENSG00000125821
20,18679722,20,18587942,18766644,ENSG00000125821
20,18680541,20,18587942,18766644,ENSG00000125821
20,18680927,20,18587942,18766644,ENSG00000125821
20,18681442,20,18587942,18766644,ENSG00000125821
20,18683408,20,18587942,18766644,ENSG00000125821
20,18685431,20,18587942,18766644,ENSG00000125821
20,18685614,20,18587942,18766644,ENSG00000125821
20,18686740,20,18587942,18766644,ENSG00000125821
20,18687134,20,18587942,18766644,ENSG00000125821
20,18687135,20,18587942,18766644,ENSG00000125821
20,18681060,20,18587942,18766644,ENSG00000125821
20,18707223,20,18587942,18766644,ENSG00000125821
20,18707697,20,18587942,18766644,ENSG00000125821
20,18711634,20,18587942,18766644,ENSG00000125821
20,18712520,20,18587942,18766644,ENSG00000125821
20,18712552,20,18587942,18766644,ENSG00000125821
20,18713073,20,18587942,18766644,ENSG00000125821
20,18713197,20,18587942,18766644,ENSG00000125821
20,18714650,20,18587942,18766644,ENSG00000125821
20,18716213,20,18587942,18766644,ENSG00000125821
20,18716811,20,18587942,18766644,ENSG00000125821
20,18716867,20,18587942,18766644,ENSG00000125821
20,18717021,20,18587942,18766644,ENSG00000125821
20,18718203,20,18587942,18766644,ENSG00000125821
20,18718769,20,18587942,18766644,ENSG00000125821
20,18721983,20,18587942,18766644,ENSG00000125821
20,18722224,20,18587942,18766644,ENSG00000125821
20,18722426,20,18587942,18766644,ENSG00000125821
20,18724011,20,18587942,18766644,ENSG00000125821
20,18724276,20,18587942,18766644,ENSG00000125821
20,18726071,20,18587942,18766644,ENSG00000125821
20,18727460,20,18587942,18766644,ENSG00000125821
20,18728216,20,18587942,18766644,ENSG00000125821
20,18728818,20,18587942,18766644,ENSG00000125821
20,18732272,20,18587942,18766644,ENSG00000125821
20,18732597,20,18587942,18766644,ENSG00000125821
20,18735925,20,18587942,18766644,ENSG00000125821
20,18737274,20,18587942,18766644,ENSG00000125821
20,18631318,20,18587942,18766644,ENSG00000125821
20,18636054,20,18587942,18766644,ENSG00000125821
20,18669877,20,18587942,18766644,ENSG00000125821
20,18683179,20,18587942,18766644,ENSG00000125821
20,18590320,20,18587942,18766644,ENSG00000125821
20,18590321,20,18587942,18766644,ENSG00000125821
20,18595532,20,18587942,18766644,ENSG00000125821
20,18596568,20,18587942,18766644,ENSG00000125821
20,18612184,20,18587942,18766644,ENSG00000125821
20,18628958,20,18587942,18766644,ENSG00000125821
20,18664994,20,18587942,18766644,ENSG00000125821
20,18667567,20,18587942,18766644,ENSG00000125821
20,18676286,20,18587942,18766644,ENSG00000125821
20,18712436,20,18587942,18766644,ENSG00000125821
20,18564399,20,18587942,18766644,ENSG00000125821
20,18690960,20,18587942,18766644,ENSG00000125821
20,18695287,20,18587942,18766644,ENSG00000125821
20,18696624,20,18587942,18766644,ENSG00000125821
20,18696657,20,18587942,18766644,ENSG00000125821
20,18699501,20,18587942,18766644,ENSG00000125821
20,18700075,20,18587942,18766644,ENSG00000125821
20,18700175,20,18587942,18766644,ENSG00000125821
20,18700419,20,18587942,18766644,ENSG00000125821
20,18701503,20,18587942,18766644,ENSG00000125821
20,18701866,20,18587942,18766644,ENSG00000125821
20,18702273,20,18587942,18766644,ENSG00000125821
20,18704202,20,18587942,18766644,ENSG00000125821
20,18707279,20,18587942,18766644,ENSG00000125821
20,18632598,20,18587942,18766644,ENSG00000125821
20,18635171,20,18587942,18766644,ENSG00000125821
20,18644550,20,18587942,18766644,ENSG00000125821
20,18659311,20,18587942,18766644,ENSG00000125821
20,18664497,20,18587942,18766644,ENSG00000125821
20,18666677,20,18587942,18766644,ENSG00000125821
20,18669158,20,18587942,18766644,ENSG00000125821
20,18672384,20,18587942,18766644,ENSG00000125821
20,18672677,20,18587942,18766644,ENSG00000125821
20,18683303,20,18587942,18766644,ENSG00000125821
20,18693189,20,18587942,18766644,ENSG00000125821
20,18708460,20,18587942,18766644,ENSG00000125821
20,18710637,20,18587942,18766644,ENSG00000125821
20,18713729,20,18587942,18766644,ENSG00000125821
20,18729887,20,18587942,18766644,ENSG00000125821
20,18734508,20,18587942,18766644,ENSG00000125821
20,18305436,20,18288283,18316996,ENSG00000125846
20,3211633,20,3208868,3223870,ENSG00000125877
20,3209336,20,3208868,3223870,ENSG00000125877
20,3207875,20,3208868,3223870,ENSG00000125877
20,3208471,20,3208868,3223870,ENSG00000125877
20,3214981,20,3208868,3223870,ENSG00000125877
20,3212840,20,3208868,3223870,ENSG00000125877
20,3212862,20,3208868,3223870,ENSG00000125877
20,3221093,20,3208868,3223870,ENSG00000125877
20,3221574,20,3208868,3223870,ENSG00000125877
20,3223304,20,3208868,3223870,ENSG00000125877
20,3220179,20,3208868,3223870,ENSG00000125877
20,3228725,20,3208868,3223870,ENSG00000125877
20,3224362,20,3208868,3223870,ENSG00000125877
20,3219123,20,3208868,3223870,ENSG00000125877
20,3218800,20,3208868,3223870,ENSG00000125877
20,3227103,20,3208868,3223870,ENSG00000125877
20,35547876,20,35542038,35557634,ENSG00000125991
20,35555321,20,35542038,35557634,ENSG00000125991
20,35550652,20,35542038,35557634,ENSG00000125991
20,35560231,20,35542038,35557634,ENSG00000125991
20,35554756,20,35542038,35557634,ENSG00000125991
20,35562378,20,35542038,35557634,ENSG00000125991
20,35558539,20,35542038,35557634,ENSG00000125991
20,35557690,20,35542038,35557634,ENSG00000125991
20,35521890,20,35455164,35519280,ENSG00000126001
20,35456125,20,35455164,35519280,ENSG00000126001
20,35457571,20,35455164,35519280,ENSG00000126001
20,35466784,20,35455164,35519280,ENSG00000126001
20,35476040,20,35455164,35519280,ENSG00000126001
20,35485555,20,35455164,35519280,ENSG00000126001
20,35521599,20,35455164,35519280,ENSG00000126001
20,35457370,20,35455164,35519280,ENSG00000126001
20,35457692,20,35455164,35519280,ENSG00000126001
20,35457790,20,35455164,35519280,ENSG00000126001
20,35458678,20,35455164,35519280,ENSG00000126001
20,35459235,20,35455164,35519280,ENSG00000126001
20,35460341,20,35455164,35519280,ENSG00000126001
20,35460805,20,35455164,35519280,ENSG00000126001
20,35460841,20,35455164,35519280,ENSG00000126001
20,35466584,20,35455164,35519280,ENSG00000126001
20,35467628,20,35455164,35519280,ENSG00000126001
20,35467881,20,35455164,35519280,ENSG00000126001
20,35469127,20,35455164,35519280,ENSG00000126001
20,35471512,20,35455164,35519280,ENSG00000126001
20,35472461,20,35455164,35519280,ENSG00000126001
20,35475270,20,35455164,35519280,ENSG00000126001
20,35477300,20,35455164,35519280,ENSG00000126001
20,35477370,20,35455164,35519280,ENSG00000126001
20,35478487,20,35455164,35519280,ENSG00000126001
20,35478820,20,35455164,35519280,ENSG00000126001
20,35487861,20,35455164,35519280,ENSG00000126001
20,35487862,20,35455164,35519280,ENSG00000126001
20,35488954,20,35455164,35519280,ENSG00000126001
20,35490022,20,35455164,35519280,ENSG00000126001
20,35491668,20,35455164,35519280,ENSG00000126001
20,35508896,20,35455164,35519280,ENSG00000126001
20,35509524,20,35455164,35519280,ENSG00000126001
20,35513992,20,35455164,35519280,ENSG00000126001
20,35502269,20,35455164,35519280,ENSG00000126001
20,35474817,20,35455164,35519280,ENSG00000126001
20,35461395,20,35455164,35519280,ENSG00000126001
20,35464448,20,35455164,35519280,ENSG00000126001
20,35464779,20,35455164,35519280,ENSG00000126001
20,35464851,20,35455164,35519280,ENSG00000126001
20,35471850,20,35455164,35519280,ENSG00000126001
20,35473753,20,35455164,35519280,ENSG00000126001
20,35474885,20,35455164,35519280,ENSG00000126001
20,35478521,20,35455164,35519280,ENSG00000126001
20,35500935,20,35455164,35519280,ENSG00000126001
20,35509307,20,35455164,35519280,ENSG00000126001
20,35511960,20,35455164,35519280,ENSG00000126001
20,35520128,20,35455164,35519280,ENSG00000126001
20,35519332,20,35455164,35519280,ENSG00000126001
20,35521887,20,35455164,35519280,ENSG00000126001
20,35471711,20,35455164,35519280,ENSG00000126001
20,35475209,20,35455164,35519280,ENSG00000126001
20,35480557,20,35455164,35519280,ENSG00000126001
20,35481545,20,35455164,35519280,ENSG00000126001
20,35485352,20,35455164,35519280,ENSG00000126001
20,35489577,20,35455164,35519280,ENSG00000126001
20,35505325,20,35455164,35519280,ENSG00000126001
20,35505928,20,35455164,35519280,ENSG00000126001
20,35508752,20,35455164,35519280,ENSG00000126001
20,35513802,20,35455164,35519280,ENSG00000126001
20,35514360,20,35455164,35519280,ENSG00000126001
20,35517805,20,35455164,35519280,ENSG00000126001
20,35521445,20,35455164,35519280,ENSG00000126001
20,35487189,20,35455164,35519280,ENSG00000126001
20,35466904,20,35455164,35519280,ENSG00000126001
20,35520432,20,35455164,35519280,ENSG00000126001
20,35487005,20,35455164,35519280,ENSG00000126001
20,35492848,20,35455164,35519280,ENSG00000126001
19,35742925,19,35738801,35742453,ENSG00000126246
14,64533252,14,64503712,64533690,ENSG00000126804
14,64511021,14,64503712,64533690,ENSG00000126804
14,64534491,14,64503712,64533690,ENSG00000126804
14,64498819,14,64503712,64533690,ENSG00000126804
14,64499103,14,64503712,64533690,ENSG00000126804
14,64499124,14,64503712,64533690,ENSG00000126804
14,64499986,14,64503712,64533690,ENSG00000126804
14,64500623,14,64503712,64533690,ENSG00000126804
14,64500777,14,64503712,64533690,ENSG00000126804
14,64502624,14,64503712,64533690,ENSG00000126804
14,64504364,14,64503712,64533690,ENSG00000126804
14,64504441,14,64503712,64533690,ENSG00000126804
14,64505031,14,64503712,64533690,ENSG00000126804
14,64505426,14,64503712,64533690,ENSG00000126804
14,64505531,14,64503712,64533690,ENSG00000126804
14,64507485,14,64503712,64533690,ENSG00000126804
14,64509143,14,64503712,64533690,ENSG00000126804
14,64509402,14,64503712,64533690,ENSG00000126804
14,64509882,14,64503712,64533690,ENSG00000126804
14,64509964,14,64503712,64533690,ENSG00000126804
14,64510335,14,64503712,64533690,ENSG00000126804
14,64510603,14,64503712,64533690,ENSG00000126804
7,158856009,7,158856558,158956747,ENSG00000126870
7,158856070,7,158856558,158956747,ENSG00000126870
7,158857396,7,158856558,158956747,ENSG00000126870
7,158862981,7,158856558,158956747,ENSG00000126870
7,158867193,7,158856558,158956747,ENSG00000126870
7,158871562,7,158856558,158956747,ENSG00000126870
7,158871607,7,158856558,158956747,ENSG00000126870
7,158871871,7,158856558,158956747,ENSG00000126870
7,158873358,7,158856558,158956747,ENSG00000126870
7,158873658,7,158856558,158956747,ENSG00000126870
7,158874118,7,158856558,158956747,ENSG00000126870
7,158877278,7,158856558,158956747,ENSG00000126870
7,158879060,7,158856558,158956747,ENSG00000126870
7,158879459,7,158856558,158956747,ENSG00000126870
7,158881909,7,158856558,158956747,ENSG00000126870
7,158882541,7,158856558,158956747,ENSG00000126870
7,158884135,7,158856558,158956747,ENSG00000126870
7,158887506,7,158856558,158956747,ENSG00000126870
7,158888862,7,158856558,158956747,ENSG00000126870
7,158889875,7,158856558,158956747,ENSG00000126870
7,158890111,7,158856558,158956747,ENSG00000126870
7,158890331,7,158856558,158956747,ENSG00000126870
7,158894272,7,158856558,158956747,ENSG00000126870
7,158908490,7,158856558,158956747,ENSG00000126870
7,158910250,7,158856558,158956747,ENSG00000126870
7,158913989,7,158856558,158956747,ENSG00000126870
7,158868921,7,158856558,158956747,ENSG00000126870
7,158852490,7,158856558,158956747,ENSG00000126870
7,158914380,7,158856558,158956747,ENSG00000126870
7,158952206,7,158856558,158956747,ENSG00000126870
12,69763802,12,69738860,69823204,ENSG00000127328
12,69815341,12,69738860,69823204,ENSG00000127328
4,989272,4,986997,1004564,ENSG00000127415
4,991939,4,986997,1004564,ENSG00000127415
4,993488,4,986997,1004564,ENSG00000127415
4,983482,4,986997,1004564,ENSG00000127415
4,984600,4,986997,1004564,ENSG00000127415
4,993603,4,986997,1004564,ENSG00000127415
22,26527359,22,26521996,26596717,ENSG00000128294
22,26528490,22,26521996,26596717,ENSG00000128294
22,26523190,22,26521996,26596717,ENSG00000128294
22,26525759,22,26521996,26596717,ENSG00000128294
22,26520756,22,26521996,26596717,ENSG00000128294
22,26521086,22,26521996,26596717,ENSG00000128294
22,26518677,22,26521996,26596717,ENSG00000128294
22,26523647,22,26521996,26596717,ENSG00000128294
22,26540003,22,26521996,26596717,ENSG00000128294
22,26544026,22,26521996,26596717,ENSG00000128294
22,26517298,22,26521996,26596717,ENSG00000128294
22,26524304,22,26521996,26596717,ENSG00000128294
22,26539636,22,26521996,26596717,ENSG00000128294
22,26533848,22,26521996,26596717,ENSG00000128294
22,26534099,22,26521996,26596717,ENSG00000128294
22,26535255,22,26521996,26596717,ENSG00000128294
22,26536184,22,26521996,26596717,ENSG00000128294
22,26546161,22,26521996,26596717,ENSG00000128294
22,26549995,22,26521996,26596717,ENSG00000128294
22,26527450,22,26521996,26596717,ENSG00000128294
22,26527527,22,26521996,26596717,ENSG00000128294
22,26527545,22,26521996,26596717,ENSG00000128294
22,26546585,22,26521996,26596717,ENSG00000128294
22,26549996,22,26521996,26596717,ENSG00000128294
22,26527941,22,26521996,26596717,ENSG00000128294
22,26520077,22,26521996,26596717,ENSG00000128294
22,26538780,22,26521996,26596717,ENSG00000128294
22,26530081,22,26521996,26596717,ENSG00000128294
22,26545294,22,26521996,26596717,ENSG00000128294
22,26543815,22,26521996,26596717,ENSG00000128294
22,26545860,22,26521996,26596717,ENSG00000128294
22,38080572,22,38084652,38111015,ENSG00000128298
22,38081335,22,38084652,38111015,ENSG00000128298
22,38081923,22,38084652,38111015,ENSG00000128298
22,38085509,22,38084652,38111015,ENSG00000128298
22,38086345,22,38084652,38111015,ENSG00000128298
22,38087148,22,38084652,38111015,ENSG00000128298
22,38089057,22,38084652,38111015,ENSG00000128298
22,38089533,22,38084652,38111015,ENSG00000128298
22,38090517,22,38084652,38111015,ENSG00000128298
22,38090731,22,38084652,38111015,ENSG00000128298
22,38090995,22,38084652,38111015,ENSG00000128298
22,38091022,22,38084652,38111015,ENSG00000128298
22,38091519,22,38084652,38111015,ENSG00000128298
22,38092609,22,38084652,38111015,ENSG00000128298
22,38093551,22,38084652,38111015,ENSG00000128298
22,38094049,22,38084652,38111015,ENSG00000128298
22,38094794,22,38084652,38111015,ENSG00000128298
22,38095363,22,38084652,38111015,ENSG00000128298
22,38097998,22,38084652,38111015,ENSG00000128298
22,38099405,22,38084652,38111015,ENSG00000128298
22,38102876,22,38084652,38111015,ENSG00000128298
22,38102978,22,38084652,38111015,ENSG00000128298
22,38103516,22,38084652,38111015,ENSG00000128298
22,38103579,22,38084652,38111015,ENSG00000128298
22,38103925,22,38084652,38111015,ENSG00000128298
22,38104119,22,38084652,38111015,ENSG00000128298
22,38104375,22,38084652,38111015,ENSG00000128298
22,38104473,22,38084652,38111015,ENSG00000128298
22,38104588,22,38084652,38111015,ENSG00000128298
22,38104820,22,38084652,38111015,ENSG00000128298
22,38105326,22,38084652,38111015,ENSG00000128298
22,38105400,22,38084652,38111015,ENSG00000128298
22,38105538,22,38084652,38111015,ENSG00000128298
22,38105656,22,38084652,38111015,ENSG00000128298
22,38106632,22,38084652,38111015,ENSG00000128298
22,38106920,22,38084652,38111015,ENSG00000128298
22,38107472,22,38084652,38111015,ENSG00000128298
22,38114251,22,38084652,38111015,ENSG00000128298
22,38110681,22,38084652,38111015,ENSG00000128298
22,38111040,22,38084652,38111015,ENSG00000128298
22,38109349,22,38084652,38111015,ENSG00000128298
22,38083744,22,38084652,38111015,ENSG00000128298
22,38083747,22,38084652,38111015,ENSG00000128298
22,38083748,22,38084652,38111015,ENSG00000128298
22,38083755,22,38084652,38111015,ENSG00000128298
22,38083761,22,38084652,38111015,ENSG00000128298
22,38083767,22,38084652,38111015,ENSG00000128298
22,38109739,22,38084652,38111015,ENSG00000128298
22,38084321,22,38084652,38111015,ENSG00000128298
22,38099004,22,38084652,38111015,ENSG00000128298
22,38101712,22,38084652,38111015,ENSG00000128298
22,38085006,22,38084652,38111015,ENSG00000128298
22,38106818,22,38084652,38111015,ENSG00000128298
22,38080269,22,38084652,38111015,ENSG00000128298
22,38107840,22,38084652,38111015,ENSG00000128298
22,38092781,22,38084652,38111015,ENSG00000128298
22,38107961,22,38084652,38111015,ENSG00000128298
22,38108365,22,38084652,38111015,ENSG00000128298
22,38087798,22,38084652,38111015,ENSG00000128298
22,38081268,22,38084652,38111015,ENSG00000128298
7,102367603,7,102363872,102426676,ENSG00000128563
7,102387779,7,102363872,102426676,ENSG00000128563
7,102395949,7,102363872,102426676,ENSG00000128563
7,102420814,7,102363872,102426676,ENSG00000128563
7,102412967,7,102363872,102426676,ENSG00000128563
7,102383801,7,102363872,102426676,ENSG00000128563
7,128949373,7,128937457,128950038,ENSG00000128604
7,128951310,7,128937457,128950038,ENSG00000128604
7,128947297,7,128937457,128950038,ENSG00000128604
7,128952083,7,128937457,128950038,ENSG00000128604
7,128949434,7,128937457,128950038,ENSG00000128604
7,128949579,7,128937457,128950038,ENSG00000128604
7,128952187,7,128937457,128950038,ENSG00000128604
7,128953665,7,128937457,128950038,ENSG00000128604
7,128954671,7,128937457,128950038,ENSG00000128604
7,128945322,7,128937457,128950038,ENSG00000128604
7,128937563,7,128937457,128950038,ENSG00000128604
7,128937250,7,128937457,128950038,ENSG00000128604
7,128939366,7,128937457,128950038,ENSG00000128604
7,128935969,7,128937457,128950038,ENSG00000128604
7,128939988,7,128937457,128950038,ENSG00000128604
7,128939993,7,128937457,128950038,ENSG00000128604
7,128939994,7,128937457,128950038,ENSG00000128604
7,128940626,7,128937457,128950038,ENSG00000128604
7,128935743,7,128937457,128950038,ENSG00000128604
7,128936032,7,128937457,128950038,ENSG00000128604
7,128939148,7,128937457,128950038,ENSG00000128604
7,128935498,7,128937457,128950038,ENSG00000128604
7,128939612,7,128937457,128950038,ENSG00000128604
7,128944030,7,128937457,128950038,ENSG00000128604
7,128945050,7,128937457,128950038,ENSG00000128604
7,128933913,7,128937457,128950038,ENSG00000128604
7,128953894,7,128937457,128950038,ENSG00000128604
7,128938247,7,128937457,128950038,ENSG00000128604
7,128941781,7,128937457,128950038,ENSG00000128604
19,38935041,19,38930944,38933168,ENSG00000128626
19,38938056,19,38930944,38933168,ENSG00000128626
19,38926326,19,38930944,38933168,ENSG00000128626
19,38926327,19,38930944,38933168,ENSG00000128626
19,38935204,19,38930944,38933168,ENSG00000128626
19,38927845,19,38930944,38933168,ENSG00000128626
2,189771685,2,189766012,189784364,ENSG00000128699
2,189768112,2,189766012,189784364,ENSG00000128699
2,189770417,2,189766012,189784364,ENSG00000128699
2,189775749,2,189766012,189784364,ENSG00000128699
2,189776958,2,189766012,189784364,ENSG00000128699
2,189778531,2,189766012,189784364,ENSG00000128699
2,189780324,2,189766012,189784364,ENSG00000128699
2,189784856,2,189766012,189784364,ENSG00000128699
2,189785232,2,189766012,189784364,ENSG00000128699
2,189778792,2,189766012,189784364,ENSG00000128699
2,189778950,2,189766012,189784364,ENSG00000128699
10,48587591,10,48446036,48656265,ENSG00000128805
10,48575495,10,48446036,48656265,ENSG00000128805
10,48575930,10,48446036,48656265,ENSG00000128805
10,48576193,10,48446036,48656265,ENSG00000128805
10,48576468,10,48446036,48656265,ENSG00000128805
10,48576557,10,48446036,48656265,ENSG00000128805
10,48576703,10,48446036,48656265,ENSG00000128805
10,48576861,10,48446036,48656265,ENSG00000128805
10,48577129,10,48446036,48656265,ENSG00000128805
10,48576098,10,48446036,48656265,ENSG00000128805
10,48576776,10,48446036,48656265,ENSG00000128805
10,48577013,10,48446036,48656265,ENSG00000128805
10,48577435,10,48446036,48656265,ENSG00000128805
10,48558586,10,48446036,48656265,ENSG00000128805
10,48566588,10,48446036,48656265,ENSG00000128805
10,48565167,10,48446036,48656265,ENSG00000128805
10,48565170,10,48446036,48656265,ENSG00000128805
10,48565754,10,48446036,48656265,ENSG00000128805
10,48577702,10,48446036,48656265,ENSG00000128805
10,48577705,10,48446036,48656265,ENSG00000128805
10,48553916,10,48446036,48656265,ENSG00000128805
10,48554032,10,48446036,48656265,ENSG00000128805
10,48584337,10,48446036,48656265,ENSG00000128805
10,48582927,10,48446036,48656265,ENSG00000128805
10,48550478,10,48446036,48656265,ENSG00000128805
10,48551007,10,48446036,48656265,ENSG00000128805
10,48551032,10,48446036,48656265,ENSG00000128805
10,48551321,10,48446036,48656265,ENSG00000128805
10,48552824,10,48446036,48656265,ENSG00000128805
10,48552782,10,48446036,48656265,ENSG00000128805
15,40980142,15,40978880,41116280,ENSG00000128908
15,40979249,15,40978880,41116280,ENSG00000128908
15,41023497,15,40978880,41116280,ENSG00000128908
15,41025504,15,40978880,41116280,ENSG00000128908
15,41051880,15,40978880,41116280,ENSG00000128908
15,41051932,15,40978880,41116280,ENSG00000128908
15,40991210,15,40978880,41116280,ENSG00000128908
15,40991619,15,40978880,41116280,ENSG00000128908
15,41000008,15,40978880,41116280,ENSG00000128908
15,41004302,15,40978880,41116280,ENSG00000128908
15,41010021,15,40978880,41116280,ENSG00000128908
15,41010489,15,40978880,41116280,ENSG00000128908
15,41013535,15,40978880,41116280,ENSG00000128908
15,41038852,15,40978880,41116280,ENSG00000128908
15,41057764,15,40978880,41116280,ENSG00000128908
15,40995491,15,40978880,41116280,ENSG00000128908
15,40975292,15,40978880,41116280,ENSG00000128908
15,41080831,15,40978880,41116280,ENSG00000128908
15,41019601,15,40978880,41116280,ENSG00000128908
15,40975499,15,40978880,41116280,ENSG00000128908
15,41118507,15,40978880,41116280,ENSG00000128908
15,41083543,15,40978880,41116280,ENSG00000128908
15,40410088,15,40405485,40435947,ENSG00000128928
15,40410095,15,40405485,40435947,ENSG00000128928
15,40401613,15,40405485,40435947,ENSG00000128928
15,40407172,15,40405485,40435947,ENSG00000128928
15,40407739,15,40405485,40435947,ENSG00000128928
15,40407805,15,40405485,40435947,ENSG00000128928
15,40416223,15,40405485,40435947,ENSG00000128928
15,40417487,15,40405485,40435947,ENSG00000128928
15,40421679,15,40405485,40435947,ENSG00000128928
15,40412906,15,40405485,40435947,ENSG00000128928
15,40428868,15,40405485,40435947,ENSG00000128928
15,40421650,15,40405485,40435947,ENSG00000128928
15,40429221,15,40405485,40435947,ENSG00000128928
15,40433064,15,40405485,40435947,ENSG00000128928
15,40420538,15,40405485,40435947,ENSG00000128928
15,40436515,15,40405485,40435947,ENSG00000128928
15,40429501,15,40405485,40435947,ENSG00000128928
15,40411140,15,40405485,40435947,ENSG00000128928
15,40419734,15,40405485,40435947,ENSG00000128928
15,40421107,15,40405485,40435947,ENSG00000128928
15,40437201,15,40405485,40435947,ENSG00000128928
15,40417902,15,40405485,40435947,ENSG00000128928
15,40419071,15,40405485,40435947,ENSG00000128928
15,40419840,15,40405485,40435947,ENSG00000128928
15,40419873,15,40405485,40435947,ENSG00000128928
15,40420149,15,40405485,40435947,ENSG00000128928
15,40421575,15,40405485,40435947,ENSG00000128928
15,40422232,15,40405485,40435947,ENSG00000128928
15,40422482,15,40405485,40435947,ENSG00000128928
15,40422954,15,40405485,40435947,ENSG00000128928
15,40423176,15,40405485,40435947,ENSG00000128928
15,40424054,15,40405485,40435947,ENSG00000128928
15,40425476,15,40405485,40435947,ENSG00000128928
15,40401073,15,40405485,40435947,ENSG00000128928
15,40394565,15,40382721,40394288,ENSG00000128944
15,40387860,15,40382721,40394288,ENSG00000128944
15,40398851,15,40382721,40394288,ENSG00000128944
17,5422488,17,5419641,5432877,ENSG00000129197
17,5422769,17,5419641,5432877,ENSG00000129197
17,5422825,17,5419641,5432877,ENSG00000129197
17,5422858,17,5419641,5432877,ENSG00000129197
17,5420604,17,5419641,5432877,ENSG00000129197
17,5420669,17,5419641,5432877,ENSG00000129197
17,5420816,17,5419641,5432877,ENSG00000129197
17,5420887,17,5419641,5432877,ENSG00000129197
17,5420916,17,5419641,5432877,ENSG00000129197
17,5421086,17,5419641,5432877,ENSG00000129197
17,5421111,17,5419641,5432877,ENSG00000129197
17,5421516,17,5419641,5432877,ENSG00000129197
17,5421573,17,5419641,5432877,ENSG00000129197
17,5421646,17,5419641,5432877,ENSG00000129197
17,5421942,17,5419641,5432877,ENSG00000129197
17,5422046,17,5419641,5432877,ENSG00000129197
17,5422323,17,5419641,5432877,ENSG00000129197
17,5421268,17,5419641,5432877,ENSG00000129197
17,5424835,17,5419641,5432877,ENSG00000129197
17,5425313,17,5419641,5432877,ENSG00000129197
17,5425428,17,5419641,5432877,ENSG00000129197
17,5425658,17,5419641,5432877,ENSG00000129197
17,5425879,17,5419641,5432877,ENSG00000129197
17,5426739,17,5419641,5432877,ENSG00000129197
17,5427259,17,5419641,5432877,ENSG00000129197
17,5427639,17,5419641,5432877,ENSG00000129197
17,5428576,17,5419641,5432877,ENSG00000129197
17,5424252,17,5419641,5432877,ENSG00000129197
17,5424607,17,5419641,5432877,ENSG00000129197
17,5426866,17,5419641,5432877,ENSG00000129197
17,5430060,17,5419641,5432877,ENSG00000129197
17,5435463,17,5419641,5432877,ENSG00000129197
17,5435498,17,5419641,5432877,ENSG00000129197
17,5435670,17,5419641,5432877,ENSG00000129197
17,5432868,17,5419641,5432877,ENSG00000129197
17,5432890,17,5419641,5432877,ENSG00000129197
17,5433817,17,5419641,5432877,ENSG00000129197
17,5432432,17,5419641,5432877,ENSG00000129197
17,5433471,17,5419641,5432877,ENSG00000129197
17,5434981,17,5419641,5432877,ENSG00000129197
17,5431553,17,5419641,5432877,ENSG00000129197
17,5424302,17,5419641,5432877,ENSG00000129197
17,5432738,17,5419641,5432877,ENSG00000129197
17,5419805,17,5419641,5432877,ENSG00000129197
17,5419886,17,5419641,5432877,ENSG00000129197
17,5419949,17,5419641,5432877,ENSG00000129197
17,5420311,17,5419641,5432877,ENSG00000129197
17,5431358,17,5419641,5432877,ENSG00000129197
17,5423021,17,5419641,5432877,ENSG00000129197
17,5416724,17,5419641,5432877,ENSG00000129197
17,5416762,17,5419641,5432877,ENSG00000129197
17,5417908,17,5419641,5432877,ENSG00000129197
17,5418786,17,5419641,5432877,ENSG00000129197
17,5414848,17,5419641,5432877,ENSG00000129197
17,5415182,17,5419641,5432877,ENSG00000129197
17,5415183,17,5419641,5432877,ENSG00000129197
17,5415683,17,5419641,5432877,ENSG00000129197
17,5415733,17,5419641,5432877,ENSG00000129197
17,5415780,17,5419641,5432877,ENSG00000129197
17,5415894,17,5419641,5432877,ENSG00000129197
17,5415974,17,5419641,5432877,ENSG00000129197
17,5416078,17,5419641,5432877,ENSG00000129197
17,5416300,17,5419641,5432877,ENSG00000129197
17,5416997,17,5419641,5432877,ENSG00000129197
17,5417118,17,5419641,5432877,ENSG00000129197
17,5417365,17,5419641,5432877,ENSG00000129197
19,10558356,19,10553085,10566031,ENSG00000129347
19,10558768,19,10553085,10566031,ENSG00000129347
19,10557776,19,10553085,10566031,ENSG00000129347
19,10548522,19,10553085,10566031,ENSG00000129347
19,10555015,19,10553085,10566031,ENSG00000129347
19,10555236,19,10553085,10566031,ENSG00000129347
19,10555992,19,10553085,10566031,ENSG00000129347
19,10556428,19,10553085,10566031,ENSG00000129347
19,10563411,19,10553085,10566031,ENSG00000129347
19,10558848,19,10553085,10566031,ENSG00000129347
19,10559056,19,10553085,10566031,ENSG00000129347
19,10556965,19,10553085,10566031,ENSG00000129347
19,10565861,19,10553085,10566031,ENSG00000129347
19,10553956,19,10553085,10566031,ENSG00000129347
19,10560702,19,10553085,10566031,ENSG00000129347
19,10557074,19,10553085,10566031,ENSG00000129347
19,10549564,19,10553085,10566031,ENSG00000129347
19,10564039,19,10553085,10566031,ENSG00000129347
19,10564658,19,10553085,10566031,ENSG00000129347
19,10557707,19,10553085,10566031,ENSG00000129347
19,10559148,19,10553085,10566031,ENSG00000129347
19,10560118,19,10553085,10566031,ENSG00000129347
19,10551099,19,10553085,10566031,ENSG00000129347
19,10563882,19,10553085,10566031,ENSG00000129347
19,10558277,19,10553085,10566031,ENSG00000129347
19,10551392,19,10553085,10566031,ENSG00000129347
19,10559508,19,10553085,10566031,ENSG00000129347
19,10564408,19,10553085,10566031,ENSG00000129347
19,10567956,19,10553085,10566031,ENSG00000129347
19,10568564,19,10553085,10566031,ENSG00000129347
19,10570058,19,10553085,10566031,ENSG00000129347
19,10551560,19,10553085,10566031,ENSG00000129347
14,20340862,14,20343615,20357904,ENSG00000129484
14,20341122,14,20343615,20357904,ENSG00000129484
14,20341332,14,20343615,20357904,ENSG00000129484
14,20342326,14,20343615,20357904,ENSG00000129484
14,20342787,14,20343615,20357904,ENSG00000129484
14,20342926,14,20343615,20357904,ENSG00000129484
14,20343429,14,20343615,20357904,ENSG00000129484
14,20344308,14,20343615,20357904,ENSG00000129484
14,20345130,14,20343615,20357904,ENSG00000129484
14,20345513,14,20343615,20357904,ENSG00000129484
14,20346854,14,20343615,20357904,ENSG00000129484
14,20347154,14,20343615,20357904,ENSG00000129484
14,20347235,14,20343615,20357904,ENSG00000129484
14,20348974,14,20343615,20357904,ENSG00000129484
14,20348983,14,20343615,20357904,ENSG00000129484
14,20349626,14,20343615,20357904,ENSG00000129484
14,20349628,14,20343615,20357904,ENSG00000129484
14,20349754,14,20343615,20357904,ENSG00000129484
14,20350443,14,20343615,20357904,ENSG00000129484
14,20350953,14,20343615,20357904,ENSG00000129484
14,20351570,14,20343615,20357904,ENSG00000129484
14,20351792,14,20343615,20357904,ENSG00000129484
14,20352378,14,20343615,20357904,ENSG00000129484
14,20352735,14,20343615,20357904,ENSG00000129484
14,20352856,14,20343615,20357904,ENSG00000129484
14,20353956,14,20343615,20357904,ENSG00000129484
14,20355375,14,20343615,20357904,ENSG00000129484
14,20356256,14,20343615,20357904,ENSG00000129484
14,20356854,14,20343615,20357904,ENSG00000129484
14,20357162,14,20343615,20357904,ENSG00000129484
14,20357164,14,20343615,20357904,ENSG00000129484
14,20357203,14,20343615,20357904,ENSG00000129484
14,20357806,14,20343615,20357904,ENSG00000129484
14,20359402,14,20343615,20357904,ENSG00000129484
14,20359638,14,20343615,20357904,ENSG00000129484
14,20359727,14,20343615,20357904,ENSG00000129484
14,20360014,14,20343615,20357904,ENSG00000129484
14,20360037,14,20343615,20357904,ENSG00000129484
14,20360128,14,20343615,20357904,ENSG00000129484
14,20360873,14,20343615,20357904,ENSG00000129484
14,20361213,14,20343615,20357904,ENSG00000129484
14,20361279,14,20343615,20357904,ENSG00000129484
14,20361807,14,20343615,20357904,ENSG00000129484
14,20361887,14,20343615,20357904,ENSG00000129484
14,20361973,14,20343615,20357904,ENSG00000129484
14,20362650,14,20343615,20357904,ENSG00000129484
14,20351749,14,20343615,20357904,ENSG00000129484
14,20360325,14,20343615,20357904,ENSG00000129484
14,20339739,14,20343615,20357904,ENSG00000129484
14,20356022,14,20343615,20357904,ENSG00000129484
14,20343173,14,20343615,20357904,ENSG00000129484
14,20344792,14,20343615,20357904,ENSG00000129484
14,20347095,14,20343615,20357904,ENSG00000129484
16,370907,16,370788,387113,ENSG00000129925
16,369092,16,370788,387113,ENSG00000129925
16,377349,16,370788,387113,ENSG00000129925
16,373813,16,370788,387113,ENSG00000129925
16,373809,16,370788,387113,ENSG00000129925
16,375298,16,370788,387113,ENSG00000129925
16,379059,16,370788,387113,ENSG00000129925
16,374420,16,370788,387113,ENSG00000129925
16,377820,16,370788,387113,ENSG00000129925
16,377925,16,370788,387113,ENSG00000129925
16,378001,16,370788,387113,ENSG00000129925
16,373555,16,370788,387113,ENSG00000129925
16,373420,16,370788,387113,ENSG00000129925
16,373423,16,370788,387113,ENSG00000129925
16,373619,16,370788,387113,ENSG00000129925
16,373696,16,370788,387113,ENSG00000129925
16,373750,16,370788,387113,ENSG00000129925
16,373808,16,370788,387113,ENSG00000129925
16,373828,16,370788,387113,ENSG00000129925
16,373842,16,370788,387113,ENSG00000129925
16,373843,16,370788,387113,ENSG00000129925
16,376432,16,370788,387113,ENSG00000129925
16,376476,16,370788,387113,ENSG00000129925
16,377309,16,370788,387113,ENSG00000129925
16,377784,16,370788,387113,ENSG00000129925
16,377866,16,370788,387113,ENSG00000129925
16,370723,16,370788,387113,ENSG00000129925
16,376004,16,370788,387113,ENSG00000129925
16,377479,16,370788,387113,ENSG00000129925
16,377657,16,370788,387113,ENSG00000129925
16,379951,16,370788,387113,ENSG00000129925
16,370678,16,370788,387113,ENSG00000129925
16,377516,16,370788,387113,ENSG00000129925
16,377999,16,370788,387113,ENSG00000129925
16,379129,16,370788,387113,ENSG00000129925
16,375785,16,370788,387113,ENSG00000129925
16,380842,16,370788,387113,ENSG00000129925
16,375605,16,370788,387113,ENSG00000129925
16,377013,16,370788,387113,ENSG00000129925
16,380469,16,370788,387113,ENSG00000129925
16,380292,16,370788,387113,ENSG00000129925
16,380304,16,370788,387113,ENSG00000129925
16,366663,16,370788,387113,ENSG00000129925
16,379198,16,370788,387113,ENSG00000129925
16,366650,16,370788,387113,ENSG00000129925
16,368462,16,370788,387113,ENSG00000129925
16,367281,16,370788,387113,ENSG00000129925
16,367289,16,370788,387113,ENSG00000129925
19,439055,19,416589,461033,ENSG00000129946
19,808586,19,812488,821955,ENSG00000129951
19,808742,19,812488,821955,ENSG00000129951
6,169770553,6,169751622,169781600,ENSG00000130023
X,14893907,X,14873421,14922327,ENSG00000130150
X,14888435,X,14873421,14922327,ENSG00000130150
X,14888823,X,14873421,14922327,ENSG00000130150
X,14895696,X,14873421,14922327,ENSG00000130150
X,14898405,X,14873421,14922327,ENSG00000130150
X,14902621,X,14873421,14922327,ENSG00000130150
X,14903295,X,14873421,14922327,ENSG00000130150
X,14906565,X,14873421,14922327,ENSG00000130150
X,14907380,X,14873421,14922327,ENSG00000130150
X,14917229,X,14873421,14922327,ENSG00000130150
X,14926443,X,14873421,14922327,ENSG00000130150
X,14925033,X,14873421,14922327,ENSG00000130150
X,14884767,X,14873421,14922327,ENSG00000130150
X,14906939,X,14873421,14922327,ENSG00000130150
X,14873136,X,14873421,14922327,ENSG00000130150
X,14878012,X,14873421,14922327,ENSG00000130150
X,14880552,X,14873421,14922327,ENSG00000130150
X,14869025,X,14873421,14922327,ENSG00000130150
19,11447636,19,11435284,11450968,ENSG00000130175
19,2325420,19,2321520,2328611,ENSG00000130332
19,2326898,19,2321520,2328611,ENSG00000130332
19,2326903,19,2321520,2328611,ENSG00000130332
19,2329604,19,2321520,2328611,ENSG00000130332
19,2323198,19,2321520,2328611,ENSG00000130332
6,106629627,6,106629578,106668417,ENSG00000130348
19,18304058,19,18306236,18323112,ENSG00000130520
19,18305371,19,18306236,18323112,ENSG00000130520
19,18306162,19,18306236,18323112,ENSG00000130520
19,18306568,19,18306236,18323112,ENSG00000130520
19,18275253,19,18279694,18281622,ENSG00000130522
19,18276003,19,18279694,18281622,ENSG00000130522
19,18278325,19,18279694,18281622,ENSG00000130522
19,18280256,19,18279694,18281622,ENSG00000130522
19,18282063,19,18279694,18281622,ENSG00000130522
19,18283739,19,18279694,18281622,ENSG00000130522
19,18283951,19,18279694,18281622,ENSG00000130522
19,18277227,19,18279694,18281622,ENSG00000130522
19,18277348,19,18279694,18281622,ENSG00000130522
19,18277440,19,18279694,18281622,ENSG00000130522
19,18277528,19,18279694,18281622,ENSG00000130522
19,18277573,19,18279694,18281622,ENSG00000130522
19,18275557,19,18279694,18281622,ENSG00000130522
22,43830386,22,43824509,43862513,ENSG00000130540
9,135932735,9,135932969,135961373,ENSG00000130560
9,135935542,9,135932969,135961373,ENSG00000130560
9,135942379,9,135932969,135961373,ENSG00000130560
9,135942816,9,135932969,135961373,ENSG00000130560
9,135946112,9,135932969,135961373,ENSG00000130560
9,135950137,9,135932969,135961373,ENSG00000130560
9,135954000,9,135932969,135961373,ENSG00000130560
9,135945095,9,135932969,135961373,ENSG00000130560
9,135932464,9,135932969,135961373,ENSG00000130560
9,135930193,9,135932969,135961373,ENSG00000130560
9,135930535,9,135932969,135961373,ENSG00000130560
9,135932692,9,135932969,135961373,ENSG00000130560
9,135934477,9,135932969,135961373,ENSG00000130560
9,135937118,9,135932969,135961373,ENSG00000130560
9,135937699,9,135932969,135961373,ENSG00000130560
9,135938586,9,135932969,135961373,ENSG00000130560
9,135944520,9,135932969,135961373,ENSG00000130560
9,135953079,9,135932969,135961373,ENSG00000130560
9,135928164,9,135932969,135961373,ENSG00000130560
9,135928588,9,135932969,135961373,ENSG00000130560
9,135929060,9,135932969,135961373,ENSG00000130560
9,135931803,9,135932969,135961373,ENSG00000130560
9,135931814,9,135932969,135961373,ENSG00000130560
9,135929520,9,135932969,135961373,ENSG00000130560
9,135930132,9,135932969,135961373,ENSG00000130560
9,135960239,9,135932969,135961373,ENSG00000130560
9,135960381,9,135932969,135961373,ENSG00000130560
9,135948678,9,135932969,135961373,ENSG00000130560
9,135930924,9,135932969,135961373,ENSG00000130560
9,135935900,9,135932969,135961373,ENSG00000130560
9,135947343,9,135932969,135961373,ENSG00000130560
9,135948042,9,135932969,135961373,ENSG00000130560
9,135955935,9,135932969,135961373,ENSG00000130560
9,135956394,9,135932969,135961373,ENSG00000130560
9,135956424,9,135932969,135961373,ENSG00000130560
9,135958764,9,135932969,135961373,ENSG00000130560
9,135959686,9,135932969,135961373,ENSG00000130560
9,135959133,9,135932969,135961373,ENSG00000130560
9,135959229,9,135932969,135961373,ENSG00000130560
9,135959332,9,135932969,135961373,ENSG00000130560
9,135960943,9,135932969,135961373,ENSG00000130560
9,135961917,9,135932969,135961373,ENSG00000130560
9,135962454,9,135932969,135961373,ENSG00000130560
9,135960141,9,135932969,135961373,ENSG00000130560
9,135960968,9,135932969,135961373,ENSG00000130560
9,135960368,9,135932969,135961373,ENSG00000130560
9,135932338,9,135932969,135961373,ENSG00000130560
9,135961478,9,135932969,135961373,ENSG00000130560
9,135961379,9,135932969,135961373,ENSG00000130560
1,27890112,1,27872543,27886685,ENSG00000130775
1,27880541,1,27872543,27886685,ENSG00000130775
1,27881801,1,27872543,27886685,ENSG00000130775
1,27884873,1,27872543,27886685,ENSG00000130775
1,27885761,1,27872543,27886685,ENSG00000130775
1,27886521,1,27872543,27886685,ENSG00000130775
1,27888718,1,27872543,27886685,ENSG00000130775
1,27889561,1,27872543,27886685,ENSG00000130775
1,27887770,1,27872543,27886685,ENSG00000130775
1,27887944,1,27872543,27886685,ENSG00000130775
1,27885139,1,27872543,27886685,ENSG00000130775
1,27886464,1,27872543,27886685,ENSG00000130775
1,27886646,1,27872543,27886685,ENSG00000130775
1,27886702,1,27872543,27886685,ENSG00000130775
1,27887472,1,27872543,27886685,ENSG00000130775
1,27889120,1,27872543,27886685,ENSG00000130775
1,27889680,1,27872543,27886685,ENSG00000130775
1,27890608,1,27872543,27886685,ENSG00000130775
1,27891589,1,27872543,27886685,ENSG00000130775
1,27881311,1,27872543,27886685,ENSG00000130775
1,27890225,1,27872543,27886685,ENSG00000130775
1,27882794,1,27872543,27886685,ENSG00000130775
1,27882851,1,27872543,27886685,ENSG00000130775
1,27881376,1,27872543,27886685,ENSG00000130775
1,27882855,1,27872543,27886685,ENSG00000130775
1,27880077,1,27872543,27886685,ENSG00000130775
1,27881816,1,27872543,27886685,ENSG00000130775
1,27877109,1,27872543,27886685,ENSG00000130775
1,27884892,1,27872543,27886685,ENSG00000130775
1,27874398,1,27872543,27886685,ENSG00000130775
1,27877142,1,27872543,27886685,ENSG00000130775
19,53522718,19,53519527,53580269,ENSG00000130844
19,53523094,19,53519527,53580269,ENSG00000130844
19,53526276,19,53519527,53580269,ENSG00000130844
19,53527863,19,53519527,53580269,ENSG00000130844
19,53530052,19,53519527,53580269,ENSG00000130844
19,53531317,19,53519527,53580269,ENSG00000130844
19,53521725,19,53519527,53580269,ENSG00000130844
19,53521799,19,53519527,53580269,ENSG00000130844
19,53521947,19,53519527,53580269,ENSG00000130844
19,53516100,19,53519527,53580269,ENSG00000130844
19,53520425,19,53519527,53580269,ENSG00000130844
19,53534489,19,53519527,53580269,ENSG00000130844
19,53523317,19,53519527,53580269,ENSG00000130844
19,53523678,19,53519527,53580269,ENSG00000130844
19,53523813,19,53519527,53580269,ENSG00000130844
19,53524282,19,53519527,53580269,ENSG00000130844
19,53524464,19,53519527,53580269,ENSG00000130844
19,53524468,19,53519527,53580269,ENSG00000130844
19,53525142,19,53519527,53580269,ENSG00000130844
19,53527443,19,53519527,53580269,ENSG00000130844
19,53527664,19,53519527,53580269,ENSG00000130844
19,53527789,19,53519527,53580269,ENSG00000130844
19,53528209,19,53519527,53580269,ENSG00000130844
19,53528498,19,53519527,53580269,ENSG00000130844
19,53529504,19,53519527,53580269,ENSG00000130844
19,53529510,19,53519527,53580269,ENSG00000130844
19,53531140,19,53519527,53580269,ENSG00000130844
19,53531869,19,53519527,53580269,ENSG00000130844
19,53536099,19,53519527,53580269,ENSG00000130844
19,53537158,19,53519527,53580269,ENSG00000130844
9,96244296,9,96235306,96302176,ENSG00000130948
9,96250968,9,96235306,96302176,ENSG00000130948
9,96250070,9,96235306,96302176,ENSG00000130948
9,96241375,9,96235306,96302176,ENSG00000130948
9,96256393,9,96235306,96302176,ENSG00000130948
9,96230395,9,96235306,96302176,ENSG00000130948
9,96230813,9,96235306,96302176,ENSG00000130948
9,96232081,9,96235306,96302176,ENSG00000130948
9,96232151,9,96235306,96302176,ENSG00000130948
9,96251334,9,96235306,96302176,ENSG00000130948
9,96252111,9,96235306,96302176,ENSG00000130948
9,96252977,9,96235306,96302176,ENSG00000130948
9,96253549,9,96235306,96302176,ENSG00000130948
9,96254421,9,96235306,96302176,ENSG00000130948
9,96250246,9,96235306,96302176,ENSG00000130948
9,96247671,9,96235306,96302176,ENSG00000130948
9,96248570,9,96235306,96302176,ENSG00000130948
9,96249995,9,96235306,96302176,ENSG00000130948
9,96250615,9,96235306,96302176,ENSG00000130948
9,96236249,9,96235306,96302176,ENSG00000130948
9,96230792,9,96235306,96302176,ENSG00000130948
X,47083472,X,47078355,47093314,ENSG00000130988
X,47084139,X,47078355,47093314,ENSG00000130988
X,47084756,X,47078355,47093314,ENSG00000130988
X,47085218,X,47078355,47093314,ENSG00000130988
X,47085898,X,47078355,47093314,ENSG00000130988
X,47087005,X,47078355,47093314,ENSG00000130988
X,47087081,X,47078355,47093314,ENSG00000130988
X,47087567,X,47078355,47093314,ENSG00000130988
X,47088760,X,47078355,47093314,ENSG00000130988
X,47091605,X,47078355,47093314,ENSG00000130988
X,47092718,X,47078355,47093314,ENSG00000130988
X,47092820,X,47078355,47093314,ENSG00000130988
X,47093960,X,47078355,47093314,ENSG00000130988
X,47093969,X,47078355,47093314,ENSG00000130988
X,47095585,X,47078355,47093314,ENSG00000130988
X,47098208,X,47078355,47093314,ENSG00000130988
6,152119387,6,152121687,152637801,ENSG00000131018
16,85793794,16,85798633,85807068,ENSG00000131143
16,85794747,16,85798633,85807068,ENSG00000131143
16,85794858,16,85798633,85807068,ENSG00000131143
16,85795614,16,85798633,85807068,ENSG00000131143
16,85808223,16,85798633,85807068,ENSG00000131143
16,85804131,16,85798633,85807068,ENSG00000131143
16,85809645,16,85798633,85807068,ENSG00000131143
16,85807820,16,85798633,85807068,ENSG00000131143
16,85806371,16,85798633,85807068,ENSG00000131143
17,42576355,17,42572310,42577831,ENSG00000131470
18,671520,18,670318,712662,ENSG00000132199
18,671977,18,670318,712662,ENSG00000132199
18,672288,18,670318,712662,ENSG00000132199
18,672792,18,670318,712662,ENSG00000132199
18,673016,18,670318,712662,ENSG00000132199
18,673443,18,670318,712662,ENSG00000132199
18,673613,18,670318,712662,ENSG00000132199
18,673789,18,670318,712662,ENSG00000132199
18,673995,18,670318,712662,ENSG00000132199
18,674012,18,670318,712662,ENSG00000132199
18,674645,18,670318,712662,ENSG00000132199
18,667898,18,670318,712662,ENSG00000132199
18,668036,18,670318,712662,ENSG00000132199
18,668038,18,670318,712662,ENSG00000132199
18,668258,18,670318,712662,ENSG00000132199
18,668300,18,670318,712662,ENSG00000132199
18,668376,18,670318,712662,ENSG00000132199
18,668650,18,670318,712662,ENSG00000132199
18,669292,18,670318,712662,ENSG00000132199
18,669533,18,670318,712662,ENSG00000132199
18,669684,18,670318,712662,ENSG00000132199
18,670414,18,670318,712662,ENSG00000132199
18,670541,18,670318,712662,ENSG00000132199
18,671026,18,670318,712662,ENSG00000132199
18,671057,18,670318,712662,ENSG00000132199
18,671167,18,670318,712662,ENSG00000132199
18,671727,18,670318,712662,ENSG00000132199
18,674440,18,670318,712662,ENSG00000132199
18,667770,18,670318,712662,ENSG00000132199
18,671105,18,670318,712662,ENSG00000132199
18,672363,18,670318,712662,ENSG00000132199
18,671648,18,670318,712662,ENSG00000132199
18,678481,18,670318,712662,ENSG00000132199
18,675000,18,670318,712662,ENSG00000132199
18,675774,18,670318,712662,ENSG00000132199
18,675821,18,670318,712662,ENSG00000132199
18,675825,18,670318,712662,ENSG00000132199
18,675903,18,670318,712662,ENSG00000132199
18,676403,18,670318,712662,ENSG00000132199
18,676518,18,670318,712662,ENSG00000132199
18,677214,18,670318,712662,ENSG00000132199
18,677240,18,670318,712662,ENSG00000132199
18,677302,18,670318,712662,ENSG00000132199
18,681962,18,670318,712662,ENSG00000132199
18,714118,18,670318,712662,ENSG00000132199
18,679449,18,670318,712662,ENSG00000132199
18,680380,18,670318,712662,ENSG00000132199
18,680838,18,670318,712662,ENSG00000132199
18,711559,18,670318,712662,ENSG00000132199
18,697857,18,670318,712662,ENSG00000132199
18,715714,18,670318,712662,ENSG00000132199
18,717158,18,670318,712662,ENSG00000132199
18,715936,18,670318,712662,ENSG00000132199
18,715945,18,670318,712662,ENSG00000132199
18,672043,18,670318,712662,ENSG00000132199
18,709232,18,670318,712662,ENSG00000132199
18,678947,18,670318,712662,ENSG00000132199
18,679334,18,670318,712662,ENSG00000132199
18,712037,18,670318,712662,ENSG00000132199
18,683607,18,670318,712662,ENSG00000132199
18,665354,18,670318,712662,ENSG00000132199
18,666164,18,670318,712662,ENSG00000132199
18,666371,18,670318,712662,ENSG00000132199
18,666601,18,670318,712662,ENSG00000132199
18,670995,18,670318,712662,ENSG00000132199
18,666507,18,670318,712662,ENSG00000132199
18,679660,18,670318,712662,ENSG00000132199
18,676490,18,670318,712662,ENSG00000132199
18,676228,18,670318,712662,ENSG00000132199
18,676331,18,670318,712662,ENSG00000132199
18,676008,18,670318,712662,ENSG00000132199
17,6769851,17,6755447,6775647,ENSG00000132530
17,6774861,17,6755447,6775647,ENSG00000132530
8,98108807,8,98102344,98117171,ENSG00000132541
8,98108810,8,98102344,98117171,ENSG00000132541
8,98103973,8,98102344,98117171,ENSG00000132541
8,98099678,8,98102344,98117171,ENSG00000132541
8,98108566,8,98102344,98117171,ENSG00000132541
8,98103131,8,98102344,98117171,ENSG00000132541
8,98107592,8,98102344,98117171,ENSG00000132541
8,98106394,8,98102344,98117171,ENSG00000132541
1,45336998,1,45329163,45340893,ENSG00000132781
1,45328754,1,45329163,45340893,ENSG00000132781
1,45344419,1,45329163,45340893,ENSG00000132781
1,45340760,1,45329163,45340893,ENSG00000132781
13,30623546,13,30617693,30660770,ENSG00000132952
13,30660774,13,30617693,30660770,ENSG00000132952
13,30635533,13,30617693,30660770,ENSG00000132952
13,30639139,13,30617693,30660770,ENSG00000132952
13,30656141,13,30617693,30660770,ENSG00000132952
13,30657376,13,30617693,30660770,ENSG00000132952
13,30658926,13,30617693,30660770,ENSG00000132952
13,30623428,13,30617693,30660770,ENSG00000132952
13,30629202,13,30617693,30660770,ENSG00000132952
13,30616632,13,30617693,30660770,ENSG00000132952
13,30640089,13,30617693,30660770,ENSG00000132952
13,30627939,13,30617693,30660770,ENSG00000132952
13,30634462,13,30617693,30660770,ENSG00000132952
13,30629626,13,30617693,30660770,ENSG00000132952
13,30625878,13,30617693,30660770,ENSG00000132952
13,30635841,13,30617693,30660770,ENSG00000132952
13,30645543,13,30617693,30660770,ENSG00000132952
13,30648906,13,30617693,30660770,ENSG00000132952
13,30655621,13,30617693,30660770,ENSG00000132952
13,30657669,13,30617693,30660770,ENSG00000132952
13,30613107,13,30617693,30660770,ENSG00000132952
13,30613109,13,30617693,30660770,ENSG00000132952
13,30613597,13,30617693,30660770,ENSG00000132952
13,30613765,13,30617693,30660770,ENSG00000132952
13,30615650,13,30617693,30660770,ENSG00000132952
13,30642288,13,30617693,30660770,ENSG00000132952
13,30646127,13,30617693,30660770,ENSG00000132952
13,30648583,13,30617693,30660770,ENSG00000132952
13,30651999,13,30617693,30660770,ENSG00000132952
13,30621493,13,30617693,30660770,ENSG00000132952
13,30656328,13,30617693,30660770,ENSG00000132952
13,30661948,13,30617693,30660770,ENSG00000132952
13,30654065,13,30617693,30660770,ENSG00000132952
13,30662404,13,30617693,30660770,ENSG00000132952
5,94636552,5,94618669,94739436,ENSG00000133302
5,94647559,5,94618669,94739436,ENSG00000133302
5,94656841,5,94618669,94739436,ENSG00000133302
5,94658391,5,94618669,94739436,ENSG00000133302
5,94665469,5,94618669,94739436,ENSG00000133302
5,94666594,5,94618669,94739436,ENSG00000133302
5,94687383,5,94618669,94739436,ENSG00000133302
5,94704536,5,94618669,94739436,ENSG00000133302
5,94714103,5,94618669,94739436,ENSG00000133302
5,94714997,5,94618669,94739436,ENSG00000133302
5,94726834,5,94618669,94739436,ENSG00000133302
5,94728298,5,94618669,94739436,ENSG00000133302
5,94734684,5,94618669,94739436,ENSG00000133302
5,94619611,5,94618669,94739436,ENSG00000133302
5,94628294,5,94618669,94739436,ENSG00000133302
5,94636580,5,94618669,94739436,ENSG00000133302
5,94641332,5,94618669,94739436,ENSG00000133302
5,94644309,5,94618669,94739436,ENSG00000133302
5,94645890,5,94618669,94739436,ENSG00000133302
5,94650422,5,94618669,94739436,ENSG00000133302
5,94652263,5,94618669,94739436,ENSG00000133302
5,94657310,5,94618669,94739436,ENSG00000133302
5,94657439,5,94618669,94739436,ENSG00000133302
5,94658700,5,94618669,94739436,ENSG00000133302
5,94659475,5,94618669,94739436,ENSG00000133302
5,94665771,5,94618669,94739436,ENSG00000133302
5,94668923,5,94618669,94739436,ENSG00000133302
5,94687016,5,94618669,94739436,ENSG00000133302
5,94691306,5,94618669,94739436,ENSG00000133302
5,94695840,5,94618669,94739436,ENSG00000133302
5,94699331,5,94618669,94739436,ENSG00000133302
5,94700244,5,94618669,94739436,ENSG00000133302
5,94703401,5,94618669,94739436,ENSG00000133302
5,94710500,5,94618669,94739436,ENSG00000133302
5,94710682,5,94618669,94739436,ENSG00000133302
5,94719596,5,94618669,94739436,ENSG00000133302
5,94729500,5,94618669,94739436,ENSG00000133302
5,94735699,5,94618669,94739436,ENSG00000133302
5,94736085,5,94618669,94739436,ENSG00000133302
5,94737228,5,94618669,94739436,ENSG00000133302
5,94742095,5,94618669,94739436,ENSG00000133302
5,94742591,5,94618669,94739436,ENSG00000133302
5,94713818,5,94618669,94739436,ENSG00000133302
5,94631044,5,94618669,94739436,ENSG00000133302
5,94633047,5,94618669,94739436,ENSG00000133302
5,94646013,5,94618669,94739436,ENSG00000133302
5,94646868,5,94618669,94739436,ENSG00000133302
5,94647767,5,94618669,94739436,ENSG00000133302
5,94648159,5,94618669,94739436,ENSG00000133302
5,94655202,5,94618669,94739436,ENSG00000133302
5,94668044,5,94618669,94739436,ENSG00000133302
5,94669269,5,94618669,94739436,ENSG00000133302
5,94670318,5,94618669,94739436,ENSG00000133302
5,94677274,5,94618669,94739436,ENSG00000133302
5,94679095,5,94618669,94739436,ENSG00000133302
5,94697290,5,94618669,94739436,ENSG00000133302
5,94698819,5,94618669,94739436,ENSG00000133302
5,94699122,5,94618669,94739436,ENSG00000133302
5,94702705,5,94618669,94739436,ENSG00000133302
5,94704187,5,94618669,94739436,ENSG00000133302
5,94713403,5,94618669,94739436,ENSG00000133302
5,94640248,5,94618669,94739436,ENSG00000133302
5,94647405,5,94618669,94739436,ENSG00000133302
5,94684075,5,94618669,94739436,ENSG00000133302
5,94646278,5,94618669,94739436,ENSG00000133302
5,94659884,5,94618669,94739436,ENSG00000133302
5,94673264,5,94618669,94739436,ENSG00000133302
5,94697284,5,94618669,94739436,ENSG00000133302
5,94707648,5,94618669,94739436,ENSG00000133302
5,94714742,5,94618669,94739436,ENSG00000133302
5,94714782,5,94618669,94739436,ENSG00000133302
5,94717461,5,94618669,94739436,ENSG00000133302
5,94703437,5,94618669,94739436,ENSG00000133302
5,94736210,5,94618669,94739436,ENSG00000133302
5,94724740,5,94618669,94739436,ENSG00000133302
5,94721120,5,94618669,94739436,ENSG00000133302
5,94705203,5,94618669,94739436,ENSG00000133302
5,94677373,5,94618669,94739436,ENSG00000133302
5,94714444,5,94618669,94739436,ENSG00000133302
5,94728894,5,94618669,94739436,ENSG00000133302
5,94731358,5,94618669,94739436,ENSG00000133302
5,94689036,5,94618669,94739436,ENSG00000133302
16,15861317,16,15865719,15888625,ENSG00000133393
16,15862004,16,15865719,15888625,ENSG00000133393
16,15863033,16,15865719,15888625,ENSG00000133393
16,15863054,16,15865719,15888625,ENSG00000133393
16,15863309,16,15865719,15888625,ENSG00000133393
16,15863539,16,15865719,15888625,ENSG00000133393
16,15863567,16,15865719,15888625,ENSG00000133393
16,15864597,16,15865719,15888625,ENSG00000133393
16,15864784,16,15865719,15888625,ENSG00000133393
16,15864798,16,15865719,15888625,ENSG00000133393
16,15864801,16,15865719,15888625,ENSG00000133393
16,15864809,16,15865719,15888625,ENSG00000133393
16,15864873,16,15865719,15888625,ENSG00000133393
16,15864954,16,15865719,15888625,ENSG00000133393
16,15865836,16,15865719,15888625,ENSG00000133393
16,15865919,16,15865719,15888625,ENSG00000133393
16,15866121,16,15865719,15888625,ENSG00000133393
16,15866400,16,15865719,15888625,ENSG00000133393
16,15866564,16,15865719,15888625,ENSG00000133393
16,15867140,16,15865719,15888625,ENSG00000133393
16,15867335,16,15865719,15888625,ENSG00000133393
16,15867494,16,15865719,15888625,ENSG00000133393
16,15867499,16,15865719,15888625,ENSG00000133393
16,15867512,16,15865719,15888625,ENSG00000133393
16,15867656,16,15865719,15888625,ENSG00000133393
16,15867830,16,15865719,15888625,ENSG00000133393
16,15867897,16,15865719,15888625,ENSG00000133393
16,15868139,16,15865719,15888625,ENSG00000133393
16,15868221,16,15865719,15888625,ENSG00000133393
16,15868338,16,15865719,15888625,ENSG00000133393
16,15868555,16,15865719,15888625,ENSG00000133393
16,15868653,16,15865719,15888625,ENSG00000133393
16,15868791,16,15865719,15888625,ENSG00000133393
16,15868838,16,15865719,15888625,ENSG00000133393
16,15868848,16,15865719,15888625,ENSG00000133393
16,15869177,16,15865719,15888625,ENSG00000133393
16,15869347,16,15865719,15888625,ENSG00000133393
16,15869364,16,15865719,15888625,ENSG00000133393
16,15869413,16,15865719,15888625,ENSG00000133393
16,15869436,16,15865719,15888625,ENSG00000133393
16,15869700,16,15865719,15888625,ENSG00000133393
16,15869823,16,15865719,15888625,ENSG00000133393
16,15869897,16,15865719,15888625,ENSG00000133393
16,15869909,16,15865719,15888625,ENSG00000133393
16,15870193,16,15865719,15888625,ENSG00000133393
16,15870211,16,15865719,15888625,ENSG00000133393
16,15870305,16,15865719,15888625,ENSG00000133393
16,15870354,16,15865719,15888625,ENSG00000133393
16,15870619,16,15865719,15888625,ENSG00000133393
16,15870699,16,15865719,15888625,ENSG00000133393
16,15870732,16,15865719,15888625,ENSG00000133393
16,15870880,16,15865719,15888625,ENSG00000133393
16,15870893,16,15865719,15888625,ENSG00000133393
16,15870917,16,15865719,15888625,ENSG00000133393
16,15871537,16,15865719,15888625,ENSG00000133393
16,15871690,16,15865719,15888625,ENSG00000133393
16,15871711,16,15865719,15888625,ENSG00000133393
16,15871920,16,15865719,15888625,ENSG00000133393
16,15872035,16,15865719,15888625,ENSG00000133393
16,15872040,16,15865719,15888625,ENSG00000133393
16,15872352,16,15865719,15888625,ENSG00000133393
16,15872961,16,15865719,15888625,ENSG00000133393
16,15872965,16,15865719,15888625,ENSG00000133393
16,15873194,16,15865719,15888625,ENSG00000133393
16,15873200,16,15865719,15888625,ENSG00000133393
16,15873231,16,15865719,15888625,ENSG00000133393
16,15873239,16,15865719,15888625,ENSG00000133393
16,15873367,16,15865719,15888625,ENSG00000133393
16,15873504,16,15865719,15888625,ENSG00000133393
16,15873763,16,15865719,15888625,ENSG00000133393
16,15874137,16,15865719,15888625,ENSG00000133393
16,15874385,16,15865719,15888625,ENSG00000133393
16,15874629,16,15865719,15888625,ENSG00000133393
16,15874740,16,15865719,15888625,ENSG00000133393
16,15875078,16,15865719,15888625,ENSG00000133393
16,15875354,16,15865719,15888625,ENSG00000133393
16,15875395,16,15865719,15888625,ENSG00000133393
16,15875519,16,15865719,15888625,ENSG00000133393
16,15875529,16,15865719,15888625,ENSG00000133393
16,15876187,16,15865719,15888625,ENSG00000133393
16,15876336,16,15865719,15888625,ENSG00000133393
16,15876372,16,15865719,15888625,ENSG00000133393
16,15876407,16,15865719,15888625,ENSG00000133393
16,15876417,16,15865719,15888625,ENSG00000133393
16,15876461,16,15865719,15888625,ENSG00000133393
16,15876550,16,15865719,15888625,ENSG00000133393
16,15876595,16,15865719,15888625,ENSG00000133393
16,15876946,16,15865719,15888625,ENSG00000133393
16,15876960,16,15865719,15888625,ENSG00000133393
16,15877082,16,15865719,15888625,ENSG00000133393
16,15877324,16,15865719,15888625,ENSG00000133393
16,15877829,16,15865719,15888625,ENSG00000133393
16,15878041,16,15865719,15888625,ENSG00000133393
16,15878086,16,15865719,15888625,ENSG00000133393
16,15878284,16,15865719,15888625,ENSG00000133393
16,15878357,16,15865719,15888625,ENSG00000133393
16,15878743,16,15865719,15888625,ENSG00000133393
16,15878830,16,15865719,15888625,ENSG00000133393
16,15878859,16,15865719,15888625,ENSG00000133393
16,15879150,16,15865719,15888625,ENSG00000133393
16,15879438,16,15865719,15888625,ENSG00000133393
16,15879530,16,15865719,15888625,ENSG00000133393
16,15879658,16,15865719,15888625,ENSG00000133393
16,15879748,16,15865719,15888625,ENSG00000133393
16,15879771,16,15865719,15888625,ENSG00000133393
16,15879796,16,15865719,15888625,ENSG00000133393
16,15879917,16,15865719,15888625,ENSG00000133393
16,15880652,16,15865719,15888625,ENSG00000133393
16,15880657,16,15865719,15888625,ENSG00000133393
16,15880669,16,15865719,15888625,ENSG00000133393
16,15880842,16,15865719,15888625,ENSG00000133393
16,15881014,16,15865719,15888625,ENSG00000133393
16,15881102,16,15865719,15888625,ENSG00000133393
16,15881174,16,15865719,15888625,ENSG00000133393
16,15881191,16,15865719,15888625,ENSG00000133393
16,15881313,16,15865719,15888625,ENSG00000133393
16,15881321,16,15865719,15888625,ENSG00000133393
16,15881325,16,15865719,15888625,ENSG00000133393
16,15881472,16,15865719,15888625,ENSG00000133393
16,15881491,16,15865719,15888625,ENSG00000133393
16,15881784,16,15865719,15888625,ENSG00000133393
16,15882084,16,15865719,15888625,ENSG00000133393
16,15882156,16,15865719,15888625,ENSG00000133393
16,15882366,16,15865719,15888625,ENSG00000133393
16,15882383,16,15865719,15888625,ENSG00000133393
16,15882569,16,15865719,15888625,ENSG00000133393
16,15882891,16,15865719,15888625,ENSG00000133393
16,15883122,16,15865719,15888625,ENSG00000133393
16,15883256,16,15865719,15888625,ENSG00000133393
16,15883349,16,15865719,15888625,ENSG00000133393
16,15883666,16,15865719,15888625,ENSG00000133393
16,15883697,16,15865719,15888625,ENSG00000133393
16,15883875,16,15865719,15888625,ENSG00000133393
16,15884668,16,15865719,15888625,ENSG00000133393
16,15861925,16,15865719,15888625,ENSG00000133393
16,15865899,16,15865719,15888625,ENSG00000133393
16,15869100,16,15865719,15888625,ENSG00000133393
16,15864471,16,15865719,15888625,ENSG00000133393
16,15865481,16,15865719,15888625,ENSG00000133393
16,15882999,16,15865719,15888625,ENSG00000133393
16,15865498,16,15865719,15888625,ENSG00000133393
16,15880785,16,15865719,15888625,ENSG00000133393
22,37190632,22,37180166,37199385,ENSG00000133466
22,37195250,22,37180166,37199385,ENSG00000133466
22,37195278,22,37180166,37199385,ENSG00000133466
22,37189696,22,37180166,37199385,ENSG00000133466
22,37190636,22,37180166,37199385,ENSG00000133466
22,37191071,22,37180166,37199385,ENSG00000133466
22,37193829,22,37180166,37199385,ENSG00000133466
22,37196066,22,37180166,37199385,ENSG00000133466
22,37187692,22,37180166,37199385,ENSG00000133466
22,37185637,22,37180166,37199385,ENSG00000133466
22,37185445,22,37180166,37199385,ENSG00000133466
14,91153435,14,91060333,91225632,ENSG00000133943
14,91153616,14,91060333,91225632,ENSG00000133943
14,91154700,14,91060333,91225632,ENSG00000133943
14,91154810,14,91060333,91225632,ENSG00000133943
14,91156239,14,91060333,91225632,ENSG00000133943
14,91161192,14,91060333,91225632,ENSG00000133943
14,91165016,14,91060333,91225632,ENSG00000133943
14,91166427,14,91060333,91225632,ENSG00000133943
14,91170051,14,91060333,91225632,ENSG00000133943
14,91170188,14,91060333,91225632,ENSG00000133943
14,91175890,14,91060333,91225632,ENSG00000133943
14,91176829,14,91060333,91225632,ENSG00000133943
14,91177777,14,91060333,91225632,ENSG00000133943
14,91186895,14,91060333,91225632,ENSG00000133943
14,91189713,14,91060333,91225632,ENSG00000133943
14,91190054,14,91060333,91225632,ENSG00000133943
14,91193700,14,91060333,91225632,ENSG00000133943
14,91193425,14,91060333,91225632,ENSG00000133943
14,91212202,14,91060333,91225632,ENSG00000133943
14,91207137,14,91060333,91225632,ENSG00000133943
14,91209648,14,91060333,91225632,ENSG00000133943
14,91212468,14,91060333,91225632,ENSG00000133943
14,91208923,14,91060333,91225632,ENSG00000133943
14,91209759,14,91060333,91225632,ENSG00000133943
14,91214388,14,91060333,91225632,ENSG00000133943
14,91215279,14,91060333,91225632,ENSG00000133943
14,91206530,14,91060333,91225632,ENSG00000133943
14,91206915,14,91060333,91225632,ENSG00000133943
14,91208044,14,91060333,91225632,ENSG00000133943
14,91209042,14,91060333,91225632,ENSG00000133943
14,91214232,14,91060333,91225632,ENSG00000133943
14,91211084,14,91060333,91225632,ENSG00000133943
14,91211800,14,91060333,91225632,ENSG00000133943
14,91212956,14,91060333,91225632,ENSG00000133943
14,91213206,14,91060333,91225632,ENSG00000133943
14,91215577,14,91060333,91225632,ENSG00000133943
14,91208940,14,91060333,91225632,ENSG00000133943
14,91216500,14,91060333,91225632,ENSG00000133943
14,91181591,14,91060333,91225632,ENSG00000133943
14,91205525,14,91060333,91225632,ENSG00000133943
14,91117029,14,91060333,91225632,ENSG00000133943
14,91198135,14,91060333,91225632,ENSG00000133943
14,91199477,14,91060333,91225632,ENSG00000133943
14,91199674,14,91060333,91225632,ENSG00000133943
14,91151300,14,91060333,91225632,ENSG00000133943
14,91135680,14,91060333,91225632,ENSG00000133943
14,91136649,14,91060333,91225632,ENSG00000133943
14,91124073,14,91060333,91225632,ENSG00000133943
14,91126904,14,91060333,91225632,ENSG00000133943
14,91122889,14,91060333,91225632,ENSG00000133943
14,91136375,14,91060333,91225632,ENSG00000133943
14,91115838,14,91060333,91225632,ENSG00000133943
14,91150950,14,91060333,91225632,ENSG00000133943
14,91125810,14,91060333,91225632,ENSG00000133943
14,91104927,14,91060333,91225632,ENSG00000133943
14,91195180,14,91060333,91225632,ENSG00000133943
14,91193149,14,91060333,91225632,ENSG00000133943
14,91125572,14,91060333,91225632,ENSG00000133943
14,91126957,14,91060333,91225632,ENSG00000133943
14,91127842,14,91060333,91225632,ENSG00000133943
14,91144657,14,91060333,91225632,ENSG00000133943
14,91125692,14,91060333,91225632,ENSG00000133943
14,91107558,14,91060333,91225632,ENSG00000133943
14,91142592,14,91060333,91225632,ENSG00000133943
14,91149163,14,91060333,91225632,ENSG00000133943
14,91149175,14,91060333,91225632,ENSG00000133943
3,9365338,3,9362971,9386791,ENSG00000134077
3,9388275,3,9362971,9386791,ENSG00000134077
3,9363193,3,9362971,9386791,ENSG00000134077
3,9364977,3,9362971,9386791,ENSG00000134077
3,9365152,3,9362971,9386791,ENSG00000134077
3,9366759,3,9362971,9386791,ENSG00000134077
3,9380526,3,9362971,9386791,ENSG00000134077
3,9382941,3,9362971,9386791,ENSG00000134077
3,9384227,3,9362971,9386791,ENSG00000134077
3,9370654,3,9362971,9386791,ENSG00000134077
3,9375148,3,9362971,9386791,ENSG00000134077
3,9376399,3,9362971,9386791,ENSG00000134077
3,9381294,3,9362971,9386791,ENSG00000134077
3,9388058,3,9362971,9386791,ENSG00000134077
1,109740350,1,109711780,109775428,ENSG00000134201
1,109739319,1,109711780,109775428,ENSG00000134201
1,109741163,1,109711780,109775428,ENSG00000134201
1,109727471,1,109711780,109775428,ENSG00000134201
1,109753716,1,109711780,109775428,ENSG00000134201
1,109720464,1,109711780,109775428,ENSG00000134201
1,109753150,1,109711780,109775428,ENSG00000134201
1,109728286,1,109711780,109775428,ENSG00000134201
1,109730023,1,109711780,109775428,ENSG00000134201
1,109753268,1,109711780,109775428,ENSG00000134201
1,109736431,1,109711780,109775428,ENSG00000134201
1,109753395,1,109711780,109775428,ENSG00000134201
1,109713453,1,109711780,109775428,ENSG00000134201
1,109753667,1,109711780,109775428,ENSG00000134201
1,109735327,1,109711780,109775428,ENSG00000134201
1,109711789,1,109711780,109775428,ENSG00000134201
1,109709640,1,109711780,109775428,ENSG00000134201
1,109709692,1,109711780,109775428,ENSG00000134201
18,10545266,18,10525905,10552764,ENSG00000134265
12,48920240,12,48921518,48926474,ENSG00000134285
12,48916941,12,48921518,48926474,ENSG00000134285
12,48916942,12,48921518,48926474,ENSG00000134285
12,48917347,12,48921518,48926474,ENSG00000134285
12,48917379,12,48921518,48926474,ENSG00000134285
12,48917424,12,48921518,48926474,ENSG00000134285
12,48917745,12,48921518,48926474,ENSG00000134285
12,48918649,12,48921518,48926474,ENSG00000134285
12,48918810,12,48921518,48926474,ENSG00000134285
12,48919766,12,48921518,48926474,ENSG00000134285
12,48920180,12,48921518,48926474,ENSG00000134285
12,48921079,12,48921518,48926474,ENSG00000134285
12,48921211,12,48921518,48926474,ENSG00000134285
12,48922959,12,48921518,48926474,ENSG00000134285
12,48923421,12,48921518,48926474,ENSG00000134285
12,48925487,12,48921518,48926474,ENSG00000134285
12,48925701,12,48921518,48926474,ENSG00000134285
12,48925916,12,48921518,48926474,ENSG00000134285
12,48926945,12,48921518,48926474,ENSG00000134285
12,48928152,12,48921518,48926474,ENSG00000134285
12,48929455,12,48921518,48926474,ENSG00000134285
12,48930396,12,48921518,48926474,ENSG00000134285
12,48931359,12,48921518,48926474,ENSG00000134285
12,48919168,12,48921518,48926474,ENSG00000134285
12,48919497,12,48921518,48926474,ENSG00000134285
12,48924763,12,48921518,48926474,ENSG00000134285
18,36129254,18,36129444,36180557,ENSG00000134759
18,36130477,18,36129444,36180557,ENSG00000134759
18,36130647,18,36129444,36180557,ENSG00000134759
18,36147223,18,36129444,36180557,ENSG00000134759
18,36148021,18,36129444,36180557,ENSG00000134759
18,36172281,18,36129444,36180557,ENSG00000134759
18,36175324,18,36129444,36180557,ENSG00000134759
18,36178473,18,36129444,36180557,ENSG00000134759
18,36179054,18,36129444,36180557,ENSG00000134759
18,36179233,18,36129444,36180557,ENSG00000134759
18,36180187,18,36129444,36180557,ENSG00000134759
18,36180231,18,36129444,36180557,ENSG00000134759
18,36181154,18,36129444,36180557,ENSG00000134759
18,36182504,18,36129444,36180557,ENSG00000134759
18,36184142,18,36129444,36180557,ENSG00000134759
18,36158533,18,36129444,36180557,ENSG00000134759
18,36129043,18,36129444,36180557,ENSG00000134759
18,36129701,18,36129444,36180557,ENSG00000134759
18,36129799,18,36129444,36180557,ENSG00000134759
18,36130207,18,36129444,36180557,ENSG00000134759
18,36131311,18,36129444,36180557,ENSG00000134759
18,36131679,18,36129444,36180557,ENSG00000134759
18,36132266,18,36129444,36180557,ENSG00000134759
18,36133169,18,36129444,36180557,ENSG00000134759
18,36133324,18,36129444,36180557,ENSG00000134759
18,36135710,18,36129444,36180557,ENSG00000134759
18,36136129,18,36129444,36180557,ENSG00000134759
18,36137401,18,36129444,36180557,ENSG00000134759
18,36138363,18,36129444,36180557,ENSG00000134759
18,36139228,18,36129444,36180557,ENSG00000134759
18,36139471,18,36129444,36180557,ENSG00000134759
18,36141673,18,36129444,36180557,ENSG00000134759
18,36142144,18,36129444,36180557,ENSG00000134759
18,36142462,18,36129444,36180557,ENSG00000134759
18,36143755,18,36129444,36180557,ENSG00000134759
18,36144333,18,36129444,36180557,ENSG00000134759
18,36145202,18,36129444,36180557,ENSG00000134759
18,36145742,18,36129444,36180557,ENSG00000134759
18,36145911,18,36129444,36180557,ENSG00000134759
18,36145968,18,36129444,36180557,ENSG00000134759
18,36146484,18,36129444,36180557,ENSG00000134759
18,36147602,18,36129444,36180557,ENSG00000134759
18,36149908,18,36129444,36180557,ENSG00000134759
18,36151210,18,36129444,36180557,ENSG00000134759
18,36151959,18,36129444,36180557,ENSG00000134759
18,36151971,18,36129444,36180557,ENSG00000134759
18,36152391,18,36129444,36180557,ENSG00000134759
18,36156298,18,36129444,36180557,ENSG00000134759
18,36156882,18,36129444,36180557,ENSG00000134759
18,36157233,18,36129444,36180557,ENSG00000134759
18,36163647,18,36129444,36180557,ENSG00000134759
18,36164035,18,36129444,36180557,ENSG00000134759
18,36164714,18,36129444,36180557,ENSG00000134759
18,36164803,18,36129444,36180557,ENSG00000134759
18,36165806,18,36129444,36180557,ENSG00000134759
18,36166599,18,36129444,36180557,ENSG00000134759
18,36169576,18,36129444,36180557,ENSG00000134759
18,36169709,18,36129444,36180557,ENSG00000134759
18,36170083,18,36129444,36180557,ENSG00000134759
18,36170351,18,36129444,36180557,ENSG00000134759
18,36172927,18,36129444,36180557,ENSG00000134759
18,36177196,18,36129444,36180557,ENSG00000134759
18,36127921,18,36129444,36180557,ENSG00000134759
18,36127201,18,36129444,36180557,ENSG00000134759
18,36127618,18,36129444,36180557,ENSG00000134759
18,36125172,18,36129444,36180557,ENSG00000134759
18,36138238,18,36129444,36180557,ENSG00000134759
18,36163147,18,36129444,36180557,ENSG00000134759
18,36163697,18,36129444,36180557,ENSG00000134759
18,36172860,18,36129444,36180557,ENSG00000134759
18,36155162,18,36129444,36180557,ENSG00000134759
18,36155878,18,36129444,36180557,ENSG00000134759
18,36157117,18,36129444,36180557,ENSG00000134759
18,36781799,18,36777647,36829216,ENSG00000134779
18,36818951,18,36777647,36829216,ENSG00000134779
18,36798059,18,36777647,36829216,ENSG00000134779
18,36817706,18,36777647,36829216,ENSG00000134779
18,36820503,18,36777647,36829216,ENSG00000134779
18,36821197,18,36777647,36829216,ENSG00000134779
18,36823702,18,36777647,36829216,ENSG00000134779
18,36831639,18,36777647,36829216,ENSG00000134779
18,36797462,18,36777647,36829216,ENSG00000134779
11,57534438,11,57528464,57530803,ENSG00000134809
11,57534710,11,57528464,57530803,ENSG00000134809
11,57534105,11,57528464,57530803,ENSG00000134809
6,73263549,6,73241314,73310365,ENSG00000135314
6,73263223,6,73241314,73310365,ENSG00000135314
6,73263996,6,73241314,73310365,ENSG00000135314
6,73264157,6,73241314,73310365,ENSG00000135314
6,73265320,6,73241314,73310365,ENSG00000135314
6,73265327,6,73241314,73310365,ENSG00000135314
6,73265595,6,73241314,73310365,ENSG00000135314
6,73267195,6,73241314,73310365,ENSG00000135314
6,73267208,6,73241314,73310365,ENSG00000135314
6,73267612,6,73241314,73310365,ENSG00000135314
6,73268203,6,73241314,73310365,ENSG00000135314
6,73268563,6,73241314,73310365,ENSG00000135314
6,73268691,6,73241314,73310365,ENSG00000135314
6,73268784,6,73241314,73310365,ENSG00000135314
6,73268903,6,73241314,73310365,ENSG00000135314
6,73269017,6,73241314,73310365,ENSG00000135314
6,73269039,6,73241314,73310365,ENSG00000135314
6,73269226,6,73241314,73310365,ENSG00000135314
6,73269284,6,73241314,73310365,ENSG00000135314
6,73269545,6,73241314,73310365,ENSG00000135314
6,73270171,6,73241314,73310365,ENSG00000135314
6,73270228,6,73241314,73310365,ENSG00000135314
6,73270459,6,73241314,73310365,ENSG00000135314
6,73271411,6,73241314,73310365,ENSG00000135314
6,73273632,6,73241314,73310365,ENSG00000135314
6,73273851,6,73241314,73310365,ENSG00000135314
6,73274168,6,73241314,73310365,ENSG00000135314
6,73274620,6,73241314,73310365,ENSG00000135314
6,73275918,6,73241314,73310365,ENSG00000135314
6,73276418,6,73241314,73310365,ENSG00000135314
6,73276625,6,73241314,73310365,ENSG00000135314
6,73276934,6,73241314,73310365,ENSG00000135314
6,73277284,6,73241314,73310365,ENSG00000135314
6,73278518,6,73241314,73310365,ENSG00000135314
6,73272374,6,73241314,73310365,ENSG00000135314
6,73272603,6,73241314,73310365,ENSG00000135314
6,73265681,6,73241314,73310365,ENSG00000135314
6,73269645,6,73241314,73310365,ENSG00000135314
6,73267439,6,73241314,73310365,ENSG00000135314
6,73269312,6,73241314,73310365,ENSG00000135314
6,73278348,6,73241314,73310365,ENSG00000135314
6,73305339,6,73241314,73310365,ENSG00000135314
6,73312602,6,73241314,73310365,ENSG00000135314
6,73252618,6,73241314,73310365,ENSG00000135314
6,73255727,6,73241314,73310365,ENSG00000135314
6,73310156,6,73241314,73310365,ENSG00000135314
6,73248719,6,73241314,73310365,ENSG00000135314
6,73314702,6,73241314,73310365,ENSG00000135314
6,73279828,6,73241314,73310365,ENSG00000135314
6,73294956,6,73241314,73310365,ENSG00000135314
6,73295238,6,73241314,73310365,ENSG00000135314
6,73295330,6,73241314,73310365,ENSG00000135314
6,73304745,6,73241314,73310365,ENSG00000135314
1,232948122,1,232950605,232983882,ENSG00000135778
1,232950648,1,232950605,232983882,ENSG00000135778
1,232958537,1,232950605,232983882,ENSG00000135778
2,218270205,2,218274197,218292586,ENSG00000135926
2,218285488,2,218274197,218292586,ENSG00000135926
12,106304024,12,106237881,106304279,ENSG00000136026
12,106289139,12,106237881,106304279,ENSG00000136026
12,106294798,12,106237881,106304279,ENSG00000136026
12,106292482,12,106237881,106304279,ENSG00000136026
12,106301210,12,106237881,106304279,ENSG00000136026
12,106299932,12,106237881,106304279,ENSG00000136026
12,106304556,12,106237881,106304279,ENSG00000136026
12,106302779,12,106237881,106304279,ENSG00000136026
12,106306931,12,106237881,106304279,ENSG00000136026
13,52132007,13,52132639,52159597,ENSG00000136098
13,52135606,13,52132639,52159597,ENSG00000136098
13,52137293,13,52132639,52159597,ENSG00000136098
13,52139907,13,52132639,52159597,ENSG00000136098
13,52140701,13,52132639,52159597,ENSG00000136098
13,52141758,13,52132639,52159597,ENSG00000136098
13,52142053,13,52132639,52159597,ENSG00000136098
13,52143914,13,52132639,52159597,ENSG00000136098
13,52145527,13,52132639,52159597,ENSG00000136098
13,52146932,13,52132639,52159597,ENSG00000136098
13,52150662,13,52132639,52159597,ENSG00000136098
13,52151955,13,52132639,52159597,ENSG00000136098
13,52155921,13,52132639,52159597,ENSG00000136098
13,52156869,13,52132639,52159597,ENSG00000136098
13,52159071,13,52132639,52159597,ENSG00000136098
13,52159499,13,52132639,52159597,ENSG00000136098
13,52127646,13,52132639,52159597,ENSG00000136098
13,52130295,13,52132639,52159597,ENSG00000136098
13,52130488,13,52132639,52159597,ENSG00000136098
13,52132145,13,52132639,52159597,ENSG00000136098
13,52133104,13,52132639,52159597,ENSG00000136098
13,52134637,13,52132639,52159597,ENSG00000136098
13,52135908,13,52132639,52159597,ENSG00000136098
13,52135922,13,52132639,52159597,ENSG00000136098
13,52136000,13,52132639,52159597,ENSG00000136098
13,52141808,13,52132639,52159597,ENSG00000136098
13,52143814,13,52132639,52159597,ENSG00000136098
13,52145079,13,52132639,52159597,ENSG00000136098
13,52148663,13,52132639,52159597,ENSG00000136098
13,52149234,13,52132639,52159597,ENSG00000136098
13,52149742,13,52132639,52159597,ENSG00000136098
13,52152389,13,52132639,52159597,ENSG00000136098
13,52153588,13,52132639,52159597,ENSG00000136098
13,52154288,13,52132639,52159597,ENSG00000136098
13,52155699,13,52132639,52159597,ENSG00000136098
13,52156626,13,52132639,52159597,ENSG00000136098
13,52160016,13,52132639,52159597,ENSG00000136098
13,52152341,13,52132639,52159597,ENSG00000136098
13,52135802,13,52132639,52159597,ENSG00000136098
13,52140690,13,52132639,52159597,ENSG00000136098
13,52160723,13,52132639,52159597,ENSG00000136098
13,52151239,13,52132639,52159597,ENSG00000136098
13,45531936,13,45464898,45536701,ENSG00000136152
13,45460618,13,45464898,45536701,ENSG00000136152
7,42911916,7,42909273,42912305,ENSG00000136197
7,42916133,7,42909273,42912305,ENSG00000136197
7,6400806,7,6374527,6403967,ENSG00000136238
7,6407410,7,6374527,6403967,ENSG00000136238
7,6405100,7,6374527,6403967,ENSG00000136238
7,6408360,7,6374527,6403967,ENSG00000136238
7,6391773,7,6374527,6403967,ENSG00000136238
7,6392059,7,6374527,6403967,ENSG00000136238
7,6387310,7,6374527,6403967,ENSG00000136238
7,6392586,7,6374527,6403967,ENSG00000136238
7,6388110,7,6374527,6403967,ENSG00000136238
7,6379702,7,6374527,6403967,ENSG00000136238
7,6402168,7,6374527,6403967,ENSG00000136238
7,6383435,7,6374527,6403967,ENSG00000136238
7,6398212,7,6374527,6403967,ENSG00000136238
7,6376303,7,6374527,6403967,ENSG00000136238
7,6379042,7,6374527,6403967,ENSG00000136238
7,6379418,7,6374527,6403967,ENSG00000136238
7,6370690,7,6374527,6403967,ENSG00000136238
7,6400314,7,6374527,6403967,ENSG00000136238
7,6395481,7,6374527,6403967,ENSG00000136238
7,6381907,7,6374527,6403967,ENSG00000136238
7,6374056,7,6374527,6403967,ENSG00000136238
7,6395060,7,6374527,6403967,ENSG00000136238
7,6577616,7,6577434,6589374,ENSG00000136247
2,113461586,2,113437691,113496204,ENSG00000136682
2,113471327,2,113437691,113496204,ENSG00000136682
9,129834783,9,129827290,129835863,ENSG00000136819
9,127404678,9,127397138,127408424,ENSG00000136856
9,127404578,9,127397138,127408424,ENSG00000136856
9,127411083,9,127397138,127408424,ENSG00000136856
9,127410040,9,127397138,127408424,ENSG00000136856
9,127406561,9,127397138,127408424,ENSG00000136856
9,113278160,9,113275642,113294009,ENSG00000136875
9,113286594,9,113275642,113294009,ENSG00000136875
9,113290158,9,113275642,113294009,ENSG00000136875
9,113293831,9,113275642,113294009,ENSG00000136875
9,113295402,9,113275642,113294009,ENSG00000136875
9,113295434,9,113275642,113294009,ENSG00000136875
9,113296774,9,113275642,113294009,ENSG00000136875
9,113275900,9,113275642,113294009,ENSG00000136875
9,113283846,9,113275642,113294009,ENSG00000136875
9,113279301,9,113275642,113294009,ENSG00000136875
9,113292796,9,113275642,113294009,ENSG00000136875
9,113295501,9,113275642,113294009,ENSG00000136875
9,113280212,9,113275642,113294009,ENSG00000136875
9,113282718,9,113275642,113294009,ENSG00000136875
9,113297844,9,113275642,113294009,ENSG00000136875
9,113294726,9,113275642,113294009,ENSG00000136875
9,35808337,9,35808045,35812272,ENSG00000137098
9,35809331,9,35808045,35812272,ENSG00000137098
6,17988664,6,17759183,17987635,ENSG00000137177
6,17975618,6,17759183,17987635,ENSG00000137177
6,17978090,6,17759183,17987635,ENSG00000137177
6,17967139,6,17759183,17987635,ENSG00000137177
6,17931045,6,17759183,17987635,ENSG00000137177
6,17941896,6,17759183,17987635,ENSG00000137177
6,17953599,6,17759183,17987635,ENSG00000137177
6,17961186,6,17759183,17987635,ENSG00000137177
6,17975478,6,17759183,17987635,ENSG00000137177
6,17982040,6,17759183,17987635,ENSG00000137177
6,17984050,6,17759183,17987635,ENSG00000137177
6,17984465,6,17759183,17987635,ENSG00000137177
6,17986998,6,17759183,17987635,ENSG00000137177
6,18398104,6,18387350,18468870,ENSG00000137393
6,18399519,6,18387350,18468870,ENSG00000137393
6,18403902,6,18387350,18468870,ENSG00000137393
6,18385658,6,18387350,18468870,ENSG00000137393
6,30905264,6,30914205,30926459,ENSG00000137411
6,30908122,6,30914205,30926459,ENSG00000137411
6,30912980,6,30914205,30926459,ENSG00000137411
6,30914500,6,30914205,30926459,ENSG00000137411
6,30914736,6,30914205,30926459,ENSG00000137411
6,30914857,6,30914205,30926459,ENSG00000137411
6,30915004,6,30914205,30926459,ENSG00000137411
6,30915079,6,30914205,30926459,ENSG00000137411
6,30916143,6,30914205,30926459,ENSG00000137411
6,30916554,6,30914205,30926459,ENSG00000137411
6,30916659,6,30914205,30926459,ENSG00000137411
6,30917029,6,30914205,30926459,ENSG00000137411
6,30917862,6,30914205,30926459,ENSG00000137411
6,30917909,6,30914205,30926459,ENSG00000137411
6,30918044,6,30914205,30926459,ENSG00000137411
6,30918238,6,30914205,30926459,ENSG00000137411
6,30918302,6,30914205,30926459,ENSG00000137411
6,30918573,6,30914205,30926459,ENSG00000137411
6,30919430,6,30914205,30926459,ENSG00000137411
6,30919534,6,30914205,30926459,ENSG00000137411
6,30919567,6,30914205,30926459,ENSG00000137411
6,30920211,6,30914205,30926459,ENSG00000137411
6,30920392,6,30914205,30926459,ENSG00000137411
6,30921343,6,30914205,30926459,ENSG00000137411
6,30922278,6,30914205,30926459,ENSG00000137411
6,30922429,6,30914205,30926459,ENSG00000137411
6,30922706,6,30914205,30926459,ENSG00000137411
6,30922792,6,30914205,30926459,ENSG00000137411
6,30923927,6,30914205,30926459,ENSG00000137411
6,30924018,6,30914205,30926459,ENSG00000137411
6,30924545,6,30914205,30926459,ENSG00000137411
6,30924600,6,30914205,30926459,ENSG00000137411
6,30924815,6,30914205,30926459,ENSG00000137411
6,30925449,6,30914205,30926459,ENSG00000137411
6,30925474,6,30914205,30926459,ENSG00000137411
6,30925651,6,30914205,30926459,ENSG00000137411
6,30926054,6,30914205,30926459,ENSG00000137411
6,30926567,6,30914205,30926459,ENSG00000137411
6,30926631,6,30914205,30926459,ENSG00000137411
6,30926639,6,30914205,30926459,ENSG00000137411
6,30926796,6,30914205,30926459,ENSG00000137411
6,30927487,6,30914205,30926459,ENSG00000137411
6,30927516,6,30914205,30926459,ENSG00000137411
6,30927815,6,30914205,30926459,ENSG00000137411
6,30927948,6,30914205,30926459,ENSG00000137411
6,30928413,6,30914205,30926459,ENSG00000137411
6,30928622,6,30914205,30926459,ENSG00000137411
6,30930518,6,30914205,30926459,ENSG00000137411
6,30930657,6,30914205,30926459,ENSG00000137411
6,30930664,6,30914205,30926459,ENSG00000137411
6,30930665,6,30914205,30926459,ENSG00000137411
6,30930910,6,30914205,30926459,ENSG00000137411
6,30929997,6,30914205,30926459,ENSG00000137411
6,30926982,6,30914205,30926459,ENSG00000137411
6,30920003,6,30914205,30926459,ENSG00000137411
6,30920384,6,30914205,30926459,ENSG00000137411
6,30921483,6,30914205,30926459,ENSG00000137411
6,30923094,6,30914205,30926459,ENSG00000137411
6,30914426,6,30914205,30926459,ENSG00000137411
6,30903408,6,30914205,30926459,ENSG00000137411
6,30903672,6,30914205,30926459,ENSG00000137411
6,30903732,6,30914205,30926459,ENSG00000137411
6,30904922,6,30914205,30926459,ENSG00000137411
6,30904955,6,30914205,30926459,ENSG00000137411
6,30905781,6,30914205,30926459,ENSG00000137411
6,30906109,6,30914205,30926459,ENSG00000137411
6,30906388,6,30914205,30926459,ENSG00000137411
6,30906607,6,30914205,30926459,ENSG00000137411
6,30906736,6,30914205,30926459,ENSG00000137411
6,30907317,6,30914205,30926459,ENSG00000137411
6,30907368,6,30914205,30926459,ENSG00000137411
6,30907493,6,30914205,30926459,ENSG00000137411
6,30907503,6,30914205,30926459,ENSG00000137411
6,30907845,6,30914205,30926459,ENSG00000137411
6,30907887,6,30914205,30926459,ENSG00000137411
6,30908257,6,30914205,30926459,ENSG00000137411
6,30908375,6,30914205,30926459,ENSG00000137411
6,30908461,6,30914205,30926459,ENSG00000137411
6,30908661,6,30914205,30926459,ENSG00000137411
6,30909219,6,30914205,30926459,ENSG00000137411
6,30909425,6,30914205,30926459,ENSG00000137411
6,30909983,6,30914205,30926459,ENSG00000137411
6,30910802,6,30914205,30926459,ENSG00000137411
6,30910992,6,30914205,30926459,ENSG00000137411
6,30911142,6,30914205,30926459,ENSG00000137411
6,30903842,6,30914205,30926459,ENSG00000137411
11,83238492,11,83193712,83260694,ENSG00000137494
11,83240317,11,83193712,83260694,ENSG00000137494
11,83230122,11,83193712,83260694,ENSG00000137494
11,83256921,11,83193712,83260694,ENSG00000137494
11,83250832,11,83193712,83260694,ENSG00000137494
11,83225220,11,83193712,83260694,ENSG00000137494
11,83257910,11,83193712,83260694,ENSG00000137494
11,83258520,11,83193712,83260694,ENSG00000137494
11,83227481,11,83193712,83260694,ENSG00000137494
11,83234655,11,83193712,83260694,ENSG00000137494
11,83240481,11,83193712,83260694,ENSG00000137494
11,83261962,11,83193712,83260694,ENSG00000137494
11,83256700,11,83193712,83260694,ENSG00000137494
11,83220915,11,83193712,83260694,ENSG00000137494
11,83237992,11,83193712,83260694,ENSG00000137494
11,83239697,11,83193712,83260694,ENSG00000137494
11,83251944,11,83193712,83260694,ENSG00000137494
11,83262810,11,83193712,83260694,ENSG00000137494
11,83230622,11,83193712,83260694,ENSG00000137494
11,83246619,11,83193712,83260694,ENSG00000137494
11,83239120,11,83193712,83260694,ENSG00000137494
11,83258800,11,83193712,83260694,ENSG00000137494
11,83260904,11,83193712,83260694,ENSG00000137494
11,83264618,11,83193712,83260694,ENSG00000137494
11,83244423,11,83193712,83260694,ENSG00000137494
11,83253246,11,83193712,83260694,ENSG00000137494
11,83255981,11,83193712,83260694,ENSG00000137494
11,83220125,11,83193712,83260694,ENSG00000137494
11,83225377,11,83193712,83260694,ENSG00000137494
11,83228709,11,83193712,83260694,ENSG00000137494
11,83259750,11,83193712,83260694,ENSG00000137494
15,41495774,15,41493393,41503551,ENSG00000137825
15,41503702,15,41493393,41503551,ENSG00000137825
15,41501296,15,41493393,41503551,ENSG00000137825
1,78628396,1,78619902,78646145,ENSG00000137959
1,78626734,1,78619902,78646145,ENSG00000137959
1,78628133,1,78619902,78646145,ENSG00000137959
1,78644833,1,78619902,78646145,ENSG00000137959
1,78623717,1,78619902,78646145,ENSG00000137959
1,78629654,1,78619902,78646145,ENSG00000137959
1,78643199,1,78619902,78646145,ENSG00000137959
1,78641214,1,78619902,78646145,ENSG00000137959
1,78617087,1,78619902,78646145,ENSG00000137959
1,78618150,1,78619902,78646145,ENSG00000137959
1,78635077,1,78619902,78646145,ENSG00000137959
1,78619049,1,78619902,78646145,ENSG00000137959
1,78661042,1,78649796,78664078,ENSG00000137965
1,78662635,1,78649796,78664078,ENSG00000137965
1,78662885,1,78649796,78664078,ENSG00000137965
1,78666009,1,78649796,78664078,ENSG00000137965
1,78666120,1,78649796,78664078,ENSG00000137965
1,78666996,1,78649796,78664078,ENSG00000137965
1,78649621,1,78649796,78664078,ENSG00000137965
1,78660365,1,78649796,78664078,ENSG00000137965
1,78664687,1,78649796,78664078,ENSG00000137965
1,78657214,1,78649796,78664078,ENSG00000137965
1,78666559,1,78649796,78664078,ENSG00000137965
1,78657409,1,78649796,78664078,ENSG00000137965
2,26257560,2,26243170,26290465,ENSG00000138029
2,26275354,2,26243170,26290465,ENSG00000138029
2,26280571,2,26243170,26290465,ENSG00000138029
2,26280606,2,26243170,26290465,ENSG00000138029
2,26284208,2,26243170,26290465,ENSG00000138029
2,26286782,2,26243170,26290465,ENSG00000138029
2,26249466,2,26243170,26290465,ENSG00000138029
10,102480681,10,102461395,102477045,ENSG00000138111
10,102480741,10,102461395,102477045,ENSG00000138111
10,102481217,10,102461395,102477045,ENSG00000138111
10,102481618,10,102461395,102477045,ENSG00000138111
10,102475024,10,102461395,102477045,ENSG00000138111
10,102476199,10,102461395,102477045,ENSG00000138111
10,102476519,10,102461395,102477045,ENSG00000138111
10,102476785,10,102461395,102477045,ENSG00000138111
10,102476795,10,102461395,102477045,ENSG00000138111
10,102476883,10,102461395,102477045,ENSG00000138111
10,102477172,10,102461395,102477045,ENSG00000138111
10,102476724,10,102461395,102477045,ENSG00000138111
10,102471905,10,102461395,102477045,ENSG00000138111
10,102466651,10,102461395,102477045,ENSG00000138111
2,174214397,2,174072447,174248599,ENSG00000138430
15,50496406,15,50424380,50514421,ENSG00000138592
15,50424871,15,50424380,50514421,ENSG00000138592
15,50437432,15,50424380,50514421,ENSG00000138592
15,50443291,15,50424380,50514421,ENSG00000138592
15,50479314,15,50424380,50514421,ENSG00000138592
15,50491580,15,50424380,50514421,ENSG00000138592
15,50490138,15,50424380,50514421,ENSG00000138592
15,50499606,15,50424380,50514421,ENSG00000138592
15,50481235,15,50424380,50514421,ENSG00000138592
15,50465524,15,50424380,50514421,ENSG00000138592
15,50426079,15,50424380,50514421,ENSG00000138592
15,50458272,15,50424380,50514421,ENSG00000138592
15,50466465,15,50424380,50514421,ENSG00000138592
15,50483365,15,50424380,50514421,ENSG00000138592
15,50446395,15,50424380,50514421,ENSG00000138592
15,50450051,15,50424380,50514421,ENSG00000138592
15,50462142,15,50424380,50514421,ENSG00000138592
15,50448742,15,50424380,50514421,ENSG00000138592
15,50450780,15,50424380,50514421,ENSG00000138592
15,50431938,15,50424380,50514421,ENSG00000138592
15,50437077,15,50424380,50514421,ENSG00000138592
15,50480282,15,50424380,50514421,ENSG00000138592
15,50486656,15,50424380,50514421,ENSG00000138592
15,50488017,15,50424380,50514421,ENSG00000138592
15,50420840,15,50424380,50514421,ENSG00000138592
15,50458853,15,50424380,50514421,ENSG00000138592
15,50465733,15,50424380,50514421,ENSG00000138592
15,50422482,15,50424380,50514421,ENSG00000138592
12,6463895,12,6451690,6466517,ENSG00000139192
12,6463980,12,6451690,6466517,ENSG00000139192
12,6464550,12,6451690,6466517,ENSG00000139192
12,6464583,12,6451690,6466517,ENSG00000139192
12,6464690,12,6451690,6466517,ENSG00000139192
12,6465878,12,6451690,6466517,ENSG00000139192
12,6468163,12,6451690,6466517,ENSG00000139192
12,6468974,12,6451690,6466517,ENSG00000139192
12,6469706,12,6451690,6466517,ENSG00000139192
12,6471083,12,6451690,6466517,ENSG00000139192
12,109549786,12,109553715,109573580,ENSG00000139428
12,109550917,12,109553715,109573580,ENSG00000139428
12,109550918,12,109553715,109573580,ENSG00000139428
12,109554193,12,109553715,109573580,ENSG00000139428
12,109554344,12,109553715,109573580,ENSG00000139428
12,109555493,12,109553715,109573580,ENSG00000139428
12,109557383,12,109553715,109573580,ENSG00000139428
12,109558884,12,109553715,109573580,ENSG00000139428
12,109560042,12,109553715,109573580,ENSG00000139428
12,109561200,12,109553715,109573580,ENSG00000139428
12,109561232,12,109553715,109573580,ENSG00000139428
12,109561263,12,109553715,109573580,ENSG00000139428
12,109562589,12,109553715,109573580,ENSG00000139428
12,109562943,12,109553715,109573580,ENSG00000139428
12,109563811,12,109553715,109573580,ENSG00000139428
12,109564328,12,109553715,109573580,ENSG00000139428
12,109566999,12,109553715,109573580,ENSG00000139428
12,109569009,12,109553715,109573580,ENSG00000139428
12,109570134,12,109553715,109573580,ENSG00000139428
12,109576692,12,109553715,109573580,ENSG00000139428
12,109578754,12,109553715,109573580,ENSG00000139428
12,109554327,12,109553715,109573580,ENSG00000139428
12,109559359,12,109553715,109573580,ENSG00000139428
12,109562059,12,109553715,109573580,ENSG00000139428
12,109563410,12,109553715,109573580,ENSG00000139428
12,109566263,12,109553715,109573580,ENSG00000139428
12,109577554,12,109553715,109573580,ENSG00000139428
12,109550409,12,109553715,109573580,ENSG00000139428
12,109566235,12,109553715,109573580,ENSG00000139428
12,109573424,12,109553715,109573580,ENSG00000139428
12,109573425,12,109553715,109573580,ENSG00000139428
12,109574662,12,109553715,109573580,ENSG00000139428
12,109574705,12,109553715,109573580,ENSG00000139428
12,109577682,12,109553715,109573580,ENSG00000139428
12,109577759,12,109553715,109573580,ENSG00000139428
12,109578438,12,109553715,109573580,ENSG00000139428
12,109578645,12,109553715,109573580,ENSG00000139428
12,109577953,12,109553715,109573580,ENSG00000139428
12,109549771,12,109553715,109573580,ENSG00000139428
12,109550383,12,109553715,109573580,ENSG00000139428
12,109550398,12,109553715,109573580,ENSG00000139428
12,109553880,12,109553715,109573580,ENSG00000139428
12,109556137,12,109553715,109573580,ENSG00000139428
12,109556403,12,109553715,109573580,ENSG00000139428
12,109560173,12,109553715,109573580,ENSG00000139428
12,109552395,12,109553715,109573580,ENSG00000139428
12,109568707,12,109553715,109573580,ENSG00000139428
12,109571951,12,109553715,109573580,ENSG00000139428
12,109576250,12,109553715,109573580,ENSG00000139428
12,109570188,12,109553715,109573580,ENSG00000139428
12,109550057,12,109553715,109573580,ENSG00000139428
12,109567192,12,109553715,109573580,ENSG00000139428
12,50147344,12,50129289,50167533,ENSG00000139624
12,50145636,12,50129289,50167533,ENSG00000139624
12,50152927,12,50129289,50167533,ENSG00000139624
12,50129721,12,50129289,50167533,ENSG00000139624
12,50132004,12,50129289,50167533,ENSG00000139624
12,50135531,12,50129289,50167533,ENSG00000139624
12,50135953,12,50129289,50167533,ENSG00000139624
12,50136188,12,50129289,50167533,ENSG00000139624
12,50140005,12,50129289,50167533,ENSG00000139624
12,50141207,12,50129289,50167533,ENSG00000139624
12,50152342,12,50129289,50167533,ENSG00000139624
12,50158746,12,50129289,50167533,ENSG00000139624
12,50159214,12,50129289,50167533,ENSG00000139624
12,50165345,12,50129289,50167533,ENSG00000139624
12,50126893,12,50129289,50167533,ENSG00000139624
12,50128431,12,50129289,50167533,ENSG00000139624
12,50128689,12,50129289,50167533,ENSG00000139624
12,50168215,12,50129289,50167533,ENSG00000139624
12,49091590,12,49097136,49110900,ENSG00000139636
14,100379120,14,100333790,100376805,ENSG00000140105
14,100329001,14,100333790,100376805,ENSG00000140105
14,100336148,14,100333790,100376805,ENSG00000140105
14,100337978,14,100333790,100376805,ENSG00000140105
14,100338949,14,100333790,100376805,ENSG00000140105
14,100346740,14,100333790,100376805,ENSG00000140105
14,100369908,14,100333790,100376805,ENSG00000140105
14,100370016,14,100333790,100376805,ENSG00000140105
14,100370646,14,100333790,100376805,ENSG00000140105
14,100371045,14,100333790,100376805,ENSG00000140105
14,100371670,14,100333790,100376805,ENSG00000140105
14,100371836,14,100333790,100376805,ENSG00000140105
14,100372791,14,100333790,100376805,ENSG00000140105
14,100373953,14,100333790,100376805,ENSG00000140105
14,100374613,14,100333790,100376805,ENSG00000140105
14,100374671,14,100333790,100376805,ENSG00000140105
14,100374829,14,100333790,100376805,ENSG00000140105
14,100375722,14,100333790,100376805,ENSG00000140105
14,100374476,14,100333790,100376805,ENSG00000140105
14,100370893,14,100333790,100376805,ENSG00000140105
14,100330918,14,100333790,100376805,ENSG00000140105
14,100336536,14,100333790,100376805,ENSG00000140105
14,100338207,14,100333790,100376805,ENSG00000140105
14,100340799,14,100333790,100376805,ENSG00000140105
14,100342173,14,100333790,100376805,ENSG00000140105
14,100342508,14,100333790,100376805,ENSG00000140105
14,100344059,14,100333790,100376805,ENSG00000140105
14,100344089,14,100333790,100376805,ENSG00000140105
14,100344547,14,100333790,100376805,ENSG00000140105
14,100344766,14,100333790,100376805,ENSG00000140105
14,100344883,14,100333790,100376805,ENSG00000140105
14,100345405,14,100333790,100376805,ENSG00000140105
14,100345585,14,100333790,100376805,ENSG00000140105
14,100346069,14,100333790,100376805,ENSG00000140105
14,100348380,14,100333790,100376805,ENSG00000140105
14,100352422,14,100333790,100376805,ENSG00000140105
14,100353343,14,100333790,100376805,ENSG00000140105
14,100354643,14,100333790,100376805,ENSG00000140105
14,100354869,14,100333790,100376805,ENSG00000140105
14,100355936,14,100333790,100376805,ENSG00000140105
14,100357712,14,100333790,100376805,ENSG00000140105
14,100358052,14,100333790,100376805,ENSG00000140105
14,100358157,14,100333790,100376805,ENSG00000140105
14,100358170,14,100333790,100376805,ENSG00000140105
14,100358219,14,100333790,100376805,ENSG00000140105
14,100358303,14,100333790,100376805,ENSG00000140105
14,100359439,14,100333790,100376805,ENSG00000140105
14,100360098,14,100333790,100376805,ENSG00000140105
14,100362060,14,100333790,100376805,ENSG00000140105
14,100362150,14,100333790,100376805,ENSG00000140105
14,100365437,14,100333790,100376805,ENSG00000140105
14,100366054,14,100333790,100376805,ENSG00000140105
14,100368645,14,100333790,100376805,ENSG00000140105
14,100368785,14,100333790,100376805,ENSG00000140105
14,100369641,14,100333790,100376805,ENSG00000140105
14,100370072,14,100333790,100376805,ENSG00000140105
14,100331804,14,100333790,100376805,ENSG00000140105
14,100358226,14,100333790,100376805,ENSG00000140105
14,100330863,14,100333790,100376805,ENSG00000140105
14,100339246,14,100333790,100376805,ENSG00000140105
15,40039498,15,40035690,40039181,ENSG00000140319
15,40036091,15,40035690,40039181,ENSG00000140319
15,40038428,15,40035690,40039181,ENSG00000140319
15,40039346,15,40035690,40039181,ENSG00000140319
15,76304716,15,76188555,76311730,ENSG00000140374
15,76309175,15,76188555,76311730,ENSG00000140374
15,76312662,15,76188555,76311730,ENSG00000140374
15,76234571,15,76188555,76311730,ENSG00000140374
15,76303909,15,76188555,76311730,ENSG00000140374
15,76306577,15,76188555,76311730,ENSG00000140374
15,76304149,15,76188555,76311730,ENSG00000140374
15,76301299,15,76188555,76311730,ENSG00000140374
15,76301313,15,76188555,76311730,ENSG00000140374
15,76301535,15,76188555,76311730,ENSG00000140374
15,76301537,15,76188555,76311730,ENSG00000140374
15,76302612,15,76188555,76311730,ENSG00000140374
15,76303063,15,76188555,76311730,ENSG00000140374
15,76303198,15,76188555,76311730,ENSG00000140374
15,76303210,15,76188555,76311730,ENSG00000140374
15,76303874,15,76188555,76311730,ENSG00000140374
15,76306211,15,76188555,76311730,ENSG00000140374
15,76307575,15,76188555,76311730,ENSG00000140374
15,76250222,15,76188555,76311730,ENSG00000140374
15,76251569,15,76188555,76311730,ENSG00000140374
15,76304359,15,76188555,76311730,ENSG00000140374
15,76237762,15,76188555,76311730,ENSG00000140374
15,76239109,15,76188555,76311730,ENSG00000140374
15,76287195,15,76188555,76311730,ENSG00000140374
15,76257723,15,76188555,76311730,ENSG00000140374
15,76258632,15,76188555,76311730,ENSG00000140374
15,76278783,15,76188555,76311730,ENSG00000140374
15,76296938,15,76188555,76311730,ENSG00000140374
15,76224707,15,76188555,76311730,ENSG00000140374
15,76226793,15,76188555,76311730,ENSG00000140374
15,76233085,15,76188555,76311730,ENSG00000140374
15,76235289,15,76188555,76311730,ENSG00000140374
15,76263379,15,76188555,76311730,ENSG00000140374
15,76265802,15,76188555,76311730,ENSG00000140374
15,76273262,15,76188555,76311730,ENSG00000140374
15,76288186,15,76188555,76311730,ENSG00000140374
15,76294978,15,76188555,76311730,ENSG00000140374
15,76248760,15,76188555,76311730,ENSG00000140374
15,76251603,15,76188555,76311730,ENSG00000140374
15,76278712,15,76188555,76311730,ENSG00000140374
15,76290951,15,76188555,76311730,ENSG00000140374
15,76293991,15,76188555,76311730,ENSG00000140374
15,76294642,15,76188555,76311730,ENSG00000140374
15,76295146,15,76188555,76311730,ENSG00000140374
15,76296002,15,76188555,76311730,ENSG00000140374
15,76296513,15,76188555,76311730,ENSG00000140374
15,76296975,15,76188555,76311730,ENSG00000140374
15,76297154,15,76188555,76311730,ENSG00000140374
15,76298852,15,76188555,76311730,ENSG00000140374
15,76299479,15,76188555,76311730,ENSG00000140374
15,76299546,15,76188555,76311730,ENSG00000140374
15,76300397,15,76188555,76311730,ENSG00000140374
15,76226795,15,76188555,76311730,ENSG00000140374
15,76266150,15,76188555,76311730,ENSG00000140374
15,76269203,15,76188555,76311730,ENSG00000140374
15,76276451,15,76188555,76311730,ENSG00000140374
15,76261449,15,76188555,76311730,ENSG00000140374
15,76261247,15,76188555,76311730,ENSG00000140374
15,76262650,15,76188555,76311730,ENSG00000140374
15,76309530,15,76188555,76311730,ENSG00000140374
15,76310596,15,76188555,76311730,ENSG00000140374
15,76292345,15,76188555,76311730,ENSG00000140374
15,76262449,15,76188555,76311730,ENSG00000140374
15,76247497,15,76188555,76311730,ENSG00000140374
15,75353009,15,75355207,75368612,ENSG00000140400
15,75355623,15,75355207,75368612,ENSG00000140400
15,75358681,15,75355207,75368612,ENSG00000140400
15,75351418,15,75355207,75368612,ENSG00000140400
15,75358631,15,75355207,75368612,ENSG00000140400
15,75358495,15,75355207,75368612,ENSG00000140400
15,75368321,15,75355207,75368612,ENSG00000140400
15,75363424,15,75355207,75368612,ENSG00000140400
15,75356985,15,75355207,75368612,ENSG00000140400
15,75351373,15,75355207,75368612,ENSG00000140400
15,74833304,15,74836118,74843346,ENSG00000140474
15,74836160,15,74836118,74843346,ENSG00000140474
15,74837253,15,74836118,74843346,ENSG00000140474
15,74837674,15,74836118,74843346,ENSG00000140474
15,74837752,15,74836118,74843346,ENSG00000140474
15,74838232,15,74836118,74843346,ENSG00000140474
15,74839320,15,74836118,74843346,ENSG00000140474
15,74839618,15,74836118,74843346,ENSG00000140474
15,74839823,15,74836118,74843346,ENSG00000140474
15,74839978,15,74836118,74843346,ENSG00000140474
15,74840149,15,74836118,74843346,ENSG00000140474
15,74843106,15,74836118,74843346,ENSG00000140474
15,74843916,15,74836118,74843346,ENSG00000140474
15,74843920,15,74836118,74843346,ENSG00000140474
15,74844353,15,74836118,74843346,ENSG00000140474
15,74847355,15,74836118,74843346,ENSG00000140474
16,1957739,16,1962058,1964841,ENSG00000140988
16,1963313,16,1962058,1964841,ENSG00000140988
16,2599721,16,2537979,2603190,ENSG00000140992
16,2599835,16,2537979,2603190,ENSG00000140992
16,2599667,16,2537979,2603190,ENSG00000140992
16,2595964,16,2537979,2603190,ENSG00000140992
16,89943764,16,89948697,89968060,ENSG00000140995
16,89949552,16,89948697,89968060,ENSG00000140995
16,89945331,16,89948697,89968060,ENSG00000140995
16,90015252,16,90019629,90044975,ENSG00000141013
16,90027173,16,90019629,90044975,ENSG00000141013
16,90027238,16,90019629,90044975,ENSG00000141013
16,90028869,16,90019629,90044975,ENSG00000141013
16,90032653,16,90019629,90044975,ENSG00000141013
16,90033970,16,90019629,90044975,ENSG00000141013
16,90034709,16,90019629,90044975,ENSG00000141013
16,90034721,16,90019629,90044975,ENSG00000141013
16,90034767,16,90019629,90044975,ENSG00000141013
16,90035109,16,90019629,90044975,ENSG00000141013
16,90036427,16,90019629,90044975,ENSG00000141013
16,90036679,16,90019629,90044975,ENSG00000141013
16,90036709,16,90019629,90044975,ENSG00000141013
16,90036838,16,90019629,90044975,ENSG00000141013
16,90038596,16,90019629,90044975,ENSG00000141013
16,90039318,16,90019629,90044975,ENSG00000141013
16,90039482,16,90019629,90044975,ENSG00000141013
16,90039486,16,90019629,90044975,ENSG00000141013
16,90039956,16,90019629,90044975,ENSG00000141013
16,90040945,16,90019629,90044975,ENSG00000141013
16,90027561,16,90019629,90044975,ENSG00000141013
16,90028093,16,90019629,90044975,ENSG00000141013
16,90037611,16,90019629,90044975,ENSG00000141013
16,90040117,16,90019629,90044975,ENSG00000141013
16,90022029,16,90019629,90044975,ENSG00000141013
16,90024068,16,90019629,90044975,ENSG00000141013
16,90021519,16,90019629,90044975,ENSG00000141013
16,90025127,16,90019629,90044975,ENSG00000141013
16,90025572,16,90019629,90044975,ENSG00000141013
16,90027175,16,90019629,90044975,ENSG00000141013
16,90027787,16,90019629,90044975,ENSG00000141013
16,90032208,16,90019629,90044975,ENSG00000141013
16,90033163,16,90019629,90044975,ENSG00000141013
16,90039254,16,90019629,90044975,ENSG00000141013
16,90039332,16,90019629,90044975,ENSG00000141013
16,90041481,16,90019629,90044975,ENSG00000141013
16,90021435,16,90019629,90044975,ENSG00000141013
16,90031571,16,90019629,90044975,ENSG00000141013
16,90018153,16,90019629,90044975,ENSG00000141013
16,90022496,16,90019629,90044975,ENSG00000141013
16,90023055,16,90019629,90044975,ENSG00000141013
16,90017749,16,90019629,90044975,ENSG00000141013
16,90017261,16,90019629,90044975,ENSG00000141013
16,90017268,16,90019629,90044975,ENSG00000141013
16,90027223,16,90019629,90044975,ENSG00000141013
16,90027235,16,90019629,90044975,ENSG00000141013
16,90027239,16,90019629,90044975,ENSG00000141013
16,90029153,16,90019629,90044975,ENSG00000141013
16,90033981,16,90019629,90044975,ENSG00000141013
16,90028162,16,90019629,90044975,ENSG00000141013
16,90031587,16,90019629,90044975,ENSG00000141013
16,90032058,16,90019629,90044975,ENSG00000141013
16,90029595,16,90019629,90044975,ENSG00000141013
16,90029659,16,90019629,90044975,ENSG00000141013
16,90027016,16,90019629,90044975,ENSG00000141013
16,90016623,16,90019629,90044975,ENSG00000141013
16,90027806,16,90019629,90044975,ENSG00000141013
16,90023683,16,90019629,90044975,ENSG00000141013
16,90023896,16,90019629,90044975,ENSG00000141013
16,90024691,16,90019629,90044975,ENSG00000141013
16,90048425,16,90019629,90044975,ENSG00000141013
16,90042964,16,90019629,90044975,ENSG00000141013
16,69746119,16,69741871,69754926,ENSG00000141101
16,69748952,16,69741871,69754926,ENSG00000141101
16,69741219,16,69741871,69754926,ENSG00000141101
16,69743343,16,69741871,69754926,ENSG00000141101
16,69753991,16,69741871,69754926,ENSG00000141101
16,69743653,16,69741871,69754926,ENSG00000141101
16,69755697,16,69741871,69754926,ENSG00000141101
16,69755699,16,69741871,69754926,ENSG00000141101
16,69738011,16,69741871,69754926,ENSG00000141101
17,73248027,17,73232233,73248959,ENSG00000141219
17,73249323,17,73232233,73248959,ENSG00000141219
17,73248491,17,73232233,73248959,ENSG00000141219
17,73248981,17,73232233,73248959,ENSG00000141219
17,73249156,17,73232233,73248959,ENSG00000141219
17,47840239,17,47837692,47841289,ENSG00000141295
17,7626829,17,7626234,7627876,ENSG00000141504
17,7622230,17,7626234,7627876,ENSG00000141504
17,7626953,17,7626234,7627876,ENSG00000141504
17,7627934,17,7626234,7627876,ENSG00000141504
17,7625306,17,7626234,7627876,ENSG00000141504
17,7623569,17,7626234,7627876,ENSG00000141504
17,74251712,17,74213571,74262020,ENSG00000141540
17,74251724,17,74213571,74262020,ENSG00000141540
17,74250243,17,74213571,74262020,ENSG00000141540
17,74250327,17,74213571,74262020,ENSG00000141540
17,74250570,17,74213571,74262020,ENSG00000141540
17,74250589,17,74213571,74262020,ENSG00000141540
17,74250659,17,74213571,74262020,ENSG00000141540
17,74250668,17,74213571,74262020,ENSG00000141540
17,74250899,17,74213571,74262020,ENSG00000141540
17,74250926,17,74213571,74262020,ENSG00000141540
17,74254182,17,74213571,74262020,ENSG00000141540
17,74249490,17,74213571,74262020,ENSG00000141540
17,74249962,17,74213571,74262020,ENSG00000141540
17,74249474,17,74213571,74262020,ENSG00000141540
17,74252224,17,74213571,74262020,ENSG00000141540
17,74252344,17,74213571,74262020,ENSG00000141540
17,74252454,17,74213571,74262020,ENSG00000141540
17,74256940,17,74213571,74262020,ENSG00000141540
17,74252744,17,74213571,74262020,ENSG00000141540
17,74252808,17,74213571,74262020,ENSG00000141540
17,74252841,17,74213571,74262020,ENSG00000141540
17,74252843,17,74213571,74262020,ENSG00000141540
17,74253476,17,74213571,74262020,ENSG00000141540
17,74253507,17,74213571,74262020,ENSG00000141540
17,74253539,17,74213571,74262020,ENSG00000141540
17,74253564,17,74213571,74262020,ENSG00000141540
17,74253971,17,74213571,74262020,ENSG00000141540
17,74254010,17,74213571,74262020,ENSG00000141540
17,74254305,17,74213571,74262020,ENSG00000141540
17,74254397,17,74213571,74262020,ENSG00000141540
17,74256704,17,74213571,74262020,ENSG00000141540
17,82653129,17,82654973,82698698,ENSG00000141542
17,82653938,17,82654973,82698698,ENSG00000141542
17,82657057,17,82654973,82698698,ENSG00000141542
17,82660153,17,82654973,82698698,ENSG00000141542
17,82655541,17,82654973,82698698,ENSG00000141542
17,82657414,17,82654973,82698698,ENSG00000141542
17,82666173,17,82654973,82698698,ENSG00000141542
17,82653236,17,82654973,82698698,ENSG00000141542
17,82667303,17,82654973,82698698,ENSG00000141542
17,82662391,17,82654973,82698698,ENSG00000141542
17,82665315,17,82654973,82698698,ENSG00000141542
17,82664468,17,82654973,82698698,ENSG00000141542
17,82667436,17,82654973,82698698,ENSG00000141542
17,82655712,17,82654973,82698698,ENSG00000141542
17,82662394,17,82654973,82698698,ENSG00000141542
17,82670266,17,82654973,82698698,ENSG00000141542
17,82722518,17,82716706,82730328,ENSG00000141560
17,82721579,17,82716706,82730328,ENSG00000141560
17,82720752,17,82716706,82730328,ENSG00000141560
17,82722713,17,82716706,82730328,ENSG00000141560
17,82719095,17,82716706,82730328,ENSG00000141560
17,82717229,17,82716706,82730328,ENSG00000141560
17,82729730,17,82716706,82730328,ENSG00000141560
17,82729599,17,82716706,82730328,ENSG00000141560
17,82731791,17,82716706,82730328,ENSG00000141560
17,82732756,17,82716706,82730328,ENSG00000141560
17,82729882,17,82716706,82730328,ENSG00000141560
17,82735252,17,82716706,82730328,ENSG00000141560
17,82716963,17,82716706,82730328,ENSG00000141560
17,82722573,17,82716706,82730328,ENSG00000141560
17,41830502,17,41825057,41836260,ENSG00000141698
17,41839053,17,41825057,41836260,ENSG00000141698
17,41839201,17,41825057,41836260,ENSG00000141698
17,41840482,17,41825057,41836260,ENSG00000141698
17,41841013,17,41825057,41836260,ENSG00000141698
17,41841122,17,41825057,41836260,ENSG00000141698
17,41822810,17,41825057,41836260,ENSG00000141698
17,41822829,17,41825057,41836260,ENSG00000141698
17,41822830,17,41825057,41836260,ENSG00000141698
17,41823015,17,41825057,41836260,ENSG00000141698
17,41825899,17,41825057,41836260,ENSG00000141698
17,41826012,17,41825057,41836260,ENSG00000141698
17,41826109,17,41825057,41836260,ENSG00000141698
17,41826738,17,41825057,41836260,ENSG00000141698
17,41827392,17,41825057,41836260,ENSG00000141698
17,41827556,17,41825057,41836260,ENSG00000141698
17,41827568,17,41825057,41836260,ENSG00000141698
17,41827910,17,41825057,41836260,ENSG00000141698
17,41829241,17,41825057,41836260,ENSG00000141698
17,41829334,17,41825057,41836260,ENSG00000141698
17,41830232,17,41825057,41836260,ENSG00000141698
17,41831109,17,41825057,41836260,ENSG00000141698
17,41833340,17,41825057,41836260,ENSG00000141698
17,41833410,17,41825057,41836260,ENSG00000141698
17,41833514,17,41825057,41836260,ENSG00000141698
17,41834105,17,41825057,41836260,ENSG00000141698
17,41821482,17,41825057,41836260,ENSG00000141698
17,41824879,17,41825057,41836260,ENSG00000141698
17,41835538,17,41825057,41836260,ENSG00000141698
17,41835615,17,41825057,41836260,ENSG00000141698
17,41835736,17,41825057,41836260,ENSG00000141698
17,41837233,17,41825057,41836260,ENSG00000141698
17,41837496,17,41825057,41836260,ENSG00000141698
17,41837519,17,41825057,41836260,ENSG00000141698
17,41836332,17,41825057,41836260,ENSG00000141698
17,41836371,17,41825057,41836260,ENSG00000141698
17,41836970,17,41825057,41836260,ENSG00000141698
17,41839920,17,41825057,41836260,ENSG00000141698
17,41839974,17,41825057,41836260,ENSG00000141698
17,41830402,17,41825057,41836260,ENSG00000141698
21,33448824,21,33432485,33479974,ENSG00000142188
21,33449263,21,33432485,33479974,ENSG00000142188
21,33449384,21,33432485,33479974,ENSG00000142188
21,33449843,21,33432485,33479974,ENSG00000142188
21,33450201,21,33432485,33479974,ENSG00000142188
21,33450322,21,33432485,33479974,ENSG00000142188
21,33450329,21,33432485,33479974,ENSG00000142188
21,33450945,21,33432485,33479974,ENSG00000142188
21,33451356,21,33432485,33479974,ENSG00000142188
21,33451844,21,33432485,33479974,ENSG00000142188
21,33451896,21,33432485,33479974,ENSG00000142188
21,33452171,21,33432485,33479974,ENSG00000142188
21,33452464,21,33432485,33479974,ENSG00000142188
21,33452840,21,33432485,33479974,ENSG00000142188
21,33454805,21,33432485,33479974,ENSG00000142188
21,33456330,21,33432485,33479974,ENSG00000142188
21,33456980,21,33432485,33479974,ENSG00000142188
21,33458661,21,33432485,33479974,ENSG00000142188
21,33460816,21,33432485,33479974,ENSG00000142188
21,33462420,21,33432485,33479974,ENSG00000142188
21,33462650,21,33432485,33479974,ENSG00000142188
21,33463287,21,33432485,33479974,ENSG00000142188
21,33463467,21,33432485,33479974,ENSG00000142188
21,33464012,21,33432485,33479974,ENSG00000142188
21,33465316,21,33432485,33479974,ENSG00000142188
21,33465860,21,33432485,33479974,ENSG00000142188
21,33466032,21,33432485,33479974,ENSG00000142188
21,33466282,21,33432485,33479974,ENSG00000142188
21,33467226,21,33432485,33479974,ENSG00000142188
21,33468247,21,33432485,33479974,ENSG00000142188
21,33469562,21,33432485,33479974,ENSG00000142188
21,33470004,21,33432485,33479974,ENSG00000142188
21,33470707,21,33432485,33479974,ENSG00000142188
21,33470748,21,33432485,33479974,ENSG00000142188
21,33459863,21,33432485,33479974,ENSG00000142188
21,33430639,21,33432485,33479974,ENSG00000142188
21,33433784,21,33432485,33479974,ENSG00000142188
21,33433981,21,33432485,33479974,ENSG00000142188
21,33433998,21,33432485,33479974,ENSG00000142188
21,33453011,21,33432485,33479974,ENSG00000142188
21,33453159,21,33432485,33479974,ENSG00000142188
21,33453414,21,33432485,33479974,ENSG00000142188
21,33453568,21,33432485,33479974,ENSG00000142188
21,33435982,21,33432485,33479974,ENSG00000142188
21,33436101,21,33432485,33479974,ENSG00000142188
21,33437386,21,33432485,33479974,ENSG00000142188
21,33438023,21,33432485,33479974,ENSG00000142188
21,33439050,21,33432485,33479974,ENSG00000142188
21,33439528,21,33432485,33479974,ENSG00000142188
21,33441009,21,33432485,33479974,ENSG00000142188
21,33441093,21,33432485,33479974,ENSG00000142188
21,33441255,21,33432485,33479974,ENSG00000142188
21,33442020,21,33432485,33479974,ENSG00000142188
21,33442804,21,33432485,33479974,ENSG00000142188
21,33443487,21,33432485,33479974,ENSG00000142188
21,33445989,21,33432485,33479974,ENSG00000142188
21,33446385,21,33432485,33479974,ENSG00000142188
21,33446824,21,33432485,33479974,ENSG00000142188
21,33447275,21,33432485,33479974,ENSG00000142188
21,33447340,21,33432485,33479974,ENSG00000142188
21,33448010,21,33432485,33479974,ENSG00000142188
21,33448496,21,33432485,33479974,ENSG00000142188
21,33433911,21,33432485,33479974,ENSG00000142188
21,33454393,21,33432485,33479974,ENSG00000142188
1,169303061,1,169132531,169367948,ENSG00000143156
1,169306905,1,169132531,169367948,ENSG00000143156
1,169307774,1,169132531,169367948,ENSG00000143156
1,169309958,1,169132531,169367948,ENSG00000143156
1,169310469,1,169132531,169367948,ENSG00000143156
1,169311798,1,169132531,169367948,ENSG00000143156
1,169316247,1,169132531,169367948,ENSG00000143156
1,169317547,1,169132531,169367948,ENSG00000143156
1,169317554,1,169132531,169367948,ENSG00000143156
1,169321967,1,169132531,169367948,ENSG00000143156
1,169323602,1,169132531,169367948,ENSG00000143156
1,169324483,1,169132531,169367948,ENSG00000143156
1,169327258,1,169132531,169367948,ENSG00000143156
1,169327261,1,169132531,169367948,ENSG00000143156
1,169328069,1,169132531,169367948,ENSG00000143156
1,169331580,1,169132531,169367948,ENSG00000143156
1,169334158,1,169132531,169367948,ENSG00000143156
1,169334514,1,169132531,169367948,ENSG00000143156
1,169335620,1,169132531,169367948,ENSG00000143156
1,169336031,1,169132531,169367948,ENSG00000143156
1,169336775,1,169132531,169367948,ENSG00000143156
1,169339186,1,169132531,169367948,ENSG00000143156
1,165648529,1,165631213,165661796,ENSG00000143198
1,165649842,1,165631213,165661796,ENSG00000143198
1,179889309,1,179882042,179920077,ENSG00000143337
1,179894102,1,179882042,179920077,ENSG00000143337
1,179894661,1,179882042,179920077,ENSG00000143337
1,179894787,1,179882042,179920077,ENSG00000143337
1,179890198,1,179882042,179920077,ENSG00000143337
1,179885662,1,179882042,179920077,ENSG00000143337
1,179902577,1,179882042,179920077,ENSG00000143337
1,179909904,1,179882042,179920077,ENSG00000143337
1,179910050,1,179882042,179920077,ENSG00000143337
1,179910469,1,179882042,179920077,ENSG00000143337
1,179911782,1,179882042,179920077,ENSG00000143337
1,179919093,1,179882042,179920077,ENSG00000143337
1,179922990,1,179882042,179920077,ENSG00000143337
1,179924866,1,179882042,179920077,ENSG00000143337
1,179883961,1,179882042,179920077,ENSG00000143337
1,179889198,1,179882042,179920077,ENSG00000143337
1,179888646,1,179882042,179920077,ENSG00000143337
1,179878500,1,179882042,179920077,ENSG00000143337
1,179881408,1,179882042,179920077,ENSG00000143337
1,179927275,1,179882042,179920077,ENSG00000143337
1,179927750,1,179882042,179920077,ENSG00000143337
1,179921957,1,179882042,179920077,ENSG00000143337
1,179882939,1,179882042,179920077,ENSG00000143337
1,179883417,1,179882042,179920077,ENSG00000143337
1,179896007,1,179882042,179920077,ENSG00000143337
1,179907853,1,179882042,179920077,ENSG00000143337
1,179916804,1,179882042,179920077,ENSG00000143337
1,179892986,1,179882042,179920077,ENSG00000143337
1,179893481,1,179882042,179920077,ENSG00000143337
1,179924675,1,179882042,179920077,ENSG00000143337
1,179901784,1,179882042,179920077,ENSG00000143337
1,179911869,1,179882042,179920077,ENSG00000143337
1,179916298,1,179882042,179920077,ENSG00000143337
1,179914359,1,179882042,179920077,ENSG00000143337
1,179918546,1,179882042,179920077,ENSG00000143337
1,179884516,1,179882042,179920077,ENSG00000143337
1,179884891,1,179882042,179920077,ENSG00000143337
1,179926629,1,179882042,179920077,ENSG00000143337
1,179926726,1,179882042,179920077,ENSG00000143337
1,179904688,1,179882042,179920077,ENSG00000143337
1,179928129,1,179882042,179920077,ENSG00000143337
1,179922893,1,179882042,179920077,ENSG00000143337
1,179924217,1,179882042,179920077,ENSG00000143337
1,179891907,1,179882042,179920077,ENSG00000143337
1,179929416,1,179882042,179920077,ENSG00000143337
1,179891944,1,179882042,179920077,ENSG00000143337
1,179895624,1,179882042,179920077,ENSG00000143337
1,179899335,1,179882042,179920077,ENSG00000143337
1,179918653,1,179882042,179920077,ENSG00000143337
1,150501468,1,150487414,150507602,ENSG00000143374
1,150511364,1,150487414,150507602,ENSG00000143374
1,150512079,1,150487414,150507602,ENSG00000143374
1,150485553,1,150487414,150507602,ENSG00000143374
1,150485618,1,150487414,150507602,ENSG00000143374
1,150486611,1,150487414,150507602,ENSG00000143374
1,150486950,1,150487414,150507602,ENSG00000143374
1,150490335,1,150487414,150507602,ENSG00000143374
1,150494261,1,150487414,150507602,ENSG00000143374
1,150494892,1,150487414,150507602,ENSG00000143374
1,150501861,1,150487414,150507602,ENSG00000143374
1,150503930,1,150487414,150507602,ENSG00000143374
1,150506147,1,150487414,150507602,ENSG00000143374
1,150507501,1,150487414,150507602,ENSG00000143374
1,150510760,1,150487414,150507602,ENSG00000143374
1,155061096,1,155050566,155062775,ENSG00000143537
1,155060841,1,155050566,155062775,ENSG00000143537
1,155054606,1,155050566,155062775,ENSG00000143537
1,155047234,1,155050566,155062775,ENSG00000143537
2,272051,2,264140,278283,ENSG00000143727
1,224357044,1,224356858,224379459,ENSG00000143771
2,73729719,2,73729104,73737400,ENSG00000144034
2,73741096,2,73729104,73737400,ENSG00000144034
2,73734184,2,73729104,73737400,ENSG00000144034
2,73728987,2,73729104,73737400,ENSG00000144034
2,73729617,2,73729104,73737400,ENSG00000144034
2,73729997,2,73729104,73737400,ENSG00000144034
2,73732808,2,73729104,73737400,ENSG00000144034
2,73729754,2,73729104,73737400,ENSG00000144034
2,73726626,2,73729104,73737400,ENSG00000144034
2,73724935,2,73729104,73737400,ENSG00000144034
2,73725563,2,73729104,73737400,ENSG00000144034
2,73725565,2,73729104,73737400,ENSG00000144034
2,73725588,2,73729104,73737400,ENSG00000144034
2,73726059,2,73729104,73737400,ENSG00000144034
2,73727266,2,73729104,73737400,ENSG00000144034
2,73728174,2,73729104,73737400,ENSG00000144034
2,73728305,2,73729104,73737400,ENSG00000144034
2,73728413,2,73729104,73737400,ENSG00000144034
2,73738960,2,73729104,73737400,ENSG00000144034
2,73727528,2,73729104,73737400,ENSG00000144034
2,73727530,2,73729104,73737400,ENSG00000144034
2,73737715,2,73729104,73737400,ENSG00000144034
2,73737504,2,73729104,73737400,ENSG00000144034
2,73730100,2,73729104,73737400,ENSG00000144034
2,73732833,2,73729104,73737400,ENSG00000144034
2,73738790,2,73729104,73737400,ENSG00000144034
2,73727998,2,73729104,73737400,ENSG00000144034
3,11841240,3,11790442,11846919,ENSG00000144559
3,11842353,3,11790442,11846919,ENSG00000144559
3,11844341,3,11790442,11846919,ENSG00000144559
3,11844742,3,11790442,11846919,ENSG00000144559
3,11844891,3,11790442,11846919,ENSG00000144559
3,11845277,3,11790442,11846919,ENSG00000144559
3,11845570,3,11790442,11846919,ENSG00000144559
3,11845575,3,11790442,11846919,ENSG00000144559
3,11845591,3,11790442,11846919,ENSG00000144559
3,11845651,3,11790442,11846919,ENSG00000144559
3,11845877,3,11790442,11846919,ENSG00000144559
3,11846517,3,11790442,11846919,ENSG00000144559
3,11847082,3,11790442,11846919,ENSG00000144559
3,11847891,3,11790442,11846919,ENSG00000144559
3,11846785,3,11790442,11846919,ENSG00000144559
3,11849173,3,11790442,11846919,ENSG00000144559
3,11805825,3,11790442,11846919,ENSG00000144559
3,11822953,3,11790442,11846919,ENSG00000144559
3,11812164,3,11790442,11846919,ENSG00000144559
3,11803811,3,11790442,11846919,ENSG00000144559
3,11808893,3,11790442,11846919,ENSG00000144559
3,11787351,3,11790442,11846919,ENSG00000144559
3,11818635,3,11790442,11846919,ENSG00000144559
3,11799970,3,11790442,11846919,ENSG00000144559
3,11803577,3,11790442,11846919,ENSG00000144559
3,11810467,3,11790442,11846919,ENSG00000144559
3,11811962,3,11790442,11846919,ENSG00000144559
3,11818179,3,11790442,11846919,ENSG00000144559
3,11798492,3,11790442,11846919,ENSG00000144559
3,11801386,3,11790442,11846919,ENSG00000144559
3,11799429,3,11790442,11846919,ENSG00000144559
3,11802434,3,11790442,11846919,ENSG00000144559
3,11808333,3,11790442,11846919,ENSG00000144559
3,11800729,3,11790442,11846919,ENSG00000144559
3,11805053,3,11790442,11846919,ENSG00000144559
3,11815096,3,11790442,11846919,ENSG00000144559
3,11800880,3,11790442,11846919,ENSG00000144559
3,11799455,3,11790442,11846919,ENSG00000144559
3,11823862,3,11790442,11846919,ENSG00000144559
3,11801409,3,11790442,11846919,ENSG00000144559
3,11830908,3,11790442,11846919,ENSG00000144559
3,11833970,3,11790442,11846919,ENSG00000144559
3,11811693,3,11790442,11846919,ENSG00000144559
3,11837258,3,11790442,11846919,ENSG00000144559
3,11834833,3,11790442,11846919,ENSG00000144559
3,11844977,3,11790442,11846919,ENSG00000144559
3,11819466,3,11790442,11846919,ENSG00000144559
3,11836711,3,11790442,11846919,ENSG00000144559
3,11836142,3,11790442,11846919,ENSG00000144559
3,11837214,3,11790442,11846919,ENSG00000144559
3,11830424,3,11790442,11846919,ENSG00000144559
3,11793687,3,11790442,11846919,ENSG00000144559
3,11794823,3,11790442,11846919,ENSG00000144559
3,11794912,3,11790442,11846919,ENSG00000144559
3,11791999,3,11790442,11846919,ENSG00000144559
3,11789062,3,11790442,11846919,ENSG00000144559
3,11790196,3,11790442,11846919,ENSG00000144559
3,11808433,3,11790442,11846919,ENSG00000144559
3,11808437,3,11790442,11846919,ENSG00000144559
3,11808501,3,11790442,11846919,ENSG00000144559
3,11794065,3,11790442,11846919,ENSG00000144559
3,11796884,3,11790442,11846919,ENSG00000144559
3,11791299,3,11790442,11846919,ENSG00000144559
3,11786462,3,11790442,11846919,ENSG00000144559
3,11788000,3,11790442,11846919,ENSG00000144559
3,11797357,3,11790442,11846919,ENSG00000144559
3,11791721,3,11790442,11846919,ENSG00000144559
3,11788903,3,11790442,11846919,ENSG00000144559
3,11839342,3,11790442,11846919,ENSG00000144559
3,11833797,3,11790442,11846919,ENSG00000144559
3,11785603,3,11790442,11846919,ENSG00000144559
3,11785672,3,11790442,11846919,ENSG00000144559
3,11848313,3,11790442,11846919,ENSG00000144559
3,11829312,3,11790442,11846919,ENSG00000144559
3,11790479,3,11790442,11846919,ENSG00000144559
3,11833288,3,11790442,11846919,ENSG00000144559
3,66236632,3,66133610,66388116,ENSG00000144741
3,66236910,3,66133610,66388116,ENSG00000144741
3,66236993,3,66133610,66388116,ENSG00000144741
3,66240814,3,66133610,66388116,ENSG00000144741
3,66241019,3,66133610,66388116,ENSG00000144741
3,66239935,3,66133610,66388116,ENSG00000144741
3,66238026,3,66133610,66388116,ENSG00000144741
3,66243427,3,66133610,66388116,ENSG00000144741
3,66243671,3,66133610,66388116,ENSG00000144741
3,66243827,3,66133610,66388116,ENSG00000144741
3,66244585,3,66133610,66388116,ENSG00000144741
3,66236939,3,66133610,66388116,ENSG00000144741
3,66246364,3,66133610,66388116,ENSG00000144741
3,66249685,3,66133610,66388116,ENSG00000144741
3,66249730,3,66133610,66388116,ENSG00000144741
3,66250123,3,66133610,66388116,ENSG00000144741
3,66249214,3,66133610,66388116,ENSG00000144741
3,66289153,3,66133610,66388116,ENSG00000144741
3,66289438,3,66133610,66388116,ENSG00000144741
3,66304487,3,66133610,66388116,ENSG00000144741
3,66248060,3,66133610,66388116,ENSG00000144741
3,66248213,3,66133610,66388116,ENSG00000144741
3,66304145,3,66133610,66388116,ENSG00000144741
3,66265236,3,66133610,66388116,ENSG00000144741
3,66262701,3,66133610,66388116,ENSG00000144741
3,66247550,3,66133610,66388116,ENSG00000144741
3,66260027,3,66133610,66388116,ENSG00000144741
3,66264368,3,66133610,66388116,ENSG00000144741
3,66210148,3,66133610,66388116,ENSG00000144741
3,66212065,3,66133610,66388116,ENSG00000144741
3,66216046,3,66133610,66388116,ENSG00000144741
3,66222521,3,66133610,66388116,ENSG00000144741
3,66224886,3,66133610,66388116,ENSG00000144741
3,66253113,3,66133610,66388116,ENSG00000144741
3,66208461,3,66133610,66388116,ENSG00000144741
3,66301106,3,66133610,66388116,ENSG00000144741
3,66284528,3,66133610,66388116,ENSG00000144741
3,66275878,3,66133610,66388116,ENSG00000144741
3,66235899,3,66133610,66388116,ENSG00000144741
3,66275987,3,66133610,66388116,ENSG00000144741
3,66234173,3,66133610,66388116,ENSG00000144741
3,66266167,3,66133610,66388116,ENSG00000144741
3,66391122,3,66133610,66388116,ENSG00000144741
3,66228420,3,66133610,66388116,ENSG00000144741
3,66282761,3,66133610,66388116,ENSG00000144741
3,66257036,3,66133610,66388116,ENSG00000144741
3,66204131,3,66133610,66388116,ENSG00000144741
3,66202391,3,66133610,66388116,ENSG00000144741
3,66292045,3,66133610,66388116,ENSG00000144741
3,66278365,3,66133610,66388116,ENSG00000144741
3,66378026,3,66133610,66388116,ENSG00000144741
3,66278682,3,66133610,66388116,ENSG00000144741
3,66303698,3,66133610,66388116,ENSG00000144741
3,66202023,3,66133610,66388116,ENSG00000144741
3,66203476,3,66133610,66388116,ENSG00000144741
3,66291286,3,66133610,66388116,ENSG00000144741
3,66391455,3,66133610,66388116,ENSG00000144741
3,101815195,3,101779177,101843743,ENSG00000144815
3,101778725,3,101779177,101843743,ENSG00000144815
3,101780431,3,101779177,101843743,ENSG00000144815
3,101781904,3,101779177,101843743,ENSG00000144815
3,101786624,3,101779177,101843743,ENSG00000144815
3,101786663,3,101779177,101843743,ENSG00000144815
3,101788961,3,101779177,101843743,ENSG00000144815
3,101790631,3,101779177,101843743,ENSG00000144815
3,101791104,3,101779177,101843743,ENSG00000144815
3,101791544,3,101779177,101843743,ENSG00000144815
3,101791819,3,101779177,101843743,ENSG00000144815
3,101792309,3,101779177,101843743,ENSG00000144815
3,101794838,3,101779177,101843743,ENSG00000144815
3,101800177,3,101779177,101843743,ENSG00000144815
3,101800253,3,101779177,101843743,ENSG00000144815
3,101803083,3,101779177,101843743,ENSG00000144815
3,101806238,3,101779177,101843743,ENSG00000144815
3,101806781,3,101779177,101843743,ENSG00000144815
3,101809637,3,101779177,101843743,ENSG00000144815
3,101809919,3,101779177,101843743,ENSG00000144815
3,101812536,3,101779177,101843743,ENSG00000144815
3,101813391,3,101779177,101843743,ENSG00000144815
3,101813604,3,101779177,101843743,ENSG00000144815
3,101816503,3,101779177,101843743,ENSG00000144815
3,101820019,3,101779177,101843743,ENSG00000144815
4,20513048,4,20251905,20620561,ENSG00000145147
4,20513724,4,20251905,20620561,ENSG00000145147
4,20516995,4,20251905,20620561,ENSG00000145147
4,20524360,4,20251905,20620561,ENSG00000145147
4,20524776,4,20251905,20620561,ENSG00000145147
4,20501414,4,20251905,20620561,ENSG00000145147
4,102893563,4,102868974,102892807,ENSG00000145354
4,102864959,4,102868974,102892807,ENSG00000145354
4,102865403,4,102868974,102892807,ENSG00000145354
4,102869029,4,102868974,102892807,ENSG00000145354
4,102872502,4,102868974,102892807,ENSG00000145354
4,102873031,4,102868974,102892807,ENSG00000145354
4,102873560,4,102868974,102892807,ENSG00000145354
4,102873770,4,102868974,102892807,ENSG00000145354
4,102876177,4,102868974,102892807,ENSG00000145354
4,102878371,4,102868974,102892807,ENSG00000145354
4,102878412,4,102868974,102892807,ENSG00000145354
4,102880645,4,102868974,102892807,ENSG00000145354
4,102880646,4,102868974,102892807,ENSG00000145354
4,102881949,4,102868974,102892807,ENSG00000145354
4,102884642,4,102868974,102892807,ENSG00000145354
4,102886563,4,102868974,102892807,ENSG00000145354
4,102888166,4,102868974,102892807,ENSG00000145354
4,102888488,4,102868974,102892807,ENSG00000145354
4,102888757,4,102868974,102892807,ENSG00000145354
4,102889990,4,102868974,102892807,ENSG00000145354
4,102890220,4,102868974,102892807,ENSG00000145354
4,102890544,4,102868974,102892807,ENSG00000145354
4,102891964,4,102868974,102892807,ENSG00000145354
4,102892437,4,102868974,102892807,ENSG00000145354
4,102892577,4,102868974,102892807,ENSG00000145354
4,102892724,4,102868974,102892807,ENSG00000145354
4,102894132,4,102868974,102892807,ENSG00000145354
4,102864700,4,102868974,102892807,ENSG00000145354
4,102865431,4,102868974,102892807,ENSG00000145354
4,102868653,4,102868974,102892807,ENSG00000145354
4,102871952,4,102868974,102892807,ENSG00000145354
4,102873379,4,102868974,102892807,ENSG00000145354
4,102875751,4,102868974,102892807,ENSG00000145354
4,102878375,4,102868974,102892807,ENSG00000145354
4,102881157,4,102868974,102892807,ENSG00000145354
4,102881422,4,102868974,102892807,ENSG00000145354
4,102884286,4,102868974,102892807,ENSG00000145354
4,102885151,4,102868974,102892807,ENSG00000145354
4,102891342,4,102868974,102892807,ENSG00000145354
4,102864425,4,102868974,102892807,ENSG00000145354
4,102865214,4,102868974,102892807,ENSG00000145354
4,102867054,4,102868974,102892807,ENSG00000145354
5,71044045,5,71035016,71067689,ENSG00000145736
5,127297129,5,127290796,127465737,ENSG00000145794
5,127297156,5,127290796,127465737,ENSG00000145794
5,127299363,5,127290796,127465737,ENSG00000145794
5,127299391,5,127290796,127465737,ENSG00000145794
5,127299975,5,127290796,127465737,ENSG00000145794
5,127300519,5,127290796,127465737,ENSG00000145794
5,127303405,5,127290796,127465737,ENSG00000145794
5,127303740,5,127290796,127465737,ENSG00000145794
5,127303899,5,127290796,127465737,ENSG00000145794
5,127298135,5,127290796,127465737,ENSG00000145794
5,127297744,5,127290796,127465737,ENSG00000145794
5,127298266,5,127290796,127465737,ENSG00000145794
5,127302180,5,127290796,127465737,ENSG00000145794
5,127303443,5,127290796,127465737,ENSG00000145794
5,127304109,5,127290796,127465737,ENSG00000145794
5,127304513,5,127290796,127465737,ENSG00000145794
5,127304554,5,127290796,127465737,ENSG00000145794
5,127304884,5,127290796,127465737,ENSG00000145794
5,127346347,5,127290796,127465737,ENSG00000145794
5,127312249,5,127290796,127465737,ENSG00000145794
5,127319278,5,127290796,127465737,ENSG00000145794
5,127296149,5,127290796,127465737,ENSG00000145794
5,127308704,5,127290796,127465737,ENSG00000145794
5,127348191,5,127290796,127465737,ENSG00000145794
5,127308709,5,127290796,127465737,ENSG00000145794
5,127312509,5,127290796,127465737,ENSG00000145794
5,127305279,5,127290796,127465737,ENSG00000145794
5,127305604,5,127290796,127465737,ENSG00000145794
5,127306078,5,127290796,127465737,ENSG00000145794
5,127306456,5,127290796,127465737,ENSG00000145794
5,127306871,5,127290796,127465737,ENSG00000145794
5,127306983,5,127290796,127465737,ENSG00000145794
5,127307228,5,127290796,127465737,ENSG00000145794
5,127307898,5,127290796,127465737,ENSG00000145794
5,127309077,5,127290796,127465737,ENSG00000145794
5,127309642,5,127290796,127465737,ENSG00000145794
5,127309651,5,127290796,127465737,ENSG00000145794
5,127310770,5,127290796,127465737,ENSG00000145794
5,127317050,5,127290796,127465737,ENSG00000145794
5,127318258,5,127290796,127465737,ENSG00000145794
5,127363655,5,127290796,127465737,ENSG00000145794
5,127305962,5,127290796,127465737,ENSG00000145794
5,127308989,5,127290796,127465737,ENSG00000145794
5,127314490,5,127290796,127465737,ENSG00000145794
5,127314719,5,127290796,127465737,ENSG00000145794
5,127315113,5,127290796,127465737,ENSG00000145794
5,127315376,5,127290796,127465737,ENSG00000145794
5,127316715,5,127290796,127465737,ENSG00000145794
5,127317018,5,127290796,127465737,ENSG00000145794
5,127318117,5,127290796,127465737,ENSG00000145794
5,127318370,5,127290796,127465737,ENSG00000145794
5,127318931,5,127290796,127465737,ENSG00000145794
5,127344005,5,127290796,127465737,ENSG00000145794
5,127352130,5,127290796,127465737,ENSG00000145794
5,127352825,5,127290796,127465737,ENSG00000145794
5,127353746,5,127290796,127465737,ENSG00000145794
5,127353797,5,127290796,127465737,ENSG00000145794
5,127358745,5,127290796,127465737,ENSG00000145794
5,127362653,5,127290796,127465737,ENSG00000145794
5,127328347,5,127290796,127465737,ENSG00000145794
5,127332991,5,127290796,127465737,ENSG00000145794
5,127338921,5,127290796,127465737,ENSG00000145794
5,127343710,5,127290796,127465737,ENSG00000145794
6,13327545,6,13266542,13328583,ENSG00000145979
6,13331828,6,13266542,13328583,ENSG00000145979
6,13318377,6,13266542,13328583,ENSG00000145979
6,13333518,6,13266542,13328583,ENSG00000145979
6,13318633,6,13266542,13328583,ENSG00000145979
6,13329920,6,13266542,13328583,ENSG00000145979
6,13328697,6,13266542,13328583,ENSG00000145979
6,13320865,6,13266542,13328583,ENSG00000145979
6,13324070,6,13266542,13328583,ENSG00000145979
6,13319636,6,13266542,13328583,ENSG00000145979
6,13321624,6,13266542,13328583,ENSG00000145979
6,13329234,6,13266542,13328583,ENSG00000145979
6,13304426,6,13266542,13328583,ENSG00000145979
6,13305590,6,13266542,13328583,ENSG00000145979
6,13307592,6,13266542,13328583,ENSG00000145979
6,13296207,6,13266542,13328583,ENSG00000145979
6,13300270,6,13266542,13328583,ENSG00000145979
6,13302609,6,13266542,13328583,ENSG00000145979
6,13308992,6,13266542,13328583,ENSG00000145979
6,13313612,6,13266542,13328583,ENSG00000145979
5,176523623,5,176526702,176538025,ENSG00000146083
5,176522232,5,176526702,176538025,ENSG00000146083
5,176529176,5,176526702,176538025,ENSG00000146083
6,87510186,6,87513459,87590028,ENSG00000146282
6,87512047,6,87513459,87590028,ENSG00000146282
6,87564253,6,87513459,87590028,ENSG00000146282
7,1138191,7,996986,1138260,ENSG00000146540
7,1131138,7,996986,1138260,ENSG00000146540
7,1119607,7,996986,1138260,ENSG00000146540
7,1122448,7,996986,1138260,ENSG00000146540
7,6822053,7,6794134,6826770,ENSG00000146574
7,6822929,7,6794134,6826770,ENSG00000146574
7,6820141,7,6794134,6826770,ENSG00000146574
7,6815879,7,6794134,6826770,ENSG00000146574
7,6823158,7,6794134,6826770,ENSG00000146574
7,6813856,7,6794134,6826770,ENSG00000146574
7,6815311,7,6794134,6826770,ENSG00000146574
7,6815290,7,6794134,6826770,ENSG00000146574
7,6815294,7,6794134,6826770,ENSG00000146574
7,6829673,7,6794134,6826770,ENSG00000146574
7,6830507,7,6794134,6826770,ENSG00000146574
7,6831004,7,6794134,6826770,ENSG00000146574
7,6831300,7,6794134,6826770,ENSG00000146574
7,6831301,7,6794134,6826770,ENSG00000146574
7,6828723,7,6794134,6826770,ENSG00000146574
7,6814107,7,6794134,6826770,ENSG00000146574
7,6805673,7,6794134,6826770,ENSG00000146574
7,6804943,7,6794134,6826770,ENSG00000146574
7,6827744,7,6794134,6826770,ENSG00000146574
7,6804091,7,6794134,6826770,ENSG00000146574
7,76612022,7,76609986,76627279,ENSG00000146707
7,76626787,7,76609986,76627279,ENSG00000146707
7,76620907,7,76609986,76627279,ENSG00000146707
7,76618959,7,76609986,76627279,ENSG00000146707
7,76626681,7,76609986,76627279,ENSG00000146707
7,140529278,7,140518420,140673993,ENSG00000146966
7,140526238,7,140518420,140673993,ENSG00000146966
7,140531330,7,140518420,140673993,ENSG00000146966
7,140526391,7,140518420,140673993,ENSG00000146966
7,140528805,7,140518420,140673993,ENSG00000146966
7,140523215,7,140518420,140673993,ENSG00000146966
7,140524861,7,140518420,140673993,ENSG00000146966
X,45148175,X,45148373,45200901,ENSG00000147113
X,45148176,X,45148373,45200901,ENSG00000147113
X,45152685,X,45148373,45200901,ENSG00000147113
X,45150716,X,45148373,45200901,ENSG00000147113
X,45157921,X,45148373,45200901,ENSG00000147113
X,45191137,X,45148373,45200901,ENSG00000147113
X,45191728,X,45148373,45200901,ENSG00000147113
X,45194438,X,45148373,45200901,ENSG00000147113
X,45148009,X,45148373,45200901,ENSG00000147113
X,45149046,X,45148373,45200901,ENSG00000147113
X,45151391,X,45148373,45200901,ENSG00000147113
X,45191109,X,45148373,45200901,ENSG00000147113
X,154394242,X,154389955,154409168,ENSG00000147403
X,154396528,X,154389955,154409168,ENSG00000147403
X,154398308,X,154389955,154409168,ENSG00000147403
X,154398397,X,154389955,154409168,ENSG00000147403
X,154398804,X,154389955,154409168,ENSG00000147403
X,154398956,X,154389955,154409168,ENSG00000147403
X,154400814,X,154389955,154409168,ENSG00000147403
X,154401914,X,154389955,154409168,ENSG00000147403
X,154401952,X,154389955,154409168,ENSG00000147403
X,154403855,X,154389955,154409168,ENSG00000147403
X,154405018,X,154389955,154409168,ENSG00000147403
X,154405192,X,154389955,154409168,ENSG00000147403
X,154405612,X,154389955,154409168,ENSG00000147403
X,154406116,X,154389955,154409168,ENSG00000147403
X,154406557,X,154389955,154409168,ENSG00000147403
X,154408018,X,154389955,154409168,ENSG00000147403
X,154408522,X,154389955,154409168,ENSG00000147403
X,154408969,X,154389955,154409168,ENSG00000147403
X,154410326,X,154389955,154409168,ENSG00000147403
X,154411724,X,154389955,154409168,ENSG00000147403
8,19409216,8,19404161,19758029,ENSG00000147408
8,19410049,8,19404161,19758029,ENSG00000147408
8,19410545,8,19404161,19758029,ENSG00000147408
8,19410722,8,19404161,19758029,ENSG00000147408
8,19410740,8,19404161,19758029,ENSG00000147408
8,19411311,8,19404161,19758029,ENSG00000147408
8,19412632,8,19404161,19758029,ENSG00000147408
8,19413320,8,19404161,19758029,ENSG00000147408
8,19413521,8,19404161,19758029,ENSG00000147408
8,19414043,8,19404161,19758029,ENSG00000147408
8,19415022,8,19404161,19758029,ENSG00000147408
8,19415851,8,19404161,19758029,ENSG00000147408
8,19417282,8,19404161,19758029,ENSG00000147408
8,19417337,8,19404161,19758029,ENSG00000147408
8,19417843,8,19404161,19758029,ENSG00000147408
8,19418142,8,19404161,19758029,ENSG00000147408
8,19418341,8,19404161,19758029,ENSG00000147408
8,19419011,8,19404161,19758029,ENSG00000147408
8,19419045,8,19404161,19758029,ENSG00000147408
8,19419150,8,19404161,19758029,ENSG00000147408
8,19419170,8,19404161,19758029,ENSG00000147408
8,19419480,8,19404161,19758029,ENSG00000147408
8,19419633,8,19404161,19758029,ENSG00000147408
8,19419689,8,19404161,19758029,ENSG00000147408
8,19420019,8,19404161,19758029,ENSG00000147408
8,19420224,8,19404161,19758029,ENSG00000147408
8,19420306,8,19404161,19758029,ENSG00000147408
8,19422931,8,19404161,19758029,ENSG00000147408
8,19423041,8,19404161,19758029,ENSG00000147408
8,19423471,8,19404161,19758029,ENSG00000147408
8,19423602,8,19404161,19758029,ENSG00000147408
8,19425221,8,19404161,19758029,ENSG00000147408
8,19425824,8,19404161,19758029,ENSG00000147408
8,19425931,8,19404161,19758029,ENSG00000147408
8,19426504,8,19404161,19758029,ENSG00000147408
8,19426561,8,19404161,19758029,ENSG00000147408
8,19426736,8,19404161,19758029,ENSG00000147408
8,19427825,8,19404161,19758029,ENSG00000147408
8,19428215,8,19404161,19758029,ENSG00000147408
8,19428670,8,19404161,19758029,ENSG00000147408
8,19428742,8,19404161,19758029,ENSG00000147408
8,19429047,8,19404161,19758029,ENSG00000147408
8,19429993,8,19404161,19758029,ENSG00000147408
8,19430345,8,19404161,19758029,ENSG00000147408
8,19430356,8,19404161,19758029,ENSG00000147408
8,19431014,8,19404161,19758029,ENSG00000147408
8,19431474,8,19404161,19758029,ENSG00000147408
8,19433144,8,19404161,19758029,ENSG00000147408
8,19433452,8,19404161,19758029,ENSG00000147408
8,19433860,8,19404161,19758029,ENSG00000147408
8,19435017,8,19404161,19758029,ENSG00000147408
8,19435666,8,19404161,19758029,ENSG00000147408
8,19435854,8,19404161,19758029,ENSG00000147408
8,19436054,8,19404161,19758029,ENSG00000147408
8,19436395,8,19404161,19758029,ENSG00000147408
8,19436600,8,19404161,19758029,ENSG00000147408
8,19437123,8,19404161,19758029,ENSG00000147408
8,19440072,8,19404161,19758029,ENSG00000147408
8,19440758,8,19404161,19758029,ENSG00000147408
8,19440793,8,19404161,19758029,ENSG00000147408
8,19441550,8,19404161,19758029,ENSG00000147408
8,19442464,8,19404161,19758029,ENSG00000147408
8,19442465,8,19404161,19758029,ENSG00000147408
8,19442605,8,19404161,19758029,ENSG00000147408
8,19443302,8,19404161,19758029,ENSG00000147408
8,19445110,8,19404161,19758029,ENSG00000147408
8,19448194,8,19404161,19758029,ENSG00000147408
8,19448426,8,19404161,19758029,ENSG00000147408
8,19449107,8,19404161,19758029,ENSG00000147408
8,19449540,8,19404161,19758029,ENSG00000147408
8,19450615,8,19404161,19758029,ENSG00000147408
8,19451404,8,19404161,19758029,ENSG00000147408
8,19451427,8,19404161,19758029,ENSG00000147408
8,19451844,8,19404161,19758029,ENSG00000147408
8,19453985,8,19404161,19758029,ENSG00000147408
8,19454027,8,19404161,19758029,ENSG00000147408
8,19457523,8,19404161,19758029,ENSG00000147408
8,19459759,8,19404161,19758029,ENSG00000147408
8,19458575,8,19404161,19758029,ENSG00000147408
8,19459116,8,19404161,19758029,ENSG00000147408
8,19410319,8,19404161,19758029,ENSG00000147408
8,19421688,8,19404161,19758029,ENSG00000147408
8,19421709,8,19404161,19758029,ENSG00000147408
8,19415501,8,19404161,19758029,ENSG00000147408
8,19462685,8,19404161,19758029,ENSG00000147408
8,19421936,8,19404161,19758029,ENSG00000147408
8,19462114,8,19404161,19758029,ENSG00000147408
8,19414754,8,19404161,19758029,ENSG00000147408
8,19414457,8,19404161,19758029,ENSG00000147408
8,19441970,8,19404161,19758029,ENSG00000147408
8,19434733,8,19404161,19758029,ENSG00000147408
8,19465551,8,19404161,19758029,ENSG00000147408
8,19438769,8,19404161,19758029,ENSG00000147408
8,19439540,8,19404161,19758029,ENSG00000147408
8,19441322,8,19404161,19758029,ENSG00000147408
8,19417231,8,19404161,19758029,ENSG00000147408
8,19448751,8,19404161,19758029,ENSG00000147408
8,19424508,8,19404161,19758029,ENSG00000147408
8,19446225,8,19404161,19758029,ENSG00000147408
8,19434960,8,19404161,19758029,ENSG00000147408
8,19425886,8,19404161,19758029,ENSG00000147408
8,19436432,8,19404161,19758029,ENSG00000147408
8,19426704,8,19404161,19758029,ENSG00000147408
8,19452434,8,19404161,19758029,ENSG00000147408
8,19437751,8,19404161,19758029,ENSG00000147408
8,19437122,8,19404161,19758029,ENSG00000147408
8,19437348,8,19404161,19758029,ENSG00000147408
8,19469323,8,19404161,19758029,ENSG00000147408
8,19449779,8,19404161,19758029,ENSG00000147408
8,19449011,8,19404161,19758029,ENSG00000147408
8,19449170,8,19404161,19758029,ENSG00000147408
8,19425860,8,19404161,19758029,ENSG00000147408
8,19469640,8,19404161,19758029,ENSG00000147408
8,19446260,8,19404161,19758029,ENSG00000147408
8,19447022,8,19404161,19758029,ENSG00000147408
8,19472704,8,19404161,19758029,ENSG00000147408
8,19471255,8,19404161,19758029,ENSG00000147408
8,19440071,8,19404161,19758029,ENSG00000147408
8,19475452,8,19404161,19758029,ENSG00000147408
8,19478137,8,19404161,19758029,ENSG00000147408
8,19419349,8,19404161,19758029,ENSG00000147408
8,19469756,8,19404161,19758029,ENSG00000147408
8,19496958,8,19404161,19758029,ENSG00000147408
8,41487397,8,41488200,41511095,ENSG00000147533
8,41489877,8,41488200,41511095,ENSG00000147533
8,41510767,8,41488200,41511095,ENSG00000147533
8,41502489,8,41488200,41511095,ENSG00000147533
8,41505358,8,41488200,41511095,ENSG00000147533
8,79976575,8,79918717,80030289,ENSG00000147586
8,79968492,8,79918717,80030289,ENSG00000147586
8,79936058,8,79918717,80030289,ENSG00000147586
8,79938268,8,79918717,80030289,ENSG00000147586
8,79939766,8,79918717,80030289,ENSG00000147586
8,79939784,8,79918717,80030289,ENSG00000147586
8,79940826,8,79918717,80030289,ENSG00000147586
8,79941339,8,79918717,80030289,ENSG00000147586
8,79922967,8,79918717,80030289,ENSG00000147586
8,79923516,8,79918717,80030289,ENSG00000147586
8,79929506,8,79918717,80030289,ENSG00000147586
8,79939544,8,79918717,80030289,ENSG00000147586
8,79921107,8,79918717,80030289,ENSG00000147586
8,79988110,8,79918717,80030289,ENSG00000147586
8,79926779,8,79918717,80030289,ENSG00000147586
8,79945284,8,79918717,80030289,ENSG00000147586
8,143575099,8,143574785,143578649,ENSG00000147813
8,143583510,8,143574785,143578649,ENSG00000147813
8,143582734,8,143574785,143578649,ENSG00000147813
8,143578526,8,143574785,143578649,ENSG00000147813
8,143574584,8,143574785,143578649,ENSG00000147813
8,143574017,8,143574785,143578649,ENSG00000147813
8,143574595,8,143574785,143578649,ENSG00000147813
8,143580183,8,143574785,143578649,ENSG00000147813
8,143581491,8,143574785,143578649,ENSG00000147813
8,143582149,8,143574785,143578649,ENSG00000147813
9,65703750,9,65668805,65734041,ENSG00000147996
9,65735465,9,65668805,65734041,ENSG00000147996
9,113401427,9,113386312,113401290,ENSG00000148218
9,133354358,9,133351758,133356676,ENSG00000148290
9,133356490,9,133351758,133356676,ENSG00000148290
9,133351735,9,133351758,133356676,ENSG00000148290
9,133351736,9,133351758,133356676,ENSG00000148290
9,133355635,9,133351758,133356676,ENSG00000148290
9,133356188,9,133351758,133356676,ENSG00000148290
9,133360384,9,133351758,133356676,ENSG00000148290
9,133348100,9,133351758,133356676,ENSG00000148290
9,133360818,9,133351758,133356676,ENSG00000148290
9,133331550,9,133328776,133336188,ENSG00000148296
10,16811077,10,16590611,16817463,ENSG00000148484
10,16817239,10,16590611,16817463,ENSG00000148484
10,16811253,10,16590611,16817463,ENSG00000148484
10,84200393,10,84194537,84219621,ENSG00000148600
10,84200540,10,84194537,84219621,ENSG00000148600
10,84200639,10,84194537,84219621,ENSG00000148600
10,84217419,10,84194537,84219621,ENSG00000148600
10,84218820,10,84194537,84219621,ENSG00000148600
10,84219053,10,84194537,84219621,ENSG00000148600
10,84219183,10,84194537,84219621,ENSG00000148600
10,84219476,10,84194537,84219621,ENSG00000148600
10,84219763,10,84194537,84219621,ENSG00000148600
10,84220559,10,84194537,84219621,ENSG00000148600
10,84220972,10,84194537,84219621,ENSG00000148600
10,84222045,10,84194537,84219621,ENSG00000148600
10,84217209,10,84194537,84219621,ENSG00000148600
10,84202002,10,84194537,84219621,ENSG00000148600
10,84202894,10,84194537,84219621,ENSG00000148600
10,84200912,10,84194537,84219621,ENSG00000148600
10,84215490,10,84194537,84219621,ENSG00000148600
10,84206330,10,84194537,84219621,ENSG00000148600
10,84210344,10,84194537,84219621,ENSG00000148600
10,84211353,10,84194537,84219621,ENSG00000148600
10,84214480,10,84194537,84219621,ENSG00000148600
10,84219235,10,84194537,84219621,ENSG00000148600
10,86971011,10,86968432,87007922,ENSG00000148671
10,132334879,10,132332154,132381508,ENSG00000148814
10,132338586,10,132332154,132381508,ENSG00000148814
10,132335580,10,132332154,132381508,ENSG00000148814
10,132343535,10,132332154,132381508,ENSG00000148814
10,132332502,10,132332154,132381508,ENSG00000148814
10,132331662,10,132332154,132381508,ENSG00000148814
10,132331632,10,132332154,132381508,ENSG00000148814
10,132331634,10,132332154,132381508,ENSG00000148814
10,132353557,10,132332154,132381508,ENSG00000148814
10,132354332,10,132332154,132381508,ENSG00000148814
10,132330962,10,132332154,132381508,ENSG00000148814
10,132330964,10,132332154,132381508,ENSG00000148814
10,132330980,10,132332154,132381508,ENSG00000148814
10,132331071,10,132332154,132381508,ENSG00000148814
10,132331789,10,132332154,132381508,ENSG00000148814
10,132331832,10,132332154,132381508,ENSG00000148814
10,132334219,10,132332154,132381508,ENSG00000148814
10,132336551,10,132332154,132381508,ENSG00000148814
10,132337530,10,132332154,132381508,ENSG00000148814
10,132337784,10,132332154,132381508,ENSG00000148814
10,132337839,10,132332154,132381508,ENSG00000148814
10,132338248,10,132332154,132381508,ENSG00000148814
10,132338946,10,132332154,132381508,ENSG00000148814
10,132354971,10,132332154,132381508,ENSG00000148814
10,132332331,10,132332154,132381508,ENSG00000148814
10,132333837,10,132332154,132381508,ENSG00000148814
10,132336442,10,132332154,132381508,ENSG00000148814
10,132339353,10,132332154,132381508,ENSG00000148814
10,132339578,10,132332154,132381508,ENSG00000148814
10,132339901,10,132332154,132381508,ENSG00000148814
10,132344812,10,132332154,132381508,ENSG00000148814
10,132346536,10,132332154,132381508,ENSG00000148814
10,132347505,10,132332154,132381508,ENSG00000148814
10,132350837,10,132332154,132381508,ENSG00000148814
10,132346305,10,132332154,132381508,ENSG00000148814
10,132347155,10,132332154,132381508,ENSG00000148814
10,132328817,10,132332154,132381508,ENSG00000148814
10,132330481,10,132332154,132381508,ENSG00000148814
10,132330482,10,132332154,132381508,ENSG00000148814
10,132332999,10,132332154,132381508,ENSG00000148814
10,132335605,10,132332154,132381508,ENSG00000148814
10,132352769,10,132332154,132381508,ENSG00000148814
10,132336713,10,132332154,132381508,ENSG00000148814
10,132344183,10,132332154,132381508,ENSG00000148814
10,132346986,10,132332154,132381508,ENSG00000148814
10,132347072,10,132332154,132381508,ENSG00000148814
10,132327815,10,132332154,132381508,ENSG00000148814
10,132329279,10,132332154,132381508,ENSG00000148814
10,132329982,10,132332154,132381508,ENSG00000148814
10,132330438,10,132332154,132381508,ENSG00000148814
10,132347661,10,132332154,132381508,ENSG00000148814
10,132345038,10,132332154,132381508,ENSG00000148814
10,132332419,10,132332154,132381508,ENSG00000148814
10,132359323,10,132332154,132381508,ENSG00000148814
10,132356142,10,132332154,132381508,ENSG00000148814
11,43856909,11,43680680,43856617,ENSG00000149084
11,43856935,11,43680680,43856617,ENSG00000149084
11,43799454,11,43680680,43856617,ENSG00000149084
11,43803931,11,43680680,43856617,ENSG00000149084
11,43827743,11,43680680,43856617,ENSG00000149084
11,43837004,11,43680680,43856617,ENSG00000149084
11,43856384,11,43680680,43856617,ENSG00000149084
11,43810955,11,43680680,43856617,ENSG00000149084
11,43730972,11,43680680,43856617,ENSG00000149084
11,43732175,11,43680680,43856617,ENSG00000149084
11,43732822,11,43680680,43856617,ENSG00000149084
11,43734601,11,43680680,43856617,ENSG00000149084
11,43745352,11,43680680,43856617,ENSG00000149084
11,43746704,11,43680680,43856617,ENSG00000149084
11,43747745,11,43680680,43856617,ENSG00000149084
11,43752263,11,43680680,43856617,ENSG00000149084
11,43754184,11,43680680,43856617,ENSG00000149084
11,43754931,11,43680680,43856617,ENSG00000149084
11,43759003,11,43680680,43856617,ENSG00000149084
11,43764183,11,43680680,43856617,ENSG00000149084
11,43764763,11,43680680,43856617,ENSG00000149084
11,43765004,11,43680680,43856617,ENSG00000149084
11,43767672,11,43680680,43856617,ENSG00000149084
11,43772023,11,43680680,43856617,ENSG00000149084
11,43773042,11,43680680,43856617,ENSG00000149084
11,43781704,11,43680680,43856617,ENSG00000149084
11,43798926,11,43680680,43856617,ENSG00000149084
11,43798974,11,43680680,43856617,ENSG00000149084
11,43801207,11,43680680,43856617,ENSG00000149084
11,43801335,11,43680680,43856617,ENSG00000149084
11,43802413,11,43680680,43856617,ENSG00000149084
11,43803083,11,43680680,43856617,ENSG00000149084
11,43803488,11,43680680,43856617,ENSG00000149084
11,43807009,11,43680680,43856617,ENSG00000149084
11,43810226,11,43680680,43856617,ENSG00000149084
11,43815046,11,43680680,43856617,ENSG00000149084
11,43816001,11,43680680,43856617,ENSG00000149084
11,43816767,11,43680680,43856617,ENSG00000149084
11,43817104,11,43680680,43856617,ENSG00000149084
11,43818385,11,43680680,43856617,ENSG00000149084
11,43821651,11,43680680,43856617,ENSG00000149084
11,43822029,11,43680680,43856617,ENSG00000149084
11,43822650,11,43680680,43856617,ENSG00000149084
11,43822950,11,43680680,43856617,ENSG00000149084
11,43825155,11,43680680,43856617,ENSG00000149084
11,43825939,11,43680680,43856617,ENSG00000149084
11,43826361,11,43680680,43856617,ENSG00000149084
11,43826788,11,43680680,43856617,ENSG00000149084
11,43827204,11,43680680,43856617,ENSG00000149084
11,43828334,11,43680680,43856617,ENSG00000149084
11,43829924,11,43680680,43856617,ENSG00000149084
11,43830253,11,43680680,43856617,ENSG00000149084
11,43832359,11,43680680,43856617,ENSG00000149084
11,43834805,11,43680680,43856617,ENSG00000149084
11,43835868,11,43680680,43856617,ENSG00000149084
11,43836378,11,43680680,43856617,ENSG00000149084
11,43837132,11,43680680,43856617,ENSG00000149084
11,43840775,11,43680680,43856617,ENSG00000149084
11,43847087,11,43680680,43856617,ENSG00000149084
11,43847101,11,43680680,43856617,ENSG00000149084
11,43850247,11,43680680,43856617,ENSG00000149084
11,43850446,11,43680680,43856617,ENSG00000149084
11,43853766,11,43680680,43856617,ENSG00000149084
11,43853819,11,43680680,43856617,ENSG00000149084
11,43854164,11,43680680,43856617,ENSG00000149084
11,43854885,11,43680680,43856617,ENSG00000149084
11,43855148,11,43680680,43856617,ENSG00000149084
11,43855654,11,43680680,43856617,ENSG00000149084
11,43794650,11,43680680,43856617,ENSG00000149084
11,43795575,11,43680680,43856617,ENSG00000149084
11,43795770,11,43680680,43856617,ENSG00000149084
11,43796180,11,43680680,43856617,ENSG00000149084
11,43848430,11,43680680,43856617,ENSG00000149084
11,43846493,11,43680680,43856617,ENSG00000149084
11,43825300,11,43680680,43856617,ENSG00000149084
11,43838650,11,43680680,43856617,ENSG00000149084
11,43840198,11,43680680,43856617,ENSG00000149084
11,43841480,11,43680680,43856617,ENSG00000149084
11,43844744,11,43680680,43856617,ENSG00000149084
11,43845470,11,43680680,43856617,ENSG00000149084
11,43846102,11,43680680,43856617,ENSG00000149084
11,43848389,11,43680680,43856617,ENSG00000149084
11,43849662,11,43680680,43856617,ENSG00000149084
11,43850905,11,43680680,43856617,ENSG00000149084
11,43706984,11,43680680,43856617,ENSG00000149084
11,43708303,11,43680680,43856617,ENSG00000149084
11,43708437,11,43680680,43856617,ENSG00000149084
11,43685814,11,43680680,43856617,ENSG00000149084
11,43696893,11,43680680,43856617,ENSG00000149084
11,43697551,11,43680680,43856617,ENSG00000149084
11,43726362,11,43680680,43856617,ENSG00000149084
11,34848564,11,34853094,34916379,ENSG00000149089
11,34848687,11,34853094,34916379,ENSG00000149089
11,34848871,11,34853094,34916379,ENSG00000149089
11,34850689,11,34853094,34916379,ENSG00000149089
11,34850745,11,34853094,34916379,ENSG00000149089
11,34851001,11,34853094,34916379,ENSG00000149089
11,34851222,11,34853094,34916379,ENSG00000149089
11,34851252,11,34853094,34916379,ENSG00000149089
11,34851354,11,34853094,34916379,ENSG00000149089
11,34852748,11,34853094,34916379,ENSG00000149089
11,34852813,11,34853094,34916379,ENSG00000149089
11,34853268,11,34853094,34916379,ENSG00000149089
11,34854402,11,34853094,34916379,ENSG00000149089
11,34854629,11,34853094,34916379,ENSG00000149089
11,34855015,11,34853094,34916379,ENSG00000149089
11,34857262,11,34853094,34916379,ENSG00000149089
11,34857995,11,34853094,34916379,ENSG00000149089
11,34863975,11,34853094,34916379,ENSG00000149089
11,34865345,11,34853094,34916379,ENSG00000149089
11,34868295,11,34853094,34916379,ENSG00000149089
11,34868442,11,34853094,34916379,ENSG00000149089
11,34869110,11,34853094,34916379,ENSG00000149089
11,34870724,11,34853094,34916379,ENSG00000149089
11,34871739,11,34853094,34916379,ENSG00000149089
11,34873610,11,34853094,34916379,ENSG00000149089
11,34874618,11,34853094,34916379,ENSG00000149089
11,34874669,11,34853094,34916379,ENSG00000149089
11,34875898,11,34853094,34916379,ENSG00000149089
11,34877465,11,34853094,34916379,ENSG00000149089
11,34877523,11,34853094,34916379,ENSG00000149089
11,34877621,11,34853094,34916379,ENSG00000149089
11,34884440,11,34853094,34916379,ENSG00000149089
11,34886069,11,34853094,34916379,ENSG00000149089
11,34890144,11,34853094,34916379,ENSG00000149089
11,34890323,11,34853094,34916379,ENSG00000149089
11,34894820,11,34853094,34916379,ENSG00000149089
11,34895110,11,34853094,34916379,ENSG00000149089
11,34895725,11,34853094,34916379,ENSG00000149089
11,34896993,11,34853094,34916379,ENSG00000149089
11,34897023,11,34853094,34916379,ENSG00000149089
11,34901774,11,34853094,34916379,ENSG00000149089
11,34904791,11,34853094,34916379,ENSG00000149089
11,34905875,11,34853094,34916379,ENSG00000149089
11,34909802,11,34853094,34916379,ENSG00000149089
11,34910922,11,34853094,34916379,ENSG00000149089
11,34911989,11,34853094,34916379,ENSG00000149089
11,34912774,11,34853094,34916379,ENSG00000149089
11,34913692,11,34853094,34916379,ENSG00000149089
11,34913886,11,34853094,34916379,ENSG00000149089
11,34915273,11,34853094,34916379,ENSG00000149089
11,34917969,11,34853094,34916379,ENSG00000149089
11,34919279,11,34853094,34916379,ENSG00000149089
11,34919551,11,34853094,34916379,ENSG00000149089
11,34920463,11,34853094,34916379,ENSG00000149089
11,34920766,11,34853094,34916379,ENSG00000149089
11,34921029,11,34853094,34916379,ENSG00000149089
11,34879576,11,34853094,34916379,ENSG00000149089
11,34857607,11,34853094,34916379,ENSG00000149089
11,34848892,11,34853094,34916379,ENSG00000149089
11,34848959,11,34853094,34916379,ENSG00000149089
11,34849005,11,34853094,34916379,ENSG00000149089
11,34849447,11,34853094,34916379,ENSG00000149089
11,34850396,11,34853094,34916379,ENSG00000149089
11,34852577,11,34853094,34916379,ENSG00000149089
11,34856504,11,34853094,34916379,ENSG00000149089
11,34858719,11,34853094,34916379,ENSG00000149089
11,34853187,11,34853094,34916379,ENSG00000149089
11,34854386,11,34853094,34916379,ENSG00000149089
11,34856173,11,34853094,34916379,ENSG00000149089
11,34858698,11,34853094,34916379,ENSG00000149089
11,34860673,11,34853094,34916379,ENSG00000149089
11,34861293,11,34853094,34916379,ENSG00000149089
11,34862454,11,34853094,34916379,ENSG00000149089
11,34862858,11,34853094,34916379,ENSG00000149089
11,34880331,11,34853094,34916379,ENSG00000149089
11,34871712,11,34853094,34916379,ENSG00000149089
11,34869832,11,34853094,34916379,ENSG00000149089
11,34875635,11,34853094,34916379,ENSG00000149089
11,34877192,11,34853094,34916379,ENSG00000149089
11,34881862,11,34853094,34916379,ENSG00000149089
11,34894798,11,34853094,34916379,ENSG00000149089
11,34901056,11,34853094,34916379,ENSG00000149089
11,34909102,11,34853094,34916379,ENSG00000149089
11,34912748,11,34853094,34916379,ENSG00000149089
11,34916054,11,34853094,34916379,ENSG00000149089
11,34917236,11,34853094,34916379,ENSG00000149089
11,34871583,11,34853094,34916379,ENSG00000149089
11,34909184,11,34853094,34916379,ENSG00000149089
11,34888670,11,34853094,34916379,ENSG00000149089
11,34900831,11,34853094,34916379,ENSG00000149089
11,34910006,11,34853094,34916379,ENSG00000149089
11,34916266,11,34853094,34916379,ENSG00000149089
11,34916337,11,34853094,34916379,ENSG00000149089
11,34853233,11,34853094,34916379,ENSG00000149089
11,34858340,11,34853094,34916379,ENSG00000149089
11,34882962,11,34853094,34916379,ENSG00000149089
11,34883598,11,34853094,34916379,ENSG00000149089
11,34896828,11,34853094,34916379,ENSG00000149089
11,34864870,11,34853094,34916379,ENSG00000149089
11,34865132,11,34853094,34916379,ENSG00000149089
11,34884021,11,34853094,34916379,ENSG00000149089
11,34885714,11,34853094,34916379,ENSG00000149089
11,34887334,11,34853094,34916379,ENSG00000149089
11,34888128,11,34853094,34916379,ENSG00000149089
11,34888850,11,34853094,34916379,ENSG00000149089
11,34889873,11,34853094,34916379,ENSG00000149089
11,34890420,11,34853094,34916379,ENSG00000149089
11,34890466,11,34853094,34916379,ENSG00000149089
11,34891718,11,34853094,34916379,ENSG00000149089
11,34894209,11,34853094,34916379,ENSG00000149089
11,34894324,11,34853094,34916379,ENSG00000149089
11,34896262,11,34853094,34916379,ENSG00000149089
11,34901225,11,34853094,34916379,ENSG00000149089
11,34907366,11,34853094,34916379,ENSG00000149089
11,34910482,11,34853094,34916379,ENSG00000149089
11,34912761,11,34853094,34916379,ENSG00000149089
11,34916384,11,34853094,34916379,ENSG00000149089
11,34919021,11,34853094,34916379,ENSG00000149089
11,34919541,11,34853094,34916379,ENSG00000149089
11,34920298,11,34853094,34916379,ENSG00000149089
11,34863963,11,34853094,34916379,ENSG00000149089
11,34892933,11,34853094,34916379,ENSG00000149089
11,34882852,11,34853094,34916379,ENSG00000149089
11,34884300,11,34853094,34916379,ENSG00000149089
11,34884447,11,34853094,34916379,ENSG00000149089
11,34884498,11,34853094,34916379,ENSG00000149089
11,34884686,11,34853094,34916379,ENSG00000149089
11,34885015,11,34853094,34916379,ENSG00000149089
11,34885407,11,34853094,34916379,ENSG00000149089
11,34886257,11,34853094,34916379,ENSG00000149089
11,34886534,11,34853094,34916379,ENSG00000149089
11,34887145,11,34853094,34916379,ENSG00000149089
11,34887201,11,34853094,34916379,ENSG00000149089
11,34887233,11,34853094,34916379,ENSG00000149089
11,34887331,11,34853094,34916379,ENSG00000149089
11,34887353,11,34853094,34916379,ENSG00000149089
11,34887519,11,34853094,34916379,ENSG00000149089
11,34888025,11,34853094,34916379,ENSG00000149089
11,34888103,11,34853094,34916379,ENSG00000149089
11,34888379,11,34853094,34916379,ENSG00000149089
11,34888530,11,34853094,34916379,ENSG00000149089
11,34889795,11,34853094,34916379,ENSG00000149089
11,34889997,11,34853094,34916379,ENSG00000149089
11,34890742,11,34853094,34916379,ENSG00000149089
11,34891314,11,34853094,34916379,ENSG00000149089
11,34891361,11,34853094,34916379,ENSG00000149089
11,34891617,11,34853094,34916379,ENSG00000149089
11,34892528,11,34853094,34916379,ENSG00000149089
11,34892590,11,34853094,34916379,ENSG00000149089
11,34892813,11,34853094,34916379,ENSG00000149089
11,34893103,11,34853094,34916379,ENSG00000149089
11,34893459,11,34853094,34916379,ENSG00000149089
11,34893823,11,34853094,34916379,ENSG00000149089
11,34893899,11,34853094,34916379,ENSG00000149089
11,34894515,11,34853094,34916379,ENSG00000149089
11,34894937,11,34853094,34916379,ENSG00000149089
11,34895163,11,34853094,34916379,ENSG00000149089
11,34895238,11,34853094,34916379,ENSG00000149089
11,34895321,11,34853094,34916379,ENSG00000149089
11,34895757,11,34853094,34916379,ENSG00000149089
11,34895816,11,34853094,34916379,ENSG00000149089
11,34896069,11,34853094,34916379,ENSG00000149089
11,34897536,11,34853094,34916379,ENSG00000149089
11,34900868,11,34853094,34916379,ENSG00000149089
11,34901397,11,34853094,34916379,ENSG00000149089
11,34901669,11,34853094,34916379,ENSG00000149089
11,34904986,11,34853094,34916379,ENSG00000149089
11,34904990,11,34853094,34916379,ENSG00000149089
11,34905298,11,34853094,34916379,ENSG00000149089
11,34906975,11,34853094,34916379,ENSG00000149089
11,34907504,11,34853094,34916379,ENSG00000149089
11,34907927,11,34853094,34916379,ENSG00000149089
11,34909101,11,34853094,34916379,ENSG00000149089
11,34911479,11,34853094,34916379,ENSG00000149089
11,34913577,11,34853094,34916379,ENSG00000149089
11,34916568,11,34853094,34916379,ENSG00000149089
11,34917415,11,34853094,34916379,ENSG00000149089
11,34919435,11,34853094,34916379,ENSG00000149089
11,34919478,11,34853094,34916379,ENSG00000149089
11,34912142,11,34853094,34916379,ENSG00000149089
11,34908036,11,34853094,34916379,ENSG00000149089
11,34880787,11,34853094,34916379,ENSG00000149089
11,34896726,11,34853094,34916379,ENSG00000149089
11,113316054,11,113314579,113383544,ENSG00000149292
11,113322340,11,113314579,113383544,ENSG00000149292
11,113322879,11,113314579,113383544,ENSG00000149292
11,113317475,11,113314579,113383544,ENSG00000149292
11,113321802,11,113314579,113383544,ENSG00000149292
11,62610749,11,62615296,62622154,ENSG00000149541
11,62611188,11,62615296,62622154,ENSG00000149541
11,62611329,11,62615296,62622154,ENSG00000149541
11,62612555,11,62615296,62622154,ENSG00000149541
11,62612647,11,62615296,62622154,ENSG00000149541
11,62612953,11,62615296,62622154,ENSG00000149541
11,62614011,11,62615296,62622154,ENSG00000149541
11,62614231,11,62615296,62622154,ENSG00000149541
11,62614336,11,62615296,62622154,ENSG00000149541
11,62617896,11,62615296,62622154,ENSG00000149541
11,62619750,11,62615296,62622154,ENSG00000149541
11,62624501,11,62615296,62622154,ENSG00000149541
11,62624628,11,62615296,62622154,ENSG00000149541
11,62624757,11,62615296,62622154,ENSG00000149541
11,62626973,11,62615296,62622154,ENSG00000149541
11,62626825,11,62615296,62622154,ENSG00000149541
11,125457076,11,125442881,125592568,ENSG00000149557
11,125469075,11,125442881,125592568,ENSG00000149557
11,125468987,11,125442881,125592568,ENSG00000149557
11,125455250,11,125442881,125592568,ENSG00000149557
11,125456130,11,125442881,125592568,ENSG00000149557
11,125444220,11,125442881,125592568,ENSG00000149557
11,125466237,11,125442881,125592568,ENSG00000149557
11,125472998,11,125442881,125592568,ENSG00000149557
11,125473652,11,125442881,125592568,ENSG00000149557
11,125475460,11,125442881,125592568,ENSG00000149557
11,125459165,11,125442881,125592568,ENSG00000149557
11,125461254,11,125442881,125592568,ENSG00000149557
11,125461743,11,125442881,125592568,ENSG00000149557
11,125463732,11,125442881,125592568,ENSG00000149557
11,117196983,11,117199370,117207464,ENSG00000149591
11,117200179,11,117199370,117207464,ENSG00000149591
11,117200354,11,117199370,117207464,ENSG00000149591
11,117201809,11,117199370,117207464,ENSG00000149591
11,117198345,11,117199370,117207464,ENSG00000149591
11,117200141,11,117199370,117207464,ENSG00000149591
11,117199831,11,117199370,117207464,ENSG00000149591
11,117205848,11,117199370,117207464,ENSG00000149591
11,117205992,11,117199370,117207464,ENSG00000149591
11,117202247,11,117199370,117207464,ENSG00000149591
11,117195063,11,117199370,117207464,ENSG00000149591
11,64224109,11,64223799,64226254,ENSG00000149743
11,64222830,11,64223799,64226254,ENSG00000149743
11,64219520,11,64223799,64226254,ENSG00000149743
11,64220868,11,64223799,64226254,ENSG00000149743
11,64222690,11,64223799,64226254,ENSG00000149743
11,64223033,11,64223799,64226254,ENSG00000149743
11,64225815,11,64223799,64226254,ENSG00000149743
11,64226207,11,64223799,64226254,ENSG00000149743
11,64228180,11,64223799,64226254,ENSG00000149743
11,64227220,11,64223799,64226254,ENSG00000149743
11,64227830,11,64223799,64226254,ENSG00000149743
13,51227222,13,51222334,51284239,ENSG00000150510
13,51223301,13,51222334,51284239,ENSG00000150510
13,51222707,13,51222334,51284239,ENSG00000150510
13,51222838,13,51222334,51284239,ENSG00000150510
13,51222958,13,51222334,51284239,ENSG00000150510
13,51224194,13,51222334,51284239,ENSG00000150510
13,51223829,13,51222334,51284239,ENSG00000150510
13,51224230,13,51222334,51284239,ENSG00000150510
13,51224331,13,51222334,51284239,ENSG00000150510
13,51224459,13,51222334,51284239,ENSG00000150510
13,51225466,13,51222334,51284239,ENSG00000150510
13,51250655,13,51222334,51284239,ENSG00000150510
12,124910282,12,124911604,124917368,ENSG00000150991
12,124911509,12,124911604,124917368,ENSG00000150991
12,124913493,12,124911604,124917368,ENSG00000150991
12,124914621,12,124911604,124917368,ENSG00000150991
12,109519327,12,109477402,109536705,ENSG00000151148
12,109480776,12,109477402,109536705,ENSG00000151148
10,77869678,10,77790791,77926755,ENSG00000151208
10,77870195,10,77790791,77926755,ENSG00000151208
10,77819289,10,77790791,77926755,ENSG00000151208
10,77870449,10,77790791,77926755,ENSG00000151208
10,77816121,10,77790791,77926755,ENSG00000151208
10,77818534,10,77790791,77926755,ENSG00000151208
10,77834746,10,77790791,77926755,ENSG00000151208
10,77804755,10,77790791,77926755,ENSG00000151208
10,77887146,10,77790791,77926755,ENSG00000151208
10,77844821,10,77790791,77926755,ENSG00000151208
10,77862762,10,77790791,77926755,ENSG00000151208
10,77824420,10,77790791,77926755,ENSG00000151208
10,77896074,10,77790791,77926755,ENSG00000151208
10,77897570,10,77790791,77926755,ENSG00000151208
10,77792936,10,77790791,77926755,ENSG00000151208
10,77792393,10,77790791,77926755,ENSG00000151208
10,77802843,10,77790791,77926755,ENSG00000151208
10,77813755,10,77790791,77926755,ENSG00000151208
10,77883363,10,77790791,77926755,ENSG00000151208
10,77859765,10,77790791,77926755,ENSG00000151208
10,77842646,10,77790791,77926755,ENSG00000151208
10,77851168,10,77790791,77926755,ENSG00000151208
10,77856520,10,77790791,77926755,ENSG00000151208
10,77863169,10,77790791,77926755,ENSG00000151208
10,77869117,10,77790791,77926755,ENSG00000151208
10,77875856,10,77790791,77926755,ENSG00000151208
10,77881354,10,77790791,77926755,ENSG00000151208
10,77844068,10,77790791,77926755,ENSG00000151208
10,77895724,10,77790791,77926755,ENSG00000151208
10,77896871,10,77790791,77926755,ENSG00000151208
10,77815462,10,77790791,77926755,ENSG00000151208
10,77830968,10,77790791,77926755,ENSG00000151208
10,77832152,10,77790791,77926755,ENSG00000151208
10,77835659,10,77790791,77926755,ENSG00000151208
10,77838130,10,77790791,77926755,ENSG00000151208
10,77838826,10,77790791,77926755,ENSG00000151208
10,77839788,10,77790791,77926755,ENSG00000151208
10,77840090,10,77790791,77926755,ENSG00000151208
10,77845338,10,77790791,77926755,ENSG00000151208
10,77848019,10,77790791,77926755,ENSG00000151208
10,77850847,10,77790791,77926755,ENSG00000151208
10,77851216,10,77790791,77926755,ENSG00000151208
10,77854431,10,77790791,77926755,ENSG00000151208
10,77859582,10,77790791,77926755,ENSG00000151208
10,77861134,10,77790791,77926755,ENSG00000151208
10,77864143,10,77790791,77926755,ENSG00000151208
10,77879418,10,77790791,77926755,ENSG00000151208
10,77832558,10,77790791,77926755,ENSG00000151208
10,77787216,10,77790791,77926755,ENSG00000151208
10,77788185,10,77790791,77926755,ENSG00000151208
10,77793915,10,77790791,77926755,ENSG00000151208
10,77801103,10,77790791,77926755,ENSG00000151208
10,77803561,10,77790791,77926755,ENSG00000151208
10,77833293,10,77790791,77926755,ENSG00000151208
10,77833355,10,77790791,77926755,ENSG00000151208
10,77894141,10,77790791,77926755,ENSG00000151208
10,77786236,10,77790791,77926755,ENSG00000151208
10,77787137,10,77790791,77926755,ENSG00000151208
10,77787220,10,77790791,77926755,ENSG00000151208
10,77918958,10,77790791,77926755,ENSG00000151208
10,77912228,10,77790791,77926755,ENSG00000151208
10,77788508,10,77790791,77926755,ENSG00000151208
10,77921469,10,77790791,77926755,ENSG00000151208
10,77921725,10,77790791,77926755,ENSG00000151208
10,77928450,10,77790791,77926755,ENSG00000151208
10,77865495,10,77790791,77926755,ENSG00000151208
10,77910797,10,77790791,77926755,ENSG00000151208
10,77924028,10,77790791,77926755,ENSG00000151208
10,77847334,10,77790791,77926755,ENSG00000151208
10,12250287,10,12195965,12250589,ENSG00000151465
4,17480277,4,17460261,17512206,ENSG00000151552
4,17482717,4,17460261,17512206,ENSG00000151552
4,17482979,4,17460261,17512206,ENSG00000151552
4,17485116,4,17460261,17512206,ENSG00000151552
4,17486509,4,17460261,17512206,ENSG00000151552
4,17496640,4,17460261,17512206,ENSG00000151552
4,17501921,4,17460261,17512206,ENSG00000151552
4,17505473,4,17460261,17512206,ENSG00000151552
4,17508193,4,17460261,17512206,ENSG00000151552
4,17485943,4,17460261,17512206,ENSG00000151552
4,17496544,4,17460261,17512206,ENSG00000151552
4,17497502,4,17460261,17512206,ENSG00000151552
4,17501759,4,17460261,17512206,ENSG00000151552
4,17504831,4,17460261,17512206,ENSG00000151552
4,17505085,4,17460261,17512206,ENSG00000151552
4,17478250,4,17460261,17512206,ENSG00000151552
4,17500784,4,17460261,17512206,ENSG00000151552
4,17486884,4,17460261,17512206,ENSG00000151552
4,17487380,4,17460261,17512206,ENSG00000151552
4,17477844,4,17460261,17512206,ENSG00000151552
4,17473589,4,17460261,17512206,ENSG00000151552
4,17507220,4,17460261,17512206,ENSG00000151552
4,17466917,4,17460261,17512206,ENSG00000151552
4,17466941,4,17460261,17512206,ENSG00000151552
4,17467596,4,17460261,17512206,ENSG00000151552
4,17468023,4,17460261,17512206,ENSG00000151552
4,17467363,4,17460261,17512206,ENSG00000151552
4,17468194,4,17460261,17512206,ENSG00000151552
4,17466381,4,17460261,17512206,ENSG00000151552
4,17467721,4,17460261,17512206,ENSG00000151552
4,17469408,4,17460261,17512206,ENSG00000151552
10,5003612,10,4987775,5018031,ENSG00000151632
2,190343621,2,190343570,190371665,ENSG00000151689
2,190351383,2,190343570,190371665,ENSG00000151689
2,190352531,2,190343570,190371665,ENSG00000151689
2,190354191,2,190343570,190371665,ENSG00000151689
2,190354389,2,190343570,190371665,ENSG00000151689
2,190354888,2,190343570,190371665,ENSG00000151689
2,190355612,2,190343570,190371665,ENSG00000151689
2,190357202,2,190343570,190371665,ENSG00000151689
2,190360026,2,190343570,190371665,ENSG00000151689
2,190362471,2,190343570,190371665,ENSG00000151689
2,190363008,2,190343570,190371665,ENSG00000151689
2,190366777,2,190343570,190371665,ENSG00000151689
2,190371653,2,190343570,190371665,ENSG00000151689
2,190346887,2,190343570,190371665,ENSG00000151689
2,190347505,2,190343570,190371665,ENSG00000151689
2,190348263,2,190343570,190371665,ENSG00000151689
2,190348938,2,190343570,190371665,ENSG00000151689
2,190349249,2,190343570,190371665,ENSG00000151689
2,190354338,2,190343570,190371665,ENSG00000151689
2,190354547,2,190343570,190371665,ENSG00000151689
2,190355987,2,190343570,190371665,ENSG00000151689
2,190356640,2,190343570,190371665,ENSG00000151689
2,190357387,2,190343570,190371665,ENSG00000151689
2,190357605,2,190343570,190371665,ENSG00000151689
2,190357784,2,190343570,190371665,ENSG00000151689
2,190358021,2,190343570,190371665,ENSG00000151689
2,190359324,2,190343570,190371665,ENSG00000151689
2,190359671,2,190343570,190371665,ENSG00000151689
2,190359682,2,190343570,190371665,ENSG00000151689
2,190359685,2,190343570,190371665,ENSG00000151689
2,190360255,2,190343570,190371665,ENSG00000151689
2,190360471,2,190343570,190371665,ENSG00000151689
2,190360512,2,190343570,190371665,ENSG00000151689
2,190360551,2,190343570,190371665,ENSG00000151689
2,190360580,2,190343570,190371665,ENSG00000151689
2,190360676,2,190343570,190371665,ENSG00000151689
2,190361056,2,190343570,190371665,ENSG00000151689
2,190361140,2,190343570,190371665,ENSG00000151689
2,190361214,2,190343570,190371665,ENSG00000151689
2,190361886,2,190343570,190371665,ENSG00000151689
2,190362016,2,190343570,190371665,ENSG00000151689
2,190362160,2,190343570,190371665,ENSG00000151689
2,190362509,2,190343570,190371665,ENSG00000151689
2,190362766,2,190343570,190371665,ENSG00000151689
2,190363029,2,190343570,190371665,ENSG00000151689
2,190363152,2,190343570,190371665,ENSG00000151689
2,190363154,2,190343570,190371665,ENSG00000151689
2,190363350,2,190343570,190371665,ENSG00000151689
2,190363613,2,190343570,190371665,ENSG00000151689
2,190363694,2,190343570,190371665,ENSG00000151689
2,190363701,2,190343570,190371665,ENSG00000151689
2,190363799,2,190343570,190371665,ENSG00000151689
2,190371714,2,190343570,190371665,ENSG00000151689
2,190341243,2,190343570,190371665,ENSG00000151689
2,190340251,2,190343570,190371665,ENSG00000151689
2,190370269,2,190343570,190371665,ENSG00000151689
2,190374073,2,190343570,190371665,ENSG00000151689
2,190342721,2,190343570,190371665,ENSG00000151689
2,130145991,2,130139287,130145134,ENSG00000152076
2,130141467,2,130139287,130145134,ENSG00000152076
2,130143751,2,130139287,130145134,ENSG00000152076
2,130143753,2,130139287,130145134,ENSG00000152076
2,130143757,2,130139287,130145134,ENSG00000152076
2,130144621,2,130139287,130145134,ENSG00000152076
2,130134330,2,130139287,130145134,ENSG00000152076
2,130135503,2,130139287,130145134,ENSG00000152076
2,130136103,2,130139287,130145134,ENSG00000152076
2,130136315,2,130139287,130145134,ENSG00000152076
2,130136424,2,130139287,130145134,ENSG00000152076
2,130137325,2,130139287,130145134,ENSG00000152076
2,130138964,2,130139287,130145134,ENSG00000152076
2,130139661,2,130139287,130145134,ENSG00000152076
2,130144976,2,130139287,130145134,ENSG00000152076
2,130147191,2,130139287,130145134,ENSG00000152076
2,130147617,2,130139287,130145134,ENSG00000152076
2,130148705,2,130139287,130145134,ENSG00000152076
2,130148794,2,130139287,130145134,ENSG00000152076
2,130149032,2,130139287,130145134,ENSG00000152076
2,130149819,2,130139287,130145134,ENSG00000152076
2,130145184,2,130139287,130145134,ENSG00000152076
2,130143568,2,130139287,130145134,ENSG00000152076
2,130141651,2,130139287,130145134,ENSG00000152076
2,130142615,2,130139287,130145134,ENSG00000152076
2,130134881,2,130139287,130145134,ENSG00000152076
2,130138992,2,130139287,130145134,ENSG00000152076
2,130137096,2,130139287,130145134,ENSG00000152076
2,130143900,2,130139287,130145134,ENSG00000152076
2,130139482,2,130139287,130145134,ENSG00000152076
2,130136532,2,130139287,130145134,ENSG00000152076
2,130178159,2,130181737,130190729,ENSG00000152082
2,130178592,2,130181737,130190729,ENSG00000152082
2,130178855,2,130181737,130190729,ENSG00000152082
2,130179090,2,130181737,130190729,ENSG00000152082
2,130180173,2,130181737,130190729,ENSG00000152082
2,130180231,2,130181737,130190729,ENSG00000152082
2,130180359,2,130181737,130190729,ENSG00000152082
2,130181715,2,130181737,130190729,ENSG00000152082
2,130181775,2,130181737,130190729,ENSG00000152082
2,130182517,2,130181737,130190729,ENSG00000152082
2,130194925,2,130181737,130190729,ENSG00000152082
2,130194967,2,130181737,130190729,ENSG00000152082
2,130195449,2,130181737,130190729,ENSG00000152082
2,130177361,2,130181737,130190729,ENSG00000152082
2,130187052,2,130181737,130190729,ENSG00000152082
2,130187061,2,130181737,130190729,ENSG00000152082
2,130189464,2,130181737,130190729,ENSG00000152082
2,130190730,2,130181737,130190729,ENSG00000152082
2,130190886,2,130181737,130190729,ENSG00000152082
2,130183461,2,130181737,130190729,ENSG00000152082
2,130187150,2,130181737,130190729,ENSG00000152082
2,130190275,2,130181737,130190729,ENSG00000152082
2,130191277,2,130181737,130190729,ENSG00000152082
2,130191918,2,130181737,130190729,ENSG00000152082
2,130194538,2,130181737,130190729,ENSG00000152082
2,130186401,2,130181737,130190729,ENSG00000152082
2,130190079,2,130181737,130190729,ENSG00000152082
2,130190314,2,130181737,130190729,ENSG00000152082
2,130191001,2,130181737,130190729,ENSG00000152082
2,130184247,2,130181737,130190729,ENSG00000152082
2,130189594,2,130181737,130190729,ENSG00000152082
2,130191730,2,130181737,130190729,ENSG00000152082
2,130185940,2,130181737,130190729,ENSG00000152082
2,130188337,2,130181737,130190729,ENSG00000152082
2,130194181,2,130181737,130190729,ENSG00000152082
2,130185990,2,130181737,130190729,ENSG00000152082
2,130194008,2,130181737,130190729,ENSG00000152082
2,130194011,2,130181737,130190729,ENSG00000152082
2,85166991,2,85133392,85310387,ENSG00000152284
2,85168234,2,85133392,85310387,ENSG00000152284
2,85172173,2,85133392,85310387,ENSG00000152284
2,33531453,2,33436324,33586669,ENSG00000152689
2,33526597,2,33436324,33586669,ENSG00000152689
2,33527062,2,33436324,33586669,ENSG00000152689
2,33551676,2,33436324,33586669,ENSG00000152689
2,33551697,2,33436324,33586669,ENSG00000152689
7,64967554,7,64970663,65006687,ENSG00000152926
7,64968463,7,64970663,65006687,ENSG00000152926
7,64968545,7,64970663,65006687,ENSG00000152926
7,64969445,7,64970663,65006687,ENSG00000152926
7,64972887,7,64970663,65006687,ENSG00000152926
7,64975111,7,64970663,65006687,ENSG00000152926
7,64976322,7,64970663,65006687,ENSG00000152926
7,64980184,7,64970663,65006687,ENSG00000152926
7,64986141,7,64970663,65006687,ENSG00000152926
7,64987077,7,64970663,65006687,ENSG00000152926
7,64987085,7,64970663,65006687,ENSG00000152926
7,64988703,7,64970663,65006687,ENSG00000152926
7,64990335,7,64970663,65006687,ENSG00000152926
7,64990549,7,64970663,65006687,ENSG00000152926
7,64993256,7,64970663,65006687,ENSG00000152926
7,65000179,7,64970663,65006687,ENSG00000152926
7,65001948,7,64970663,65006687,ENSG00000152926
7,65005124,7,64970663,65006687,ENSG00000152926
7,65010429,7,64970663,65006687,ENSG00000152926
7,65011503,7,64970663,65006687,ENSG00000152926
7,64968271,7,64970663,65006687,ENSG00000152926
7,64987234,7,64970663,65006687,ENSG00000152926
7,64999337,7,64970663,65006687,ENSG00000152926
7,64974999,7,64970663,65006687,ENSG00000152926
7,64997230,7,64970663,65006687,ENSG00000152926
7,65000297,7,64970663,65006687,ENSG00000152926
7,65001118,7,64970663,65006687,ENSG00000152926
7,64967432,7,64970663,65006687,ENSG00000152926
7,64970494,7,64970663,65006687,ENSG00000152926
7,64973325,7,64970663,65006687,ENSG00000152926
7,64991048,7,64970663,65006687,ENSG00000152926
7,65004620,7,64970663,65006687,ENSG00000152926
7,65010464,7,64970663,65006687,ENSG00000152926
7,64975314,7,64970663,65006687,ENSG00000152926
7,65001701,7,64970663,65006687,ENSG00000152926
7,64989251,7,64970663,65006687,ENSG00000152926
7,64974478,7,64970663,65006687,ENSG00000152926
7,64992452,7,64970663,65006687,ENSG00000152926
7,64995021,7,64970663,65006687,ENSG00000152926
7,64968280,7,64970663,65006687,ENSG00000152926
7,64967517,7,64970663,65006687,ENSG00000152926
7,64970614,7,64970663,65006687,ENSG00000152926
7,64976743,7,64970663,65006687,ENSG00000152926
7,64977270,7,64970663,65006687,ENSG00000152926
7,64979235,7,64970663,65006687,ENSG00000152926
7,64979323,7,64970663,65006687,ENSG00000152926
7,64979950,7,64970663,65006687,ENSG00000152926
7,64981173,7,64970663,65006687,ENSG00000152926
7,64983544,7,64970663,65006687,ENSG00000152926
7,64985266,7,64970663,65006687,ENSG00000152926
7,64987993,7,64970663,65006687,ENSG00000152926
7,64988735,7,64970663,65006687,ENSG00000152926
7,64989202,7,64970663,65006687,ENSG00000152926
7,64990333,7,64970663,65006687,ENSG00000152926
7,64991180,7,64970663,65006687,ENSG00000152926
7,64991278,7,64970663,65006687,ENSG00000152926
7,64993644,7,64970663,65006687,ENSG00000152926
7,64998386,7,64970663,65006687,ENSG00000152926
7,64998442,7,64970663,65006687,ENSG00000152926
7,65008526,7,64970663,65006687,ENSG00000152926
7,65009550,7,64970663,65006687,ENSG00000152926
7,65008754,7,64970663,65006687,ENSG00000152926
7,64967458,7,64970663,65006687,ENSG00000152926
7,64969039,7,64970663,65006687,ENSG00000152926
7,64985088,7,64970663,65006687,ENSG00000152926
7,64987943,7,64970663,65006687,ENSG00000152926
7,64997440,7,64970663,65006687,ENSG00000152926
7,65010410,7,64970663,65006687,ENSG00000152926
7,64996171,7,64970663,65006687,ENSG00000152926
5,96653083,5,95962001,96631085,ENSG00000153113
5,96665091,5,95962001,96631085,ENSG00000153113
5,96667575,5,95962001,96631085,ENSG00000153113
5,96671607,5,95962001,96631085,ENSG00000153113
5,96672656,5,95962001,96631085,ENSG00000153113
5,96679134,5,95962001,96631085,ENSG00000153113
5,96679926,5,95962001,96631085,ENSG00000153113
5,96695582,5,95962001,96631085,ENSG00000153113
5,96698166,5,95962001,96631085,ENSG00000153113
5,96704933,5,95962001,96631085,ENSG00000153113
5,96707136,5,95962001,96631085,ENSG00000153113
5,96714975,5,95962001,96631085,ENSG00000153113
5,96717640,5,95962001,96631085,ENSG00000153113
5,96717901,5,95962001,96631085,ENSG00000153113
5,96718691,5,95962001,96631085,ENSG00000153113
5,96719133,5,95962001,96631085,ENSG00000153113
5,96719772,5,95962001,96631085,ENSG00000153113
5,96720415,5,95962001,96631085,ENSG00000153113
5,96720655,5,95962001,96631085,ENSG00000153113
5,96722178,5,95962001,96631085,ENSG00000153113
5,96722187,5,95962001,96631085,ENSG00000153113
5,96723197,5,95962001,96631085,ENSG00000153113
5,96724558,5,95962001,96631085,ENSG00000153113
5,96724888,5,95962001,96631085,ENSG00000153113
5,96725995,5,95962001,96631085,ENSG00000153113
5,96727253,5,95962001,96631085,ENSG00000153113
5,96727798,5,95962001,96631085,ENSG00000153113
5,96728020,5,95962001,96631085,ENSG00000153113
5,96733063,5,95962001,96631085,ENSG00000153113
5,96734501,5,95962001,96631085,ENSG00000153113
5,96735490,5,95962001,96631085,ENSG00000153113
5,96736076,5,95962001,96631085,ENSG00000153113
5,96738731,5,95962001,96631085,ENSG00000153113
5,96740783,5,95962001,96631085,ENSG00000153113
5,96746729,5,95962001,96631085,ENSG00000153113
5,96749072,5,95962001,96631085,ENSG00000153113
5,96750630,5,95962001,96631085,ENSG00000153113
5,96750986,5,95962001,96631085,ENSG00000153113
5,96751311,5,95962001,96631085,ENSG00000153113
5,96753342,5,95962001,96631085,ENSG00000153113
5,96753363,5,95962001,96631085,ENSG00000153113
5,96755234,5,95962001,96631085,ENSG00000153113
5,96756222,5,95962001,96631085,ENSG00000153113
5,96760485,5,95962001,96631085,ENSG00000153113
5,96761124,5,95962001,96631085,ENSG00000153113
5,96764254,5,95962001,96631085,ENSG00000153113
5,96765060,5,95962001,96631085,ENSG00000153113
5,96765516,5,95962001,96631085,ENSG00000153113
5,96765522,5,95962001,96631085,ENSG00000153113
5,96765814,5,95962001,96631085,ENSG00000153113
5,96776379,5,95962001,96631085,ENSG00000153113
5,96656294,5,95962001,96631085,ENSG00000153113
5,96688769,5,95962001,96631085,ENSG00000153113
5,96703321,5,95962001,96631085,ENSG00000153113
5,96766255,5,95962001,96631085,ENSG00000153113
5,96769131,5,95962001,96631085,ENSG00000153113
5,96769339,5,95962001,96631085,ENSG00000153113
5,96770222,5,95962001,96631085,ENSG00000153113
5,96772070,5,95962001,96631085,ENSG00000153113
5,96773906,5,95962001,96631085,ENSG00000153113
5,96774507,5,95962001,96631085,ENSG00000153113
5,96775667,5,95962001,96631085,ENSG00000153113
5,96776223,5,95962001,96631085,ENSG00000153113
5,96773540,5,95962001,96631085,ENSG00000153113
5,96707716,5,95962001,96631085,ENSG00000153113
5,96767648,5,95962001,96631085,ENSG00000153113
5,96693156,5,95962001,96631085,ENSG00000153113
5,96746976,5,95962001,96631085,ENSG00000153113
5,96710335,5,95962001,96631085,ENSG00000153113
5,96743698,5,95962001,96631085,ENSG00000153113
5,96749719,5,95962001,96631085,ENSG00000153113
5,96634819,5,95962001,96631085,ENSG00000153113
5,96735278,5,95962001,96631085,ENSG00000153113
5,96742605,5,95962001,96631085,ENSG00000153113
5,96723402,5,95962001,96631085,ENSG00000153113
5,96667445,5,95962001,96631085,ENSG00000153113
5,96636734,5,95962001,96631085,ENSG00000153113
5,96730948,5,95962001,96631085,ENSG00000153113
5,96732531,5,95962001,96631085,ENSG00000153113
5,96733676,5,95962001,96631085,ENSG00000153113
5,96743323,5,95962001,96631085,ENSG00000153113
5,96677737,5,95962001,96631085,ENSG00000153113
5,96680773,5,95962001,96631085,ENSG00000153113
5,96689027,5,95962001,96631085,ENSG00000153113
5,96689545,5,95962001,96631085,ENSG00000153113
5,96673067,5,95962001,96631085,ENSG00000153113
5,96681962,5,95962001,96631085,ENSG00000153113
5,96631722,5,95962001,96631085,ENSG00000153113
5,96633322,5,95962001,96631085,ENSG00000153113
5,96634450,5,95962001,96631085,ENSG00000153113
5,96636084,5,95962001,96631085,ENSG00000153113
5,96661179,5,95962001,96631085,ENSG00000153113
5,96758990,5,95962001,96631085,ENSG00000153113
5,96666138,5,95962001,96631085,ENSG00000153113
5,96666316,5,95962001,96631085,ENSG00000153113
5,96712070,5,95962001,96631085,ENSG00000153113
5,96669913,5,95962001,96631085,ENSG00000153113
5,96678979,5,95962001,96631085,ENSG00000153113
5,96778789,5,95962001,96631085,ENSG00000153113
5,96661581,5,95962001,96631085,ENSG00000153113
5,96754272,5,95962001,96631085,ENSG00000153113
5,96639598,5,95962001,96631085,ENSG00000153113
5,96682252,5,95962001,96631085,ENSG00000153113
5,96682362,5,95962001,96631085,ENSG00000153113
5,96719766,5,95962001,96631085,ENSG00000153113
5,96664565,5,95962001,96631085,ENSG00000153113
5,96771195,5,95962001,96631085,ENSG00000153113
5,96762191,5,95962001,96631085,ENSG00000153113
5,96762510,5,95962001,96631085,ENSG00000153113
5,96640907,5,95962001,96631085,ENSG00000153113
6,46677138,6,46652915,46678190,ENSG00000153291
6,46680392,6,46652915,46678190,ENSG00000153291
6,46656919,6,46652915,46678190,ENSG00000153291
6,46658149,6,46652915,46678190,ENSG00000153291
6,46658616,6,46652915,46678190,ENSG00000153291
6,46664064,6,46652915,46678190,ENSG00000153291
6,46650719,6,46652915,46678190,ENSG00000153291
6,46650678,6,46652915,46678190,ENSG00000153291
6,46651739,6,46652915,46678190,ENSG00000153291
6,46656283,6,46652915,46678190,ENSG00000153291
6,46668109,6,46652915,46678190,ENSG00000153291
6,46673255,6,46652915,46678190,ENSG00000153291
6,46653360,6,46652915,46678190,ENSG00000153291
6,46657537,6,46652915,46678190,ENSG00000153291
6,46656342,6,46652915,46678190,ENSG00000153291
11,124880551,11,124865432,124881471,ENSG00000154134
9,42126413,9,41890314,42129510,ENSG00000154529
9,42098031,9,41890314,42129510,ENSG00000154529
9,42113816,9,41890314,42129510,ENSG00000154529
9,42127320,9,41890314,42129510,ENSG00000154529
9,42041784,9,41890314,42129510,ENSG00000154529
9,42001828,9,41890314,42129510,ENSG00000154529
9,42099026,9,41890314,42129510,ENSG00000154529
9,42099359,9,41890314,42129510,ENSG00000154529
9,42110910,9,41890314,42129510,ENSG00000154529
9,42111770,9,41890314,42129510,ENSG00000154529
9,42126698,9,41890314,42129510,ENSG00000154529
9,42127049,9,41890314,42129510,ENSG00000154529
9,41996034,9,41890314,42129510,ENSG00000154529
9,41968647,9,41890314,42129510,ENSG00000154529
9,42040514,9,41890314,42129510,ENSG00000154529
9,42076833,9,41890314,42129510,ENSG00000154529
9,42076844,9,41890314,42129510,ENSG00000154529
9,42003952,9,41890314,42129510,ENSG00000154529
9,42126772,9,41890314,42129510,ENSG00000154529
9,42132993,9,41890314,42129510,ENSG00000154529
9,41975088,9,41890314,42129510,ENSG00000154529
9,42082967,9,41890314,42129510,ENSG00000154529
9,42131073,9,41890314,42129510,ENSG00000154529
9,42132226,9,41890314,42129510,ENSG00000154529
9,42125602,9,41890314,42129510,ENSG00000154529
9,42128023,9,41890314,42129510,ENSG00000154529
9,42115311,9,41890314,42129510,ENSG00000154529
9,42097998,9,41890314,42129510,ENSG00000154529
9,42127185,9,41890314,42129510,ENSG00000154529
9,42116317,9,41890314,42129510,ENSG00000154529
9,41992074,9,41890314,42129510,ENSG00000154529
9,42069654,9,41890314,42129510,ENSG00000154529
9,42077184,9,41890314,42129510,ENSG00000154529
9,42068051,9,41890314,42129510,ENSG00000154529
9,42080196,9,41890314,42129510,ENSG00000154529
21,25732937,21,25716503,25735673,ENSG00000154723
21,25734345,21,25716503,25735673,ENSG00000154723
21,25714604,21,25716503,25735673,ENSG00000154723
17,17228555,17,17212212,17237188,ENSG00000154803
17,17218310,17,17212212,17237188,ENSG00000154803
17,17222281,17,17212212,17237188,ENSG00000154803
17,17223478,17,17212212,17237188,ENSG00000154803
17,17224789,17,17212212,17237188,ENSG00000154803
17,17217354,17,17212212,17237188,ENSG00000154803
17,17228888,17,17212212,17237188,ENSG00000154803
17,17229019,17,17212212,17237188,ENSG00000154803
3,16257584,3,16257061,16264969,ENSG00000154813
3,16259641,3,16257061,16264969,ENSG00000154813
3,16262140,3,16257061,16264969,ENSG00000154813
3,16262639,3,16257061,16264969,ENSG00000154813
3,16264167,3,16257061,16264969,ENSG00000154813
3,16265536,3,16257061,16264969,ENSG00000154813
3,16266428,3,16257061,16264969,ENSG00000154813
3,16269350,3,16257061,16264969,ENSG00000154813
3,16262332,3,16257061,16264969,ENSG00000154813
3,16258363,3,16257061,16264969,ENSG00000154813
3,16258828,3,16257061,16264969,ENSG00000154813
3,16253758,3,16257061,16264969,ENSG00000154813
3,16259118,3,16257061,16264969,ENSG00000154813
18,11905954,18,11882622,11908366,ENSG00000154889
18,11906578,18,11882622,11908366,ENSG00000154889
18,11906717,18,11882622,11908366,ENSG00000154889
18,11911242,18,11882622,11908366,ENSG00000154889
18,11911004,18,11882622,11908366,ENSG00000154889
18,11911273,18,11882622,11908366,ENSG00000154889
18,11911259,18,11882622,11908366,ENSG00000154889
5,126466335,5,126360132,126496494,ENSG00000155324
5,126467427,5,126360132,126496494,ENSG00000155324
5,126473868,5,126360132,126496494,ENSG00000155324
5,126472662,5,126360132,126496494,ENSG00000155324
5,126478729,5,126360132,126496494,ENSG00000155324
5,126467110,5,126360132,126496494,ENSG00000155324
5,126469119,5,126360132,126496494,ENSG00000155324
5,126473453,5,126360132,126496494,ENSG00000155324
5,126473791,5,126360132,126496494,ENSG00000155324
5,126486313,5,126360132,126496494,ENSG00000155324
5,126475085,5,126360132,126496494,ENSG00000155324
5,126476095,5,126360132,126496494,ENSG00000155324
5,126482373,5,126360132,126496494,ENSG00000155324
5,126480047,5,126360132,126496494,ENSG00000155324
14,22772111,14,22766522,22773042,ENSG00000155463
12,66138320,12,66135846,66170027,ENSG00000155957
12,66142770,12,66135846,66170027,ENSG00000155957
12,66147526,12,66135846,66170027,ENSG00000155957
12,66152320,12,66135846,66170027,ENSG00000155957
12,66154481,12,66135846,66170027,ENSG00000155957
12,66139306,12,66135846,66170027,ENSG00000155957
12,66151170,12,66135846,66170027,ENSG00000155957
12,66151819,12,66135846,66170027,ENSG00000155957
12,66153112,12,66135846,66170027,ENSG00000155957
12,66167099,12,66135846,66170027,ENSG00000155957
12,66136654,12,66135846,66170027,ENSG00000155957
12,66137823,12,66135846,66170027,ENSG00000155957
12,66137840,12,66135846,66170027,ENSG00000155957
12,66139549,12,66135846,66170027,ENSG00000155957
12,66150476,12,66135846,66170027,ENSG00000155957
12,66156711,12,66135846,66170027,ENSG00000155957
12,66163382,12,66135846,66170027,ENSG00000155957
12,66164037,12,66135846,66170027,ENSG00000155957
12,66165565,12,66135846,66170027,ENSG00000155957
12,66168008,12,66135846,66170027,ENSG00000155957
12,66136239,12,66135846,66170027,ENSG00000155957
12,66136252,12,66135846,66170027,ENSG00000155957
12,66143554,12,66135846,66170027,ENSG00000155957
12,66143764,12,66135846,66170027,ENSG00000155957
12,66145121,12,66135846,66170027,ENSG00000155957
12,66145208,12,66135846,66170027,ENSG00000155957
12,66146823,12,66135846,66170027,ENSG00000155957
12,66158118,12,66135846,66170027,ENSG00000155957
12,66137019,12,66135846,66170027,ENSG00000155957
12,66155541,12,66135846,66170027,ENSG00000155957
12,66174945,12,66135846,66170027,ENSG00000155957
12,66163180,12,66135846,66170027,ENSG00000155957
1,111139496,1,111117163,111140203,ENSG00000156171
1,111134230,1,111117163,111140203,ENSG00000156171
1,111143875,1,111117163,111140203,ENSG00000156171
1,111130734,1,111117163,111140203,ENSG00000156171
1,111122445,1,111117163,111140203,ENSG00000156171
1,111125123,1,111117163,111140203,ENSG00000156171
1,111126657,1,111117163,111140203,ENSG00000156171
1,111118791,1,111117163,111140203,ENSG00000156171
1,111130072,1,111117163,111140203,ENSG00000156171
1,111130615,1,111117163,111140203,ENSG00000156171
1,111133975,1,111117163,111140203,ENSG00000156171
1,111137593,1,111117163,111140203,ENSG00000156171
1,111144762,1,111117163,111140203,ENSG00000156171
1,111142581,1,111117163,111140203,ENSG00000156171
1,111143143,1,111117163,111140203,ENSG00000156171
9,87974101,9,87966441,87974753,ENSG00000156345
9,87974587,9,87966441,87974753,ENSG00000156345
14,102508662,14,102501767,102509799,ENSG00000156381
14,102514656,14,102501767,102509799,ENSG00000156381
14,102505833,14,102501767,102509799,ENSG00000156381
14,102498317,14,102501767,102509799,ENSG00000156381
14,102504679,14,102501767,102509799,ENSG00000156381
14,102504713,14,102501767,102509799,ENSG00000156381
14,102513287,14,102501767,102509799,ENSG00000156381
14,103926863,14,103912288,103928269,ENSG00000156411
8,123119700,8,123041968,123152153,ENSG00000156787
8,123120949,8,123041968,123152153,ENSG00000156787
8,123130249,8,123041968,123152153,ENSG00000156787
8,123133016,8,123041968,123152153,ENSG00000156787
8,123137266,8,123041968,123152153,ENSG00000156787
8,123137682,8,123041968,123152153,ENSG00000156787
8,123137704,8,123041968,123152153,ENSG00000156787
8,123138173,8,123041968,123152153,ENSG00000156787
8,123138391,8,123041968,123152153,ENSG00000156787
8,123138750,8,123041968,123152153,ENSG00000156787
8,123140005,8,123041968,123152153,ENSG00000156787
8,123142516,8,123041968,123152153,ENSG00000156787
8,123153610,8,123041968,123152153,ENSG00000156787
8,123156372,8,123041968,123152153,ENSG00000156787
8,123102093,8,123041968,123152153,ENSG00000156787
8,123152743,8,123041968,123152153,ENSG00000156787
14,23962586,14,23953734,23969279,ENSG00000157326
14,23962558,14,23953734,23969279,ENSG00000157326
14,23963726,14,23953734,23969279,ENSG00000157326
14,23960089,14,23953734,23969279,ENSG00000157326
14,23960203,14,23953734,23969279,ENSG00000157326
14,23974165,14,23953734,23969279,ENSG00000157326
14,23960125,14,23953734,23969279,ENSG00000157326
14,24289435,14,24290598,24299780,ENSG00000157379
14,24291558,14,24290598,24299780,ENSG00000157379
3,138628322,3,138608606,138633376,ENSG00000158234
3,138627987,3,138608606,138633376,ENSG00000158234
3,138607557,3,138608606,138633376,ENSG00000158234
3,138609109,3,138608606,138633376,ENSG00000158234
3,138623320,3,138608606,138633376,ENSG00000158234
3,138606653,3,138608606,138633376,ENSG00000158234
3,138614205,3,138608606,138633376,ENSG00000158234
3,138614540,3,138608606,138633376,ENSG00000158234
3,138621886,3,138608606,138633376,ENSG00000158234
3,138625686,3,138608606,138633376,ENSG00000158234
3,138625857,3,138608606,138633376,ENSG00000158234
3,138626276,3,138608606,138633376,ENSG00000158234
3,138611020,3,138608606,138633376,ENSG00000158234
3,138604740,3,138608606,138633376,ENSG00000158234
3,138606378,3,138608606,138633376,ENSG00000158234
3,138609174,3,138608606,138633376,ENSG00000158234
3,138609220,3,138608606,138633376,ENSG00000158234
3,138613771,3,138608606,138633376,ENSG00000158234
3,138613921,3,138608606,138633376,ENSG00000158234
3,138616085,3,138608606,138633376,ENSG00000158234
3,138618146,3,138608606,138633376,ENSG00000158234
3,138621748,3,138608606,138633376,ENSG00000158234
3,138623031,3,138608606,138633376,ENSG00000158234
3,138603719,3,138608606,138633376,ENSG00000158234
3,138603924,3,138608606,138633376,ENSG00000158234
3,138604994,3,138608606,138633376,ENSG00000158234
18,334742,18,316737,500722,ENSG00000158270
18,335675,18,316737,500722,ENSG00000158270
18,343344,18,316737,500722,ENSG00000158270
16,89731538,16,89720400,89740925,ENSG00000158805
16,89731546,16,89720400,89740925,ENSG00000158805
16,89732164,16,89720400,89740925,ENSG00000158805
16,89731105,16,89720400,89740925,ENSG00000158805
16,89731107,16,89720400,89740925,ENSG00000158805
1,161310092,1,161304735,161309968,ENSG00000158887
1,161308772,1,161304735,161309968,ENSG00000158887
17,47824882,17,47823272,47831541,ENSG00000159111
17,47819441,17,47823272,47831541,ENSG00000159111
17,47821226,17,47823272,47831541,ENSG00000159111
17,47821691,17,47823272,47831541,ENSG00000159111
17,47823462,17,47823272,47831541,ENSG00000159111
17,47823529,17,47823272,47831541,ENSG00000159111
17,47823602,17,47823272,47831541,ENSG00000159111
17,47823757,17,47823272,47831541,ENSG00000159111
17,47824012,17,47823272,47831541,ENSG00000159111
17,47824929,17,47823272,47831541,ENSG00000159111
17,47827054,17,47823272,47831541,ENSG00000159111
17,47827520,17,47823272,47831541,ENSG00000159111
17,47828413,17,47823272,47831541,ENSG00000159111
17,47829391,17,47823272,47831541,ENSG00000159111
17,47829503,17,47823272,47831541,ENSG00000159111
17,47829673,17,47823272,47831541,ENSG00000159111
17,47831236,17,47823272,47831541,ENSG00000159111
17,47831817,17,47823272,47831541,ENSG00000159111
17,47833135,17,47823272,47831541,ENSG00000159111
17,47833574,17,47823272,47831541,ENSG00000159111
17,47835330,17,47823272,47831541,ENSG00000159111
17,47818687,17,47823272,47831541,ENSG00000159111
17,47819271,17,47823272,47831541,ENSG00000159111
17,47825415,17,47823272,47831541,ENSG00000159111
17,47825416,17,47823272,47831541,ENSG00000159111
17,47825432,17,47823272,47831541,ENSG00000159111
17,47830233,17,47823272,47831541,ENSG00000159111
17,47833250,17,47823272,47831541,ENSG00000159111
17,47833081,17,47823272,47831541,ENSG00000159111
17,47833131,17,47823272,47831541,ENSG00000159111
17,47824114,17,47823272,47831541,ENSG00000159111
17,47826188,17,47823272,47831541,ENSG00000159111
17,47826797,17,47823272,47831541,ENSG00000159111
17,47831185,17,47823272,47831541,ENSG00000159111
17,48892897,17,48892765,48895871,ENSG00000159199
17,48928226,17,48929316,48944842,ENSG00000159210
17,48928147,17,48929316,48944842,ENSG00000159210
17,48925027,17,48929316,48944842,ENSG00000159210
17,48925077,17,48929316,48944842,ENSG00000159210
17,48925162,17,48929316,48944842,ENSG00000159210
17,48925859,17,48929316,48944842,ENSG00000159210
17,48927831,17,48929316,48944842,ENSG00000159210
17,48929131,17,48929316,48944842,ENSG00000159210
17,48929588,17,48929316,48944842,ENSG00000159210
17,48930845,17,48929316,48944842,ENSG00000159210
17,48931395,17,48929316,48944842,ENSG00000159210
17,48932473,17,48929316,48944842,ENSG00000159210
17,48932672,17,48929316,48944842,ENSG00000159210
17,48933433,17,48929316,48944842,ENSG00000159210
17,48934258,17,48929316,48944842,ENSG00000159210
17,48934535,17,48929316,48944842,ENSG00000159210
17,48935142,17,48929316,48944842,ENSG00000159210
17,48936765,17,48929316,48944842,ENSG00000159210
17,48937467,17,48929316,48944842,ENSG00000159210
17,48939520,17,48929316,48944842,ENSG00000159210
17,48939814,17,48929316,48944842,ENSG00000159210
17,48940115,17,48929316,48944842,ENSG00000159210
17,48940517,17,48929316,48944842,ENSG00000159210
17,48940663,17,48929316,48944842,ENSG00000159210
17,48941685,17,48929316,48944842,ENSG00000159210
17,48942037,17,48929316,48944842,ENSG00000159210
17,48942235,17,48929316,48944842,ENSG00000159210
17,48942310,17,48929316,48944842,ENSG00000159210
17,48942537,17,48929316,48944842,ENSG00000159210
17,48944056,17,48929316,48944842,ENSG00000159210
17,48944066,17,48929316,48944842,ENSG00000159210
17,48944908,17,48929316,48944842,ENSG00000159210
17,48945393,17,48929316,48944842,ENSG00000159210
17,48945499,17,48929316,48944842,ENSG00000159210
17,48945636,17,48929316,48944842,ENSG00000159210
17,48924439,17,48929316,48944842,ENSG00000159210
17,48948714,17,48929316,48944842,ENSG00000159210
17,48948823,17,48929316,48944842,ENSG00000159210
17,48949069,17,48929316,48944842,ENSG00000159210
17,48949474,17,48929316,48944842,ENSG00000159210
1,202958379,1,202961873,202967275,ENSG00000159348
1,202962870,1,202961873,202967275,ENSG00000159348
1,202964864,1,202961873,202967275,ENSG00000159348
1,202967673,1,202961873,202967275,ENSG00000159348
1,202957385,1,202961873,202967275,ENSG00000159348
1,202960458,1,202961873,202967275,ENSG00000159348
1,202962711,1,202961873,202967275,ENSG00000159348
1,151398465,1,151399560,151401937,ENSG00000159377
1,151397783,1,151399560,151401937,ENSG00000159377
1,151398671,1,151399560,151401937,ENSG00000159377
1,151399214,1,151399560,151401937,ENSG00000159377
1,151399662,1,151399560,151401937,ENSG00000159377
1,151406774,1,151399560,151401937,ENSG00000159377
1,151869294,1,151870866,151909637,ENSG00000159445
1,151873174,1,151870866,151909637,ENSG00000159445
1,151874041,1,151870866,151909637,ENSG00000159445
1,151875650,1,151870866,151909637,ENSG00000159445
1,151886412,1,151870866,151909637,ENSG00000159445
1,151886574,1,151870866,151909637,ENSG00000159445
1,151890185,1,151870866,151909637,ENSG00000159445
1,151893304,1,151870866,151909637,ENSG00000159445
1,151896416,1,151870866,151909637,ENSG00000159445
1,151905747,1,151870866,151909637,ENSG00000159445
1,151908617,1,151870866,151909637,ENSG00000159445
1,151910350,1,151870866,151909637,ENSG00000159445
1,151910380,1,151870866,151909637,ENSG00000159445
1,151907285,1,151870866,151909637,ENSG00000159445
1,151874650,1,151870866,151909637,ENSG00000159445
1,151907463,1,151870866,151909637,ENSG00000159445
1,151886690,1,151870866,151909637,ENSG00000159445
1,151900278,1,151870866,151909637,ENSG00000159445
1,151903597,1,151870866,151909637,ENSG00000159445
1,151907200,1,151870866,151909637,ENSG00000159445
1,151912023,1,151870866,151909637,ENSG00000159445
1,151912097,1,151870866,151909637,ENSG00000159445
1,151899000,1,151870866,151909637,ENSG00000159445
1,151868689,1,151870866,151909637,ENSG00000159445
1,151872174,1,151870866,151909637,ENSG00000159445
1,151874717,1,151870866,151909637,ENSG00000159445
16,56387515,16,56361452,56425545,ENSG00000159461
16,56373111,16,56361452,56425545,ENSG00000159461
16,56362574,16,56361452,56425545,ENSG00000159461
16,56370099,16,56361452,56425545,ENSG00000159461
16,56379852,16,56361452,56425545,ENSG00000159461
16,56386682,16,56361452,56425545,ENSG00000159461
16,56413374,16,56361452,56425545,ENSG00000159461
16,56413452,16,56361452,56425545,ENSG00000159461
16,56361698,16,56361452,56425545,ENSG00000159461
16,56365377,16,56361452,56425545,ENSG00000159461
16,56365923,16,56361452,56425545,ENSG00000159461
16,56366935,16,56361452,56425545,ENSG00000159461
16,56368619,16,56361452,56425545,ENSG00000159461
16,56376919,16,56361452,56425545,ENSG00000159461
16,56377253,16,56361452,56425545,ENSG00000159461
16,56378614,16,56361452,56425545,ENSG00000159461
16,56378784,16,56361452,56425545,ENSG00000159461
16,56385391,16,56361452,56425545,ENSG00000159461
16,56391419,16,56361452,56425545,ENSG00000159461
16,56391507,16,56361452,56425545,ENSG00000159461
16,56395309,16,56361452,56425545,ENSG00000159461
16,56396021,16,56361452,56425545,ENSG00000159461
16,56396022,16,56361452,56425545,ENSG00000159461
16,56396207,16,56361452,56425545,ENSG00000159461
16,56398523,16,56361452,56425545,ENSG00000159461
16,56399622,16,56361452,56425545,ENSG00000159461
16,56400830,16,56361452,56425545,ENSG00000159461
16,56407950,16,56361452,56425545,ENSG00000159461
16,56410527,16,56361452,56425545,ENSG00000159461
16,56412700,16,56361452,56425545,ENSG00000159461
16,56417570,16,56361452,56425545,ENSG00000159461
16,56417988,16,56361452,56425545,ENSG00000159461
16,56419624,16,56361452,56425545,ENSG00000159461
16,56363241,16,56361452,56425545,ENSG00000159461
16,56364673,16,56361452,56425545,ENSG00000159461
16,56370015,16,56361452,56425545,ENSG00000159461
16,56385716,16,56361452,56425545,ENSG00000159461
16,56391901,16,56361452,56425545,ENSG00000159461
16,56394096,16,56361452,56425545,ENSG00000159461
16,56395562,16,56361452,56425545,ENSG00000159461
16,56396659,16,56361452,56425545,ENSG00000159461
16,56402912,16,56361452,56425545,ENSG00000159461
16,56404198,16,56361452,56425545,ENSG00000159461
16,56408154,16,56361452,56425545,ENSG00000159461
16,56410656,16,56361452,56425545,ENSG00000159461
16,56411340,16,56361452,56425545,ENSG00000159461
16,56413440,16,56361452,56425545,ENSG00000159461
16,56372344,16,56361452,56425545,ENSG00000159461
16,56409938,16,56361452,56425545,ENSG00000159461
16,56412087,16,56361452,56425545,ENSG00000159461
16,56363262,16,56361452,56425545,ENSG00000159461
16,56366235,16,56361452,56425545,ENSG00000159461
16,56367382,16,56361452,56425545,ENSG00000159461
16,56369987,16,56361452,56425545,ENSG00000159461
16,56370791,16,56361452,56425545,ENSG00000159461
16,56375887,16,56361452,56425545,ENSG00000159461
16,56378822,16,56361452,56425545,ENSG00000159461
16,56380219,16,56361452,56425545,ENSG00000159461
16,56382316,16,56361452,56425545,ENSG00000159461
16,56383135,16,56361452,56425545,ENSG00000159461
16,56385507,16,56361452,56425545,ENSG00000159461
16,56394515,16,56361452,56425545,ENSG00000159461
16,56405864,16,56361452,56425545,ENSG00000159461
16,56408822,16,56361452,56425545,ENSG00000159461
16,56418672,16,56361452,56425545,ENSG00000159461
16,56407341,16,56361452,56425545,ENSG00000159461
16,56420069,16,56361452,56425545,ENSG00000159461
16,56427599,16,56361452,56425545,ENSG00000159461
16,56428088,16,56361452,56425545,ENSG00000159461
16,56387075,16,56361452,56425545,ENSG00000159461
16,56424575,16,56361452,56425545,ENSG00000159461
16,56387039,16,56361452,56425545,ENSG00000159461
3,122354814,3,122359591,122383231,ENSG00000160124
3,122371255,3,122359591,122383231,ENSG00000160124
3,122376111,3,122359591,122383231,ENSG00000160124
3,122376727,3,122359591,122383231,ENSG00000160124
3,122382091,3,122359591,122383231,ENSG00000160124
3,122382092,3,122359591,122383231,ENSG00000160124
3,122363428,3,122359591,122383231,ENSG00000160124
3,122359089,3,122359591,122383231,ENSG00000160124
3,122359476,3,122359591,122383231,ENSG00000160124
3,122363991,3,122359591,122383231,ENSG00000160124
3,122368113,3,122359591,122383231,ENSG00000160124
3,122370250,3,122359591,122383231,ENSG00000160124
3,122374030,3,122359591,122383231,ENSG00000160124
3,122376862,3,122359591,122383231,ENSG00000160124
3,122385275,3,122359591,122383231,ENSG00000160124
3,122387538,3,122359591,122383231,ENSG00000160124
3,122376923,3,122359591,122383231,ENSG00000160124
3,122381494,3,122359591,122383231,ENSG00000160124
21,44008397,21,44012309,44106552,ENSG00000160218
21,44013150,21,44012309,44106552,ENSG00000160218
21,44013388,21,44012309,44106552,ENSG00000160218
21,44013587,21,44012309,44106552,ENSG00000160218
21,44015306,21,44012309,44106552,ENSG00000160218
21,44016474,21,44012309,44106552,ENSG00000160218
21,44017193,21,44012309,44106552,ENSG00000160218
21,44018551,21,44012309,44106552,ENSG00000160218
21,44019009,21,44012309,44106552,ENSG00000160218
21,44019172,21,44012309,44106552,ENSG00000160218
21,44019931,21,44012309,44106552,ENSG00000160218
21,44020503,21,44012309,44106552,ENSG00000160218
21,44021661,21,44012309,44106552,ENSG00000160218
21,44022218,21,44012309,44106552,ENSG00000160218
21,44023409,21,44012309,44106552,ENSG00000160218
21,44024948,21,44012309,44106552,ENSG00000160218
21,44026623,21,44012309,44106552,ENSG00000160218
21,44026708,21,44012309,44106552,ENSG00000160218
21,44028257,21,44012309,44106552,ENSG00000160218
21,44028322,21,44012309,44106552,ENSG00000160218
21,44028714,21,44012309,44106552,ENSG00000160218
21,44028912,21,44012309,44106552,ENSG00000160218
21,44028947,21,44012309,44106552,ENSG00000160218
21,44029337,21,44012309,44106552,ENSG00000160218
21,44029964,21,44012309,44106552,ENSG00000160218
21,44030836,21,44012309,44106552,ENSG00000160218
21,44030988,21,44012309,44106552,ENSG00000160218
21,44031072,21,44012309,44106552,ENSG00000160218
21,44032368,21,44012309,44106552,ENSG00000160218
21,44033735,21,44012309,44106552,ENSG00000160218
21,44034075,21,44012309,44106552,ENSG00000160218
21,44034897,21,44012309,44106552,ENSG00000160218
21,44036577,21,44012309,44106552,ENSG00000160218
21,44037419,21,44012309,44106552,ENSG00000160218
21,44038897,21,44012309,44106552,ENSG00000160218
21,44045017,21,44012309,44106552,ENSG00000160218
21,44045979,21,44012309,44106552,ENSG00000160218
21,44049768,21,44012309,44106552,ENSG00000160218
21,44050890,21,44012309,44106552,ENSG00000160218
21,44051114,21,44012309,44106552,ENSG00000160218
21,44053922,21,44012309,44106552,ENSG00000160218
21,44055608,21,44012309,44106552,ENSG00000160218
21,44056380,21,44012309,44106552,ENSG00000160218
21,44056665,21,44012309,44106552,ENSG00000160218
21,44057985,21,44012309,44106552,ENSG00000160218
21,44058792,21,44012309,44106552,ENSG00000160218
21,44059023,21,44012309,44106552,ENSG00000160218
21,44060980,21,44012309,44106552,ENSG00000160218
21,44061456,21,44012309,44106552,ENSG00000160218
21,44062075,21,44012309,44106552,ENSG00000160218
21,44063352,21,44012309,44106552,ENSG00000160218
21,44066608,21,44012309,44106552,ENSG00000160218
21,44067021,21,44012309,44106552,ENSG00000160218
21,44067300,21,44012309,44106552,ENSG00000160218
21,44067413,21,44012309,44106552,ENSG00000160218
21,44068309,21,44012309,44106552,ENSG00000160218
21,44068398,21,44012309,44106552,ENSG00000160218
21,44069441,21,44012309,44106552,ENSG00000160218
21,44069997,21,44012309,44106552,ENSG00000160218
21,44070301,21,44012309,44106552,ENSG00000160218
21,44071484,21,44012309,44106552,ENSG00000160218
21,44072034,21,44012309,44106552,ENSG00000160218
21,44072497,21,44012309,44106552,ENSG00000160218
21,44072914,21,44012309,44106552,ENSG00000160218
21,44077175,21,44012309,44106552,ENSG00000160218
21,44078255,21,44012309,44106552,ENSG00000160218
21,44078370,21,44012309,44106552,ENSG00000160218
21,44078690,21,44012309,44106552,ENSG00000160218
21,44079219,21,44012309,44106552,ENSG00000160218
21,44079290,21,44012309,44106552,ENSG00000160218
21,44080563,21,44012309,44106552,ENSG00000160218
21,44083240,21,44012309,44106552,ENSG00000160218
21,44085401,21,44012309,44106552,ENSG00000160218
21,44089769,21,44012309,44106552,ENSG00000160218
21,44092368,21,44012309,44106552,ENSG00000160218
21,44092475,21,44012309,44106552,ENSG00000160218
21,44093664,21,44012309,44106552,ENSG00000160218
21,44093927,21,44012309,44106552,ENSG00000160218
21,44095088,21,44012309,44106552,ENSG00000160218
21,44095485,21,44012309,44106552,ENSG00000160218
21,44095942,21,44012309,44106552,ENSG00000160218
21,44059831,21,44012309,44106552,ENSG00000160218
21,44062919,21,44012309,44106552,ENSG00000160218
21,44064533,21,44012309,44106552,ENSG00000160218
21,44068044,21,44012309,44106552,ENSG00000160218
21,44082039,21,44012309,44106552,ENSG00000160218
21,44083913,21,44012309,44106552,ENSG00000160218
21,44086564,21,44012309,44106552,ENSG00000160218
21,44086938,21,44012309,44106552,ENSG00000160218
21,44013483,21,44012309,44106552,ENSG00000160218
21,44057219,21,44012309,44106552,ENSG00000160218
21,44025493,21,44012309,44106552,ENSG00000160218
21,44088680,21,44012309,44106552,ENSG00000160218
21,44032647,21,44012309,44106552,ENSG00000160218
21,44065707,21,44012309,44106552,ENSG00000160218
21,44092395,21,44012309,44106552,ENSG00000160218
21,44064070,21,44012309,44106552,ENSG00000160218
21,44082963,21,44012309,44106552,ENSG00000160218
21,44007969,21,44012309,44106552,ENSG00000160218
21,44076728,21,44012309,44106552,ENSG00000160218
21,44056906,21,44012309,44106552,ENSG00000160218
21,44026633,21,44012309,44106552,ENSG00000160218
21,44026447,21,44012309,44106552,ENSG00000160218
21,44909397,21,44885953,44931989,ENSG00000160255
21,44909500,21,44885953,44931989,ENSG00000160255
21,44902572,21,44885953,44931989,ENSG00000160255
21,44907372,21,44885953,44931989,ENSG00000160255
21,44901257,21,44885953,44931989,ENSG00000160255
19,53445841,19,53431984,53461862,ENSG00000160336
19,53445569,19,53431984,53461862,ENSG00000160336
19,53445571,19,53431984,53461862,ENSG00000160336
19,40352758,19,40319536,40348527,ENSG00000160392
19,40345164,19,40319536,40348527,ENSG00000160392
19,40336622,19,40319536,40348527,ENSG00000160392
19,40335601,19,40319536,40348527,ENSG00000160392
19,40353178,19,40319536,40348527,ENSG00000160392
19,40340851,19,40319536,40348527,ENSG00000160392
19,40341204,19,40319536,40348527,ENSG00000160392
19,40333338,19,40319536,40348527,ENSG00000160392
19,40331617,19,40319536,40348527,ENSG00000160392
19,40334832,19,40319536,40348527,ENSG00000160392
19,40315671,19,40319536,40348527,ENSG00000160392
19,40317573,19,40319536,40348527,ENSG00000160392
19,40318381,19,40319536,40348527,ENSG00000160392
19,40319670,19,40319536,40348527,ENSG00000160392
19,40320217,19,40319536,40348527,ENSG00000160392
19,40322593,19,40319536,40348527,ENSG00000160392
19,40322823,19,40319536,40348527,ENSG00000160392
19,40318816,19,40319536,40348527,ENSG00000160392
19,40317680,19,40319536,40348527,ENSG00000160392
9,127897953,9,127885321,127905408,ENSG00000160408
1,155305169,1,155308748,155320666,ENSG00000160752
1,155305762,1,155308748,155320666,ENSG00000160752
1,155305936,1,155308748,155320666,ENSG00000160752
1,155309691,1,155308748,155320666,ENSG00000160752
1,155310373,1,155308748,155320666,ENSG00000160752
1,155314470,1,155308748,155320666,ENSG00000160752
1,155316380,1,155308748,155320666,ENSG00000160752
1,155316467,1,155308748,155320666,ENSG00000160752
1,155319754,1,155308748,155320666,ENSG00000160752
1,155308172,1,155308748,155320666,ENSG00000160752
1,155316063,1,155308748,155320666,ENSG00000160752
1,155304078,1,155308748,155320666,ENSG00000160752
1,155313038,1,155308748,155320666,ENSG00000160752
1,156211824,1,156212993,156240042,ENSG00000160783
1,156220489,1,156212993,156240042,ENSG00000160783
1,156225891,1,156212993,156240042,ENSG00000160783
1,156226616,1,156212993,156240042,ENSG00000160783
1,156227823,1,156212993,156240042,ENSG00000160783
1,156229203,1,156212993,156240042,ENSG00000160783
1,156230563,1,156212993,156240042,ENSG00000160783
1,156230654,1,156212993,156240042,ENSG00000160783
1,156230880,1,156212993,156240042,ENSG00000160783
1,156232382,1,156212993,156240042,ENSG00000160783
1,156232849,1,156212993,156240042,ENSG00000160783
1,156232968,1,156212993,156240042,ENSG00000160783
1,156234256,1,156212993,156240042,ENSG00000160783
1,156234862,1,156212993,156240042,ENSG00000160783
1,156235510,1,156212993,156240042,ENSG00000160783
1,156233069,1,156212993,156240042,ENSG00000160783
1,156233077,1,156212993,156240042,ENSG00000160783
1,156227589,1,156212993,156240042,ENSG00000160783
1,156233018,1,156212993,156240042,ENSG00000160783
1,156235592,1,156212993,156240042,ENSG00000160783
1,156222237,1,156212993,156240042,ENSG00000160783
1,156222560,1,156212993,156240042,ENSG00000160783
1,156220292,1,156212993,156240042,ENSG00000160783
1,156226225,1,156212993,156240042,ENSG00000160783
1,156219835,1,156212993,156240042,ENSG00000160783
1,156224572,1,156212993,156240042,ENSG00000160783
1,156216843,1,156212993,156240042,ENSG00000160783
1,156217188,1,156212993,156240042,ENSG00000160783
1,156226097,1,156212993,156240042,ENSG00000160783
1,156214477,1,156212993,156240042,ENSG00000160783
1,156214807,1,156212993,156240042,ENSG00000160783
1,156215040,1,156212993,156240042,ENSG00000160783
1,156224548,1,156212993,156240042,ENSG00000160783
1,156211216,1,156212993,156240042,ENSG00000160783
1,156211979,1,156212993,156240042,ENSG00000160783
1,156212919,1,156212993,156240042,ENSG00000160783
1,156214667,1,156212993,156240042,ENSG00000160783
1,156214956,1,156212993,156240042,ENSG00000160783
1,156215101,1,156212993,156240042,ENSG00000160783
1,156216813,1,156212993,156240042,ENSG00000160783
1,156216824,1,156212993,156240042,ENSG00000160783
1,156217089,1,156212993,156240042,ENSG00000160783
1,156218423,1,156212993,156240042,ENSG00000160783
1,156220002,1,156212993,156240042,ENSG00000160783
1,156221358,1,156212993,156240042,ENSG00000160783
1,156225414,1,156212993,156240042,ENSG00000160783
1,156228575,1,156212993,156240042,ENSG00000160783
1,156236904,1,156212993,156240042,ENSG00000160783
3,46948338,3,46916634,46982010,ENSG00000160799
3,46949751,3,46916634,46982010,ENSG00000160799
3,46958217,3,46916634,46982010,ENSG00000160799
3,46959055,3,46916634,46982010,ENSG00000160799
3,46959116,3,46916634,46982010,ENSG00000160799
3,46959553,3,46916634,46982010,ENSG00000160799
3,46960500,3,46916634,46982010,ENSG00000160799
3,46969001,3,46916634,46982010,ENSG00000160799
3,46969630,3,46916634,46982010,ENSG00000160799
3,46970822,3,46916634,46982010,ENSG00000160799
3,46971962,3,46916634,46982010,ENSG00000160799
3,46972052,3,46916634,46982010,ENSG00000160799
3,46972062,3,46916634,46982010,ENSG00000160799
3,46979634,3,46916634,46982010,ENSG00000160799
3,46986343,3,46916634,46982010,ENSG00000160799
3,46954952,3,46916634,46982010,ENSG00000160799
3,46983837,3,46916634,46982010,ENSG00000160799
3,46985395,3,46916634,46982010,ENSG00000160799
3,46985648,3,46916634,46982010,ENSG00000160799
3,46985702,3,46916634,46982010,ENSG00000160799
8,144522213,8,144517992,144525172,ENSG00000160959
7,102435529,7,102433106,102456825,ENSG00000160991
7,102436115,7,102433106,102456825,ENSG00000160991
7,102436230,7,102433106,102456825,ENSG00000160991
7,102432242,7,102433106,102456825,ENSG00000160991
7,102435185,7,102433106,102456825,ENSG00000160991
7,102437791,7,102433106,102456825,ENSG00000160991
7,102442785,7,102433106,102456825,ENSG00000160991
3,184173080,3,184174689,184184214,ENSG00000161203
3,184175790,3,184174689,184184214,ENSG00000161203
3,184175079,3,184174689,184184214,ENSG00000161203
3,184171549,3,184174689,184184214,ENSG00000161203
3,184179837,3,184174689,184184214,ENSG00000161203
3,184183048,3,184174689,184184214,ENSG00000161203
3,184185013,3,184174689,184184214,ENSG00000161203
3,184187080,3,184174689,184184214,ENSG00000161203
3,184187189,3,184174689,184184214,ENSG00000161203
3,184182941,3,184174689,184184214,ENSG00000161203
3,184182550,3,184174689,184184214,ENSG00000161203
3,184188727,3,184174689,184184214,ENSG00000161203
3,184175483,3,184174689,184184214,ENSG00000161203
3,184187315,3,184174689,184184214,ENSG00000161203
19,35738742,19,35742464,35745445,ENSG00000161265
19,35743751,19,35742464,35745445,ENSG00000161265
19,35746344,19,35742464,35745445,ENSG00000161265
19,36042293,19,36034984,36054739,ENSG00000161277
19,36042294,19,36034984,36054739,ENSG00000161277
19,36042544,19,36034984,36054739,ENSG00000161277
19,36045178,19,36034984,36054739,ENSG00000161277
19,36049455,19,36034984,36054739,ENSG00000161277
19,36036667,19,36034984,36054739,ENSG00000161277
19,36036812,19,36034984,36054739,ENSG00000161277
19,36052511,19,36034984,36054739,ENSG00000161277
19,36052800,19,36034984,36054739,ENSG00000161277
19,36053863,19,36034984,36054739,ENSG00000161277
17,76307289,17,76309478,76384521,ENSG00000161542
19,51848740,19,51804816,51890950,ENSG00000161551
19,51848753,19,51804816,51890950,ENSG00000161551
19,51848762,19,51804816,51890950,ENSG00000161551
19,51850184,19,51804816,51890950,ENSG00000161551
19,51850508,19,51804816,51890950,ENSG00000161551
19,51850552,19,51804816,51890950,ENSG00000161551
19,51851719,19,51804816,51890950,ENSG00000161551
19,51852080,19,51804816,51890950,ENSG00000161551
19,51852603,19,51804816,51890950,ENSG00000161551
19,51852882,19,51804816,51890950,ENSG00000161551
19,51853925,19,51804816,51890950,ENSG00000161551
19,51853950,19,51804816,51890950,ENSG00000161551
19,51854219,19,51804816,51890950,ENSG00000161551
19,51854524,19,51804816,51890950,ENSG00000161551
19,51854552,19,51804816,51890950,ENSG00000161551
19,51854770,19,51804816,51890950,ENSG00000161551
19,51854866,19,51804816,51890950,ENSG00000161551
19,51855016,19,51804816,51890950,ENSG00000161551
19,51855340,19,51804816,51890950,ENSG00000161551
19,51855916,19,51804816,51890950,ENSG00000161551
19,51856352,19,51804816,51890950,ENSG00000161551
19,51856615,19,51804816,51890950,ENSG00000161551
19,51856621,19,51804816,51890950,ENSG00000161551
19,51856844,19,51804816,51890950,ENSG00000161551
19,51857025,19,51804816,51890950,ENSG00000161551
19,51857188,19,51804816,51890950,ENSG00000161551
19,51857265,19,51804816,51890950,ENSG00000161551
19,51857560,19,51804816,51890950,ENSG00000161551
19,51857589,19,51804816,51890950,ENSG00000161551
19,51858105,19,51804816,51890950,ENSG00000161551
19,51858581,19,51804816,51890950,ENSG00000161551
19,51858728,19,51804816,51890950,ENSG00000161551
19,51856940,19,51804816,51890950,ENSG00000161551
19,51851128,19,51804816,51890950,ENSG00000161551
19,51853370,19,51804816,51890950,ENSG00000161551
19,51856249,19,51804816,51890950,ENSG00000161551
19,51856730,19,51804816,51890950,ENSG00000161551
19,51856859,19,51804816,51890950,ENSG00000161551
19,51848712,19,51804816,51890950,ENSG00000161551
19,51849187,19,51804816,51890950,ENSG00000161551
19,51849856,19,51804816,51890950,ENSG00000161551
19,51853538,19,51804816,51890950,ENSG00000161551
19,51863438,19,51804816,51890950,ENSG00000161551
19,51867592,19,51804816,51890950,ENSG00000161551
19,51868544,19,51804816,51890950,ENSG00000161551
19,51871986,19,51804816,51890950,ENSG00000161551
19,51873254,19,51804816,51890950,ENSG00000161551
19,51873699,19,51804816,51890950,ENSG00000161551
19,51849996,19,51804816,51890950,ENSG00000161551
19,51870865,19,51804816,51890950,ENSG00000161551
19,51872171,19,51804816,51890950,ENSG00000161551
19,51867259,19,51804816,51890950,ENSG00000161551
19,51822956,19,51804816,51890950,ENSG00000161551
19,51821437,19,51804816,51890950,ENSG00000161551
19,51831530,19,51804816,51890950,ENSG00000161551
19,51811143,19,51804816,51890950,ENSG00000161551
19,51842216,19,51804816,51890950,ENSG00000161551
19,51821490,19,51804816,51890950,ENSG00000161551
19,51840169,19,51804816,51890950,ENSG00000161551
19,51845704,19,51804816,51890950,ENSG00000161551
19,51842833,19,51804816,51890950,ENSG00000161551
19,51824960,19,51804816,51890950,ENSG00000161551
19,51806198,19,51804816,51890950,ENSG00000161551
17,7014479,17,7012417,7014532,ENSG00000161939
16,682287,16,681670,684528,ENSG00000161999
16,3305565,16,3305406,3318852,ENSG00000162086
16,3309124,16,3305406,3318852,ENSG00000162086
16,3314997,16,3305406,3318852,ENSG00000162086
16,3314867,16,3305406,3318852,ENSG00000162086
16,3307015,16,3305406,3318852,ENSG00000162086
16,3310140,16,3305406,3318852,ENSG00000162086
16,3303205,16,3305406,3318852,ENSG00000162086
16,3323351,16,3305406,3318852,ENSG00000162086
16,3306834,16,3305406,3318852,ENSG00000162086
16,3305264,16,3305406,3318852,ENSG00000162086
11,69066905,11,69048932,69136316,ENSG00000162341
11,69070560,11,69048932,69136316,ENSG00000162341
11,69070826,11,69048932,69136316,ENSG00000162341
11,69072481,11,69048932,69136316,ENSG00000162341
11,69074525,11,69048932,69136316,ENSG00000162341
11,69083670,11,69048932,69136316,ENSG00000162341
11,69083998,11,69048932,69136316,ENSG00000162341
11,69084847,11,69048932,69136316,ENSG00000162341
11,69086036,11,69048932,69136316,ENSG00000162341
11,69087765,11,69048932,69136316,ENSG00000162341
11,69089242,11,69048932,69136316,ENSG00000162341
11,69089916,11,69048932,69136316,ENSG00000162341
11,69090795,11,69048932,69136316,ENSG00000162341
11,69091439,11,69048932,69136316,ENSG00000162341
11,69093190,11,69048932,69136316,ENSG00000162341
11,69093430,11,69048932,69136316,ENSG00000162341
11,69093861,11,69048932,69136316,ENSG00000162341
11,69094677,11,69048932,69136316,ENSG00000162341
11,69098236,11,69048932,69136316,ENSG00000162341
11,69099103,11,69048932,69136316,ENSG00000162341
11,69102637,11,69048932,69136316,ENSG00000162341
11,69073149,11,69048932,69136316,ENSG00000162341
11,69100824,11,69048932,69136316,ENSG00000162341
11,69100847,11,69048932,69136316,ENSG00000162341
11,69065262,11,69048932,69136316,ENSG00000162341
11,69066127,11,69048932,69136316,ENSG00000162341
11,69066164,11,69048932,69136316,ENSG00000162341
11,69066235,11,69048932,69136316,ENSG00000162341
11,69066636,11,69048932,69136316,ENSG00000162341
11,69066873,11,69048932,69136316,ENSG00000162341
11,69067714,11,69048932,69136316,ENSG00000162341
11,69067845,11,69048932,69136316,ENSG00000162341
11,69068017,11,69048932,69136316,ENSG00000162341
11,69070089,11,69048932,69136316,ENSG00000162341
11,69071719,11,69048932,69136316,ENSG00000162341
11,69072233,11,69048932,69136316,ENSG00000162341
11,69072929,11,69048932,69136316,ENSG00000162341
11,69072944,11,69048932,69136316,ENSG00000162341
11,69073844,11,69048932,69136316,ENSG00000162341
11,69074560,11,69048932,69136316,ENSG00000162341
11,69074580,11,69048932,69136316,ENSG00000162341
11,69074630,11,69048932,69136316,ENSG00000162341
11,69075004,11,69048932,69136316,ENSG00000162341
11,69075023,11,69048932,69136316,ENSG00000162341
11,69075651,11,69048932,69136316,ENSG00000162341
11,69066415,11,69048932,69136316,ENSG00000162341
11,69089448,11,69048932,69136316,ENSG00000162341
11,69090194,11,69048932,69136316,ENSG00000162341
11,69092204,11,69048932,69136316,ENSG00000162341
11,69101506,11,69048932,69136316,ENSG00000162341
11,69096881,11,69048932,69136316,ENSG00000162341
11,69084137,11,69048932,69136316,ENSG00000162341
11,69084589,11,69048932,69136316,ENSG00000162341
11,69102035,11,69048932,69136316,ENSG00000162341
11,69073448,11,69048932,69136316,ENSG00000162341
11,69079418,11,69048932,69136316,ENSG00000162341
11,69095394,11,69048932,69136316,ENSG00000162341
11,69095856,11,69048932,69136316,ENSG00000162341
11,69100187,11,69048932,69136316,ENSG00000162341
11,69073974,11,69048932,69136316,ENSG00000162341
11,69076522,11,69048932,69136316,ENSG00000162341
11,69081605,11,69048932,69136316,ENSG00000162341
11,69103980,11,69048932,69136316,ENSG00000162341
11,69087729,11,69048932,69136316,ENSG00000162341
11,69088015,11,69048932,69136316,ENSG00000162341
11,69091562,11,69048932,69136316,ENSG00000162341
11,69093079,11,69048932,69136316,ENSG00000162341
11,69098010,11,69048932,69136316,ENSG00000162341
11,69053148,11,69048932,69136316,ENSG00000162341
11,69084713,11,69048932,69136316,ENSG00000162341
11,69090622,11,69048932,69136316,ENSG00000162341
11,69102455,11,69048932,69136316,ENSG00000162341
11,69077647,11,69048932,69136316,ENSG00000162341
11,69072226,11,69048932,69136316,ENSG00000162341
11,69076243,11,69048932,69136316,ENSG00000162341
11,69103943,11,69048932,69136316,ENSG00000162341
11,69072546,11,69048932,69136316,ENSG00000162341
11,69054180,11,69048932,69136316,ENSG00000162341
11,69093404,11,69048932,69136316,ENSG00000162341
11,69095579,11,69048932,69136316,ENSG00000162341
11,69095580,11,69048932,69136316,ENSG00000162341
11,69065380,11,69048932,69136316,ENSG00000162341
11,69067363,11,69048932,69136316,ENSG00000162341
11,69070326,11,69048932,69136316,ENSG00000162341
11,69072692,11,69048932,69136316,ENSG00000162341
11,69076464,11,69048932,69136316,ENSG00000162341
11,69088486,11,69048932,69136316,ENSG00000162341
11,69089212,11,69048932,69136316,ENSG00000162341
11,69089336,11,69048932,69136316,ENSG00000162341
11,69054394,11,69048932,69136316,ENSG00000162341
11,69078399,11,69048932,69136316,ENSG00000162341
11,69045313,11,69048932,69136316,ENSG00000162341
11,69102928,11,69048932,69136316,ENSG00000162341
11,69087895,11,69048932,69136316,ENSG00000162341
11,69088127,11,69048932,69136316,ENSG00000162341
11,69104171,11,69048932,69136316,ENSG00000162341
11,69079688,11,69048932,69136316,ENSG00000162341
11,69051468,11,69048932,69136316,ENSG00000162341
11,69102830,11,69048932,69136316,ENSG00000162341
11,69051149,11,69048932,69136316,ENSG00000162341
11,69102493,11,69048932,69136316,ENSG00000162341
11,69059427,11,69048932,69136316,ENSG00000162341
11,69103076,11,69048932,69136316,ENSG00000162341
11,69063698,11,69048932,69136316,ENSG00000162341
11,69092215,11,69048932,69136316,ENSG00000162341
11,69049582,11,69048932,69136316,ENSG00000162341
11,69052961,11,69048932,69136316,ENSG00000162341
11,69064452,11,69048932,69136316,ENSG00000162341
11,69064562,11,69048932,69136316,ENSG00000162341
11,69065994,11,69048932,69136316,ENSG00000162341
11,69051629,11,69048932,69136316,ENSG00000162341
11,69103301,11,69048932,69136316,ENSG00000162341
11,69061461,11,69048932,69136316,ENSG00000162341
11,69059606,11,69048932,69136316,ENSG00000162341
11,69060187,11,69048932,69136316,ENSG00000162341
11,69060770,11,69048932,69136316,ENSG00000162341
11,69061210,11,69048932,69136316,ENSG00000162341
11,69061854,11,69048932,69136316,ENSG00000162341
11,69061920,11,69048932,69136316,ENSG00000162341
11,69062066,11,69048932,69136316,ENSG00000162341
11,69062601,11,69048932,69136316,ENSG00000162341
11,69062758,11,69048932,69136316,ENSG00000162341
11,69063160,11,69048932,69136316,ENSG00000162341
11,69063825,11,69048932,69136316,ENSG00000162341
11,69062170,11,69048932,69136316,ENSG00000162341
11,69063239,11,69048932,69136316,ENSG00000162341
11,69071866,11,69048932,69136316,ENSG00000162341
11,69059707,11,69048932,69136316,ENSG00000162341
11,69059075,11,69048932,69136316,ENSG00000162341
11,69058849,11,69048932,69136316,ENSG00000162341
11,69117287,11,69048932,69136316,ENSG00000162341
11,69116088,11,69048932,69136316,ENSG00000162341
11,69112649,11,69048932,69136316,ENSG00000162341
11,69117075,11,69048932,69136316,ENSG00000162341
11,69119685,11,69048932,69136316,ENSG00000162341
11,69044556,11,69048932,69136316,ENSG00000162341
11,69109119,11,69048932,69136316,ENSG00000162341
11,69110120,11,69048932,69136316,ENSG00000162341
11,69110124,11,69048932,69136316,ENSG00000162341
11,69058777,11,69048932,69136316,ENSG00000162341
11,69114181,11,69048932,69136316,ENSG00000162341
11,69111576,11,69048932,69136316,ENSG00000162341
11,69156465,11,69048932,69136316,ENSG00000162341
11,69159087,11,69048932,69136316,ENSG00000162341
11,69104816,11,69048932,69136316,ENSG00000162341
11,69119549,11,69048932,69136316,ENSG00000162341
11,69144753,11,69048932,69136316,ENSG00000162341
11,69147873,11,69048932,69136316,ENSG00000162341
11,69162481,11,69048932,69136316,ENSG00000162341
11,69163017,11,69048932,69136316,ENSG00000162341
11,69164435,11,69048932,69136316,ENSG00000162341
11,69164582,11,69048932,69136316,ENSG00000162341
11,69165094,11,69048932,69136316,ENSG00000162341
11,69165431,11,69048932,69136316,ENSG00000162341
11,69165002,11,69048932,69136316,ENSG00000162341
11,69166228,11,69048932,69136316,ENSG00000162341
11,69166285,11,69048932,69136316,ENSG00000162341
11,69166429,11,69048932,69136316,ENSG00000162341
11,69166584,11,69048932,69136316,ENSG00000162341
11,69167225,11,69048932,69136316,ENSG00000162341
11,69104326,11,69048932,69136316,ENSG00000162341
11,69109694,11,69048932,69136316,ENSG00000162341
1,58507792,1,58415384,58546802,ENSG00000162600
1,58520078,1,58415384,58546802,ENSG00000162600
1,58473830,1,58415384,58546802,ENSG00000162600
1,58474516,1,58415384,58546802,ENSG00000162600
1,58474648,1,58415384,58546802,ENSG00000162600
1,58479161,1,58415384,58546802,ENSG00000162600
1,58479454,1,58415384,58546802,ENSG00000162600
1,58483588,1,58415384,58546802,ENSG00000162600
1,58484483,1,58415384,58546802,ENSG00000162600
1,58486574,1,58415384,58546802,ENSG00000162600
1,58491394,1,58415384,58546802,ENSG00000162600
1,58501669,1,58415384,58546802,ENSG00000162600
1,58503461,1,58415384,58546802,ENSG00000162600
1,58504366,1,58415384,58546802,ENSG00000162600
1,58504691,1,58415384,58546802,ENSG00000162600
1,58507651,1,58415384,58546802,ENSG00000162600
1,58512368,1,58415384,58546802,ENSG00000162600
1,58517115,1,58415384,58546802,ENSG00000162600
1,58518625,1,58415384,58546802,ENSG00000162600
1,58518626,1,58415384,58546802,ENSG00000162600
1,58518637,1,58415384,58546802,ENSG00000162600
1,58519277,1,58415384,58546802,ENSG00000162600
1,58526399,1,58415384,58546802,ENSG00000162600
1,58489609,1,58415384,58546802,ENSG00000162600
1,58497614,1,58415384,58546802,ENSG00000162600
1,58506159,1,58415384,58546802,ENSG00000162600
1,58506268,1,58415384,58546802,ENSG00000162600
1,58509738,1,58415384,58546802,ENSG00000162600
1,58510144,1,58415384,58546802,ENSG00000162600
1,58520031,1,58415384,58546802,ENSG00000162600
1,58550928,1,58415384,58546802,ENSG00000162600
1,58520124,1,58415384,58546802,ENSG00000162600
1,58521298,1,58415384,58546802,ENSG00000162600
1,58533484,1,58415384,58546802,ENSG00000162600
1,58535443,1,58415384,58546802,ENSG00000162600
1,58545276,1,58415384,58546802,ENSG00000162600
1,58545506,1,58415384,58546802,ENSG00000162600
1,58546313,1,58415384,58546802,ENSG00000162600
1,58548661,1,58415384,58546802,ENSG00000162600
1,58543607,1,58415384,58546802,ENSG00000162600
1,58543663,1,58415384,58546802,ENSG00000162600
1,58543810,1,58415384,58546802,ENSG00000162600
1,58544219,1,58415384,58546802,ENSG00000162600
1,58544309,1,58415384,58546802,ENSG00000162600
1,58544468,1,58415384,58546802,ENSG00000162600
1,58544750,1,58415384,58546802,ENSG00000162600
1,58544783,1,58415384,58546802,ENSG00000162600
1,58545232,1,58415384,58546802,ENSG00000162600
1,58545331,1,58415384,58546802,ENSG00000162600
1,58545337,1,58415384,58546802,ENSG00000162600
1,58545465,1,58415384,58546802,ENSG00000162600
1,58545901,1,58415384,58546802,ENSG00000162600
1,58546252,1,58415384,58546802,ENSG00000162600
1,58546315,1,58415384,58546802,ENSG00000162600
1,58546732,1,58415384,58546802,ENSG00000162600
1,58546759,1,58415384,58546802,ENSG00000162600
1,58548709,1,58415384,58546802,ENSG00000162600
1,58550578,1,58415384,58546802,ENSG00000162600
1,58481275,1,58415384,58546802,ENSG00000162600
1,58483214,1,58415384,58546802,ENSG00000162600
1,58493466,1,58415384,58546802,ENSG00000162600
1,58512725,1,58415384,58546802,ENSG00000162600
1,58512929,1,58415384,58546802,ENSG00000162600
1,58525165,1,58415384,58546802,ENSG00000162600
1,58526658,1,58415384,58546802,ENSG00000162600
1,58529847,1,58415384,58546802,ENSG00000162600
1,58533701,1,58415384,58546802,ENSG00000162600
1,58535628,1,58415384,58546802,ENSG00000162600
1,58477358,1,58415384,58546802,ENSG00000162600
1,228109044,1,228106679,228109312,ENSG00000162910
1,228106599,1,228106679,228109312,ENSG00000162910
2,197659804,2,197568224,197676045,ENSG00000162944
2,197661273,2,197568224,197676045,ENSG00000162944
2,197680868,2,197568224,197676045,ENSG00000162944
2,197629387,2,197568224,197676045,ENSG00000162944
2,197630208,2,197568224,197676045,ENSG00000162944
2,197633592,2,197568224,197676045,ENSG00000162944
2,197637062,2,197568224,197676045,ENSG00000162944
2,197644227,2,197568224,197676045,ENSG00000162944
2,197647193,2,197568224,197676045,ENSG00000162944
2,197654904,2,197568224,197676045,ENSG00000162944
2,197662647,2,197568224,197676045,ENSG00000162944
2,197675977,2,197568224,197676045,ENSG00000162944
2,197676674,2,197568224,197676045,ENSG00000162944
2,197677895,2,197568224,197676045,ENSG00000162944
2,197655891,2,197568224,197676045,ENSG00000162944
2,197656632,2,197568224,197676045,ENSG00000162944
2,197658678,2,197568224,197676045,ENSG00000162944
2,197660161,2,197568224,197676045,ENSG00000162944
2,197660360,2,197568224,197676045,ENSG00000162944
2,197661364,2,197568224,197676045,ENSG00000162944
2,197662783,2,197568224,197676045,ENSG00000162944
2,197664157,2,197568224,197676045,ENSG00000162944
2,197665631,2,197568224,197676045,ENSG00000162944
2,197666360,2,197568224,197676045,ENSG00000162944
2,197666805,2,197568224,197676045,ENSG00000162944
2,197668645,2,197568224,197676045,ENSG00000162944
2,197669790,2,197568224,197676045,ENSG00000162944
2,197657402,2,197568224,197676045,ENSG00000162944
2,197657908,2,197568224,197676045,ENSG00000162944
2,197635128,2,197568224,197676045,ENSG00000162944
2,197637997,2,197568224,197676045,ENSG00000162944
2,197642925,2,197568224,197676045,ENSG00000162944
2,197649153,2,197568224,197676045,ENSG00000162944
2,197650934,2,197568224,197676045,ENSG00000162944
2,197651176,2,197568224,197676045,ENSG00000162944
2,197610184,2,197568224,197676045,ENSG00000162944
2,197619153,2,197568224,197676045,ENSG00000162944
2,197620617,2,197568224,197676045,ENSG00000162944
2,197606666,2,197568224,197676045,ENSG00000162944
2,197566490,2,197568224,197676045,ENSG00000162944
2,197570556,2,197568224,197676045,ENSG00000162944
2,197608162,2,197568224,197676045,ENSG00000162944
2,197622554,2,197568224,197676045,ENSG00000162944
2,197624529,2,197568224,197676045,ENSG00000162944
2,197615348,2,197568224,197676045,ENSG00000162944
2,197626386,2,197568224,197676045,ENSG00000162944
2,197609494,2,197568224,197676045,ENSG00000162944
2,197612882,2,197568224,197676045,ENSG00000162944
2,197613596,2,197568224,197676045,ENSG00000162944
2,197571379,2,197568224,197676045,ENSG00000162944
2,197580877,2,197568224,197676045,ENSG00000162944
2,197583973,2,197568224,197676045,ENSG00000162944
2,197585306,2,197568224,197676045,ENSG00000162944
2,197566534,2,197568224,197676045,ENSG00000162944
2,197582135,2,197568224,197676045,ENSG00000162944
2,197598366,2,197568224,197676045,ENSG00000162944
2,197601549,2,197568224,197676045,ENSG00000162944
2,197602417,2,197568224,197676045,ENSG00000162944
2,197572662,2,197568224,197676045,ENSG00000162944
2,101280833,2,101271219,101308701,ENSG00000163162
2,101300620,2,101271219,101308701,ENSG00000163162
2,101303817,2,101271219,101308701,ENSG00000163162
2,101275676,2,101271219,101308701,ENSG00000163162
2,101280863,2,101271219,101308701,ENSG00000163162
2,101300997,2,101271219,101308701,ENSG00000163162
2,101301049,2,101271219,101308701,ENSG00000163162
2,101302340,2,101271219,101308701,ENSG00000163162
2,101270690,2,101271219,101308701,ENSG00000163162
2,101270819,2,101271219,101308701,ENSG00000163162
2,101272844,2,101271219,101308701,ENSG00000163162
2,101282984,2,101271219,101308701,ENSG00000163162
2,101284542,2,101271219,101308701,ENSG00000163162
2,101284587,2,101271219,101308701,ENSG00000163162
2,101294923,2,101271219,101308701,ENSG00000163162
2,101297547,2,101271219,101308701,ENSG00000163162
2,101305898,2,101271219,101308701,ENSG00000163162
4,83451050,4,83455932,83469735,ENSG00000163319
4,83452469,4,83455932,83469735,ENSG00000163319
4,83459225,4,83455932,83469735,ENSG00000163319
4,83461610,4,83455932,83469735,ENSG00000163319
4,83453327,4,83455932,83469735,ENSG00000163319
4,83474488,4,83455932,83469735,ENSG00000163319
4,83460344,4,83455932,83469735,ENSG00000163319
4,83472322,4,83455932,83469735,ENSG00000163319
4,83473979,4,83455932,83469735,ENSG00000163319
4,83466281,4,83455932,83469735,ENSG00000163319
4,83474296,4,83455932,83469735,ENSG00000163319
4,83463956,4,83455932,83469735,ENSG00000163319
4,83456344,4,83455932,83469735,ENSG00000163319
4,83466087,4,83455932,83469735,ENSG00000163319
4,83450999,4,83455932,83469735,ENSG00000163319
4,83454644,4,83455932,83469735,ENSG00000163319
4,83459802,4,83455932,83469735,ENSG00000163319
4,83459882,4,83455932,83469735,ENSG00000163319
4,83461399,4,83455932,83469735,ENSG00000163319
4,83462219,4,83455932,83469735,ENSG00000163319
4,83462657,4,83455932,83469735,ENSG00000163319
4,83463259,4,83455932,83469735,ENSG00000163319
4,83463842,4,83455932,83469735,ENSG00000163319
4,83464303,4,83455932,83469735,ENSG00000163319
4,83464931,4,83455932,83469735,ENSG00000163319
4,83466004,4,83455932,83469735,ENSG00000163319
4,83473383,4,83455932,83469735,ENSG00000163319
4,83473794,4,83455932,83469735,ENSG00000163319
4,83466567,4,83455932,83469735,ENSG00000163319
4,83473529,4,83455932,83469735,ENSG00000163319
2,218214790,2,218217141,218254356,ENSG00000163466
2,218215995,2,218217141,218254356,ENSG00000163466
2,218216255,2,218217141,218254356,ENSG00000163466
2,218217396,2,218217141,218254356,ENSG00000163466
2,218223449,2,218217141,218254356,ENSG00000163466
2,218233050,2,218217141,218254356,ENSG00000163466
2,218237609,2,218217141,218254356,ENSG00000163466
2,218238857,2,218217141,218254356,ENSG00000163466
2,218240727,2,218217141,218254356,ENSG00000163466
2,218244641,2,218217141,218254356,ENSG00000163466
2,218252759,2,218217141,218254356,ENSG00000163466
2,218213895,2,218217141,218254356,ENSG00000163466
2,218221140,2,218217141,218254356,ENSG00000163466
2,218224408,2,218217141,218254356,ENSG00000163466
2,218226523,2,218217141,218254356,ENSG00000163466
2,218228276,2,218217141,218254356,ENSG00000163466
2,218230831,2,218217141,218254356,ENSG00000163466
2,218233015,2,218217141,218254356,ENSG00000163466
2,218235479,2,218217141,218254356,ENSG00000163466
2,218235937,2,218217141,218254356,ENSG00000163466
2,218236146,2,218217141,218254356,ENSG00000163466
2,218240002,2,218217141,218254356,ENSG00000163466
2,218240104,2,218217141,218254356,ENSG00000163466
2,218240267,2,218217141,218254356,ENSG00000163466
2,218244190,2,218217141,218254356,ENSG00000163466
2,218244310,2,218217141,218254356,ENSG00000163466
2,218217607,2,218217141,218254356,ENSG00000163466
2,218222349,2,218217141,218254356,ENSG00000163466
2,218218595,2,218217141,218254356,ENSG00000163466
2,218233673,2,218217141,218254356,ENSG00000163466
2,218245998,2,218217141,218254356,ENSG00000163466
2,218248233,2,218217141,218254356,ENSG00000163466
2,218245902,2,218217141,218254356,ENSG00000163466
2,218248563,2,218217141,218254356,ENSG00000163466
2,218245832,2,218217141,218254356,ENSG00000163466
2,218248366,2,218217141,218254356,ENSG00000163466
2,218234030,2,218217141,218254356,ENSG00000163466
2,218234761,2,218217141,218254356,ENSG00000163466
2,218256940,2,218217141,218254356,ENSG00000163466
2,218258057,2,218217141,218254356,ENSG00000163466
2,218258058,2,218217141,218254356,ENSG00000163466
2,218254395,2,218217141,218254356,ENSG00000163466
2,218255532,2,218217141,218254356,ENSG00000163466
2,218255865,2,218217141,218254356,ENSG00000163466
2,218256805,2,218217141,218254356,ENSG00000163466
2,218257367,2,218217141,218254356,ENSG00000163466
2,218250385,2,218217141,218254356,ENSG00000163466
2,218229211,2,218217141,218254356,ENSG00000163466
3,13638350,3,13549125,13638422,ENSG00000163520
3,170860932,3,170864875,170870208,ENSG00000163584
3,170865099,3,170864875,170870208,ENSG00000163584
3,170866275,3,170864875,170870208,ENSG00000163584
3,170866285,3,170864875,170870208,ENSG00000163584
3,170867828,3,170864875,170870208,ENSG00000163584
3,53088241,3,53066853,53130453,ENSG00000163933
3,53091569,3,53066853,53130453,ENSG00000163933
3,53084723,3,53066853,53130453,ENSG00000163933
3,53085687,3,53066853,53130453,ENSG00000163933
3,53086082,3,53066853,53130453,ENSG00000163933
3,53086908,3,53066853,53130453,ENSG00000163933
3,53087260,3,53066853,53130453,ENSG00000163933
3,53088242,3,53066853,53130453,ENSG00000163933
3,53088354,3,53066853,53130453,ENSG00000163933
3,53088953,3,53066853,53130453,ENSG00000163933
3,53089257,3,53066853,53130453,ENSG00000163933
3,53089470,3,53066853,53130453,ENSG00000163933
3,53091906,3,53066853,53130453,ENSG00000163933
3,53092127,3,53066853,53130453,ENSG00000163933
3,53093119,3,53066853,53130453,ENSG00000163933
3,53096897,3,53066853,53130453,ENSG00000163933
3,53097756,3,53066853,53130453,ENSG00000163933
3,53097813,3,53066853,53130453,ENSG00000163933
3,53097814,3,53066853,53130453,ENSG00000163933
3,53093661,3,53066853,53130453,ENSG00000163933
3,53100847,3,53066853,53130453,ENSG00000163933
3,53099510,3,53066853,53130453,ENSG00000163933
3,53100082,3,53066853,53130453,ENSG00000163933
3,53103295,3,53066853,53130453,ENSG00000163933
3,53105490,3,53066853,53130453,ENSG00000163933
3,53105491,3,53066853,53130453,ENSG00000163933
3,53102445,3,53066853,53130453,ENSG00000163933
3,53105961,3,53066853,53130453,ENSG00000163933
3,53101922,3,53066853,53130453,ENSG00000163933
3,53099133,3,53066853,53130453,ENSG00000163933
3,53085313,3,53066853,53130453,ENSG00000163933
3,53085518,3,53066853,53130453,ENSG00000163933
3,53091453,3,53066853,53130453,ENSG00000163933
3,53084188,3,53066853,53130453,ENSG00000163933
3,53089016,3,53066853,53130453,ENSG00000163933
3,53086998,3,53066853,53130453,ENSG00000163933
3,53092656,3,53066853,53130453,ENSG00000163933
3,53093751,3,53066853,53130453,ENSG00000163933
3,53094335,3,53066853,53130453,ENSG00000163933
3,53096419,3,53066853,53130453,ENSG00000163933
3,53096450,3,53066853,53130453,ENSG00000163933
3,53097932,3,53066853,53130453,ENSG00000163933
3,53108964,3,53066853,53130453,ENSG00000163933
3,52686064,3,52681156,52694497,ENSG00000163938
3,52688319,3,52681156,52694497,ENSG00000163938
3,52698413,3,52681156,52694497,ENSG00000163938
4,1369840,4,1345691,1395989,ENSG00000163945
4,1384511,4,1345691,1395989,ENSG00000163945
4,1386245,4,1345691,1395989,ENSG00000163945
4,1388010,4,1345691,1395989,ENSG00000163945
4,1380907,4,1345691,1395989,ENSG00000163945
4,1380986,4,1345691,1395989,ENSG00000163945
4,1381497,4,1345691,1395989,ENSG00000163945
4,1384316,4,1345691,1395989,ENSG00000163945
4,1384085,4,1345691,1395989,ENSG00000163945
4,1383827,4,1345691,1395989,ENSG00000163945
4,1356534,4,1345691,1395989,ENSG00000163945
4,1357774,4,1345691,1395989,ENSG00000163945
4,1358643,4,1345691,1395989,ENSG00000163945
4,1359522,4,1345691,1395989,ENSG00000163945
4,1364661,4,1345691,1395989,ENSG00000163945
4,1367223,4,1345691,1395989,ENSG00000163945
4,128274141,4,128269237,128288829,ENSG00000164040
3,48238680,3,48241100,48299253,ENSG00000164048
3,48246389,3,48241100,48299253,ENSG00000164048
3,48241004,3,48241100,48299253,ENSG00000164048
3,48241161,3,48241100,48299253,ENSG00000164048
3,48241205,3,48241100,48299253,ENSG00000164048
3,48237782,3,48241100,48299253,ENSG00000164048
3,48238324,3,48241100,48299253,ENSG00000164048
3,48239002,3,48241100,48299253,ENSG00000164048
3,48240531,3,48241100,48299253,ENSG00000164048
3,48246302,3,48241100,48299253,ENSG00000164048
3,48268338,3,48241100,48299253,ENSG00000164048
3,48252034,3,48241100,48299253,ENSG00000164048
3,48256502,3,48241100,48299253,ENSG00000164048
3,48259584,3,48241100,48299253,ENSG00000164048
3,48260124,3,48241100,48299253,ENSG00000164048
3,48262179,3,48241100,48299253,ENSG00000164048
3,48263966,3,48241100,48299253,ENSG00000164048
3,48275387,3,48241100,48299253,ENSG00000164048
3,48278842,3,48241100,48299253,ENSG00000164048
3,48281999,3,48241100,48299253,ENSG00000164048
3,48289796,3,48241100,48299253,ENSG00000164048
3,48281643,3,48241100,48299253,ENSG00000164048
3,48281874,3,48241100,48299253,ENSG00000164048
3,48282400,3,48241100,48299253,ENSG00000164048
3,48283791,3,48241100,48299253,ENSG00000164048
3,48285960,3,48241100,48299253,ENSG00000164048
3,48286239,3,48241100,48299253,ENSG00000164048
3,48286261,3,48241100,48299253,ENSG00000164048
3,48287322,3,48241100,48299253,ENSG00000164048
3,48288410,3,48241100,48299253,ENSG00000164048
3,48288547,3,48241100,48299253,ENSG00000164048
3,48256070,3,48241100,48299253,ENSG00000164048
3,48259682,3,48241100,48299253,ENSG00000164048
3,48265041,3,48241100,48299253,ENSG00000164048
3,48270570,3,48241100,48299253,ENSG00000164048
3,48270912,3,48241100,48299253,ENSG00000164048
3,48271928,3,48241100,48299253,ENSG00000164048
3,48278068,3,48241100,48299253,ENSG00000164048
3,48282976,3,48241100,48299253,ENSG00000164048
3,48284943,3,48241100,48299253,ENSG00000164048
3,48287546,3,48241100,48299253,ENSG00000164048
3,48257589,3,48241100,48299253,ENSG00000164048
3,48245275,3,48241100,48299253,ENSG00000164048
3,48256121,3,48241100,48299253,ENSG00000164048
3,48257949,3,48241100,48299253,ENSG00000164048
3,48265345,3,48241100,48299253,ENSG00000164048
3,48270739,3,48241100,48299253,ENSG00000164048
3,48271168,3,48241100,48299253,ENSG00000164048
3,48254210,3,48241100,48299253,ENSG00000164048
3,48251588,3,48241100,48299253,ENSG00000164048
3,48294318,3,48241100,48299253,ENSG00000164048
3,48302744,3,48241100,48299253,ENSG00000164048
3,48294367,3,48241100,48299253,ENSG00000164048
3,48295716,3,48241100,48299253,ENSG00000164048
3,48296683,3,48241100,48299253,ENSG00000164048
3,48296997,3,48241100,48299253,ENSG00000164048
3,48297870,3,48241100,48299253,ENSG00000164048
3,48298059,3,48241100,48299253,ENSG00000164048
3,48298128,3,48241100,48299253,ENSG00000164048
3,48298209,3,48241100,48299253,ENSG00000164048
3,48298555,3,48241100,48299253,ENSG00000164048
3,48301392,3,48241100,48299253,ENSG00000164048
3,48301597,3,48241100,48299253,ENSG00000164048
3,48301771,3,48241100,48299253,ENSG00000164048
3,48301800,3,48241100,48299253,ENSG00000164048
3,48302218,3,48241100,48299253,ENSG00000164048
3,48302368,3,48241100,48299253,ENSG00000164048
3,48302387,3,48241100,48299253,ENSG00000164048
3,48302430,3,48241100,48299253,ENSG00000164048
3,48303185,3,48241100,48299253,ENSG00000164048
3,48303959,3,48241100,48299253,ENSG00000164048
3,48304021,3,48241100,48299253,ENSG00000164048
3,48301179,3,48241100,48299253,ENSG00000164048
3,48291956,3,48241100,48299253,ENSG00000164048
3,48292016,3,48241100,48299253,ENSG00000164048
3,48291852,3,48241100,48299253,ENSG00000164048
4,128012834,4,127965315,128039953,ENSG00000164074
4,128016877,4,127965315,128039953,ENSG00000164074
4,174315112,4,174283730,174333380,ENSG00000164118
4,174318503,4,174283730,174333380,ENSG00000164118
4,174318846,4,174283730,174333380,ENSG00000164118
4,174304301,4,174283730,174333380,ENSG00000164118
4,174312979,4,174283730,174333380,ENSG00000164118
4,158255867,4,158201604,158255416,ENSG00000164124
4,158255976,4,158201604,158255416,ENSG00000164124
4,158256297,4,158201604,158255416,ENSG00000164124
4,158255107,4,158201604,158255416,ENSG00000164124
4,158258710,4,158201604,158255416,ENSG00000164124
4,158256389,4,158201604,158255416,ENSG00000164124
4,158256427,4,158201604,158255416,ENSG00000164124
4,158259303,4,158201604,158255416,ENSG00000164124
4,158259353,4,158201604,158255416,ENSG00000164124
5,53107956,5,53095679,53110063,ENSG00000164172
5,53108482,5,53095679,53110063,ENSG00000164172
5,53099480,5,53095679,53110063,ENSG00000164172
5,53099695,5,53095679,53110063,ENSG00000164172
5,53112415,5,53095679,53110063,ENSG00000164172
5,60799177,5,60751791,60844274,ENSG00000164181
5,60815752,5,60751791,60844274,ENSG00000164181
5,60766918,5,60751791,60844274,ENSG00000164181
5,60767749,5,60751791,60844274,ENSG00000164181
5,60768126,5,60751791,60844274,ENSG00000164181
5,60751005,5,60751791,60844274,ENSG00000164181
5,60763031,5,60751791,60844274,ENSG00000164181
5,60791073,5,60751791,60844274,ENSG00000164181
5,60778173,5,60751791,60844274,ENSG00000164181
5,60779501,5,60751791,60844274,ENSG00000164181
5,60782085,5,60751791,60844274,ENSG00000164181
5,60782585,5,60751791,60844274,ENSG00000164181
5,60757393,5,60751791,60844274,ENSG00000164181
5,60774107,5,60751791,60844274,ENSG00000164181
5,60786814,5,60751791,60844274,ENSG00000164181
5,77426113,5,77425970,77620611,ENSG00000164253
5,77445248,5,77425970,77620611,ENSG00000164253
5,77503562,5,77425970,77620611,ENSG00000164253
5,77483774,5,77425970,77620611,ENSG00000164253
5,77478450,5,77425970,77620611,ENSG00000164253
5,77488551,5,77425970,77620611,ENSG00000164253
5,77463919,5,77425970,77620611,ENSG00000164253
5,77463791,5,77425970,77620611,ENSG00000164253
5,77487459,5,77425970,77620611,ENSG00000164253
5,77430689,5,77425970,77620611,ENSG00000164253
5,77504960,5,77425970,77620611,ENSG00000164253
5,77484699,5,77425970,77620611,ENSG00000164253
5,77501180,5,77425970,77620611,ENSG00000164253
5,77442131,5,77425970,77620611,ENSG00000164253
5,77493334,5,77425970,77620611,ENSG00000164253
5,77499056,5,77425970,77620611,ENSG00000164253
5,77500670,5,77425970,77620611,ENSG00000164253
5,77504438,5,77425970,77620611,ENSG00000164253
5,77504500,5,77425970,77620611,ENSG00000164253
4,184648473,4,184627696,184650062,ENSG00000164305
4,184649399,4,184627696,184650062,ENSG00000164305
4,184649313,4,184627696,184650062,ENSG00000164305
5,96756222,5,96760810,96808100,ENSG00000164307
5,96760485,5,96760810,96808100,ENSG00000164307
5,96761124,5,96760810,96808100,ENSG00000164307
5,96764254,5,96760810,96808100,ENSG00000164307
5,96765060,5,96760810,96808100,ENSG00000164307
5,96765516,5,96760810,96808100,ENSG00000164307
5,96765522,5,96760810,96808100,ENSG00000164307
5,96765814,5,96760810,96808100,ENSG00000164307
5,96766255,5,96760810,96808100,ENSG00000164307
5,96767648,5,96760810,96808100,ENSG00000164307
5,96769131,5,96760810,96808100,ENSG00000164307
5,96769339,5,96760810,96808100,ENSG00000164307
5,96770222,5,96760810,96808100,ENSG00000164307
5,96772070,5,96760810,96808100,ENSG00000164307
5,96773540,5,96760810,96808100,ENSG00000164307
5,96773906,5,96760810,96808100,ENSG00000164307
5,96774507,5,96760810,96808100,ENSG00000164307
5,96775667,5,96760810,96808100,ENSG00000164307
5,96776223,5,96760810,96808100,ENSG00000164307
5,96776379,5,96760810,96808100,ENSG00000164307
5,96778846,5,96760810,96808100,ENSG00000164307
5,96785448,5,96760810,96808100,ENSG00000164307
5,96771195,5,96760810,96808100,ENSG00000164307
5,96812030,5,96760810,96808100,ENSG00000164307
5,96812663,5,96760810,96808100,ENSG00000164307
5,96803547,5,96760810,96808100,ENSG00000164307
5,96804664,5,96760810,96808100,ENSG00000164307
5,96804743,5,96760810,96808100,ENSG00000164307
5,96807103,5,96760810,96808100,ENSG00000164307
5,96785229,5,96760810,96808100,ENSG00000164307
5,96766240,5,96760810,96808100,ENSG00000164307
5,96758990,5,96760810,96808100,ENSG00000164307
5,96782361,5,96760810,96808100,ENSG00000164307
5,96783148,5,96760810,96808100,ENSG00000164307
5,96783569,5,96760810,96808100,ENSG00000164307
5,96784466,5,96760810,96808100,ENSG00000164307
5,96784494,5,96760810,96808100,ENSG00000164307
5,96784555,5,96760810,96808100,ENSG00000164307
5,96784608,5,96760810,96808100,ENSG00000164307
5,96781236,5,96760810,96808100,ENSG00000164307
5,96786011,5,96760810,96808100,ENSG00000164307
5,96786290,5,96760810,96808100,ENSG00000164307
5,96786556,5,96760810,96808100,ENSG00000164307
5,96786577,5,96760810,96808100,ENSG00000164307
5,96787385,5,96760810,96808100,ENSG00000164307
5,96787422,5,96760810,96808100,ENSG00000164307
5,96787507,5,96760810,96808100,ENSG00000164307
5,96787561,5,96760810,96808100,ENSG00000164307
5,96787633,5,96760810,96808100,ENSG00000164307
5,96787963,5,96760810,96808100,ENSG00000164307
5,96788627,5,96760810,96808100,ENSG00000164307
5,96790207,5,96760810,96808100,ENSG00000164307
5,96790494,5,96760810,96808100,ENSG00000164307
5,96790605,5,96760810,96808100,ENSG00000164307
5,96757518,5,96760810,96808100,ENSG00000164307
5,96785666,5,96760810,96808100,ENSG00000164307
5,96762191,5,96760810,96808100,ENSG00000164307
5,96762510,5,96760810,96808100,ENSG00000164307
5,96809319,5,96760810,96808100,ENSG00000164307
6,36966417,6,36948263,36964837,ENSG00000164530
6,36966468,6,36948263,36964837,ENSG00000164530
6,36965954,6,36948263,36964837,ENSG00000164530
6,36965493,6,36948263,36964837,ENSG00000164530
7,6416460,7,6409126,6484190,ENSG00000164535
7,6411410,7,6409126,6484190,ENSG00000164535
7,6411449,7,6409126,6484190,ENSG00000164535
7,6413396,7,6409126,6484190,ENSG00000164535
7,6414177,7,6409126,6484190,ENSG00000164535
7,6414214,7,6409126,6484190,ENSG00000164535
7,6415415,7,6409126,6484190,ENSG00000164535
7,6409865,7,6409126,6484190,ENSG00000164535
7,6408249,7,6409126,6484190,ENSG00000164535
7,6421903,7,6409126,6484190,ENSG00000164535
7,6446588,7,6409126,6484190,ENSG00000164535
7,6446436,7,6409126,6484190,ENSG00000164535
7,6447500,7,6409126,6484190,ENSG00000164535
7,6448466,7,6409126,6484190,ENSG00000164535
7,6419629,7,6409126,6484190,ENSG00000164535
7,6425810,7,6409126,6484190,ENSG00000164535
7,6427005,7,6409126,6484190,ENSG00000164535
7,6427820,7,6409126,6484190,ENSG00000164535
7,6434333,7,6409126,6484190,ENSG00000164535
7,6436168,7,6409126,6484190,ENSG00000164535
7,6436606,7,6409126,6484190,ENSG00000164535
7,6436869,7,6409126,6484190,ENSG00000164535
7,6437284,7,6409126,6484190,ENSG00000164535
7,6437505,7,6409126,6484190,ENSG00000164535
7,6422283,7,6409126,6484190,ENSG00000164535
7,6422334,7,6409126,6484190,ENSG00000164535
7,6423734,7,6409126,6484190,ENSG00000164535
7,6425157,7,6409126,6484190,ENSG00000164535
7,6425205,7,6409126,6484190,ENSG00000164535
7,6425252,7,6409126,6484190,ENSG00000164535
7,6421679,7,6409126,6484190,ENSG00000164535
7,6447525,7,6409126,6484190,ENSG00000164535
7,6430991,7,6409126,6484190,ENSG00000164535
7,6438860,7,6409126,6484190,ENSG00000164535
7,6439779,7,6409126,6484190,ENSG00000164535
7,6440037,7,6409126,6484190,ENSG00000164535
7,6447662,7,6409126,6484190,ENSG00000164535
7,6416716,7,6409126,6484190,ENSG00000164535
7,6436200,7,6409126,6484190,ENSG00000164535
7,6406396,7,6409126,6484190,ENSG00000164535
7,6445565,7,6409126,6484190,ENSG00000164535
8,11838983,8,11842524,11869533,ENSG00000164733
8,11857591,8,11842524,11869533,ENSG00000164733
8,11858964,8,11842524,11869533,ENSG00000164733
8,11847933,8,11842524,11869533,ENSG00000164733
8,11856343,8,11842524,11869533,ENSG00000164733
8,11857920,8,11842524,11869533,ENSG00000164733
8,11847630,8,11842524,11869533,ENSG00000164733
8,11851498,8,11842524,11869533,ENSG00000164733
8,11853550,8,11842524,11869533,ENSG00000164733
8,11851206,8,11842524,11869533,ENSG00000164733
8,11853379,8,11842524,11869533,ENSG00000164733
8,11851807,8,11842524,11869533,ENSG00000164733
8,11867774,8,11842524,11869533,ENSG00000164733
8,11864846,8,11842524,11869533,ENSG00000164733
8,11867879,8,11842524,11869533,ENSG00000164733
8,11873502,8,11842524,11869533,ENSG00000164733
8,11866266,8,11842524,11869533,ENSG00000164733
8,11849325,8,11842524,11869533,ENSG00000164733
8,11869308,8,11842524,11869533,ENSG00000164733
8,11848168,8,11842524,11869533,ENSG00000164733
8,11850021,8,11842524,11869533,ENSG00000164733
8,11844497,8,11842524,11869533,ENSG00000164733
8,11843587,8,11842524,11869533,ENSG00000164733
8,11850846,8,11842524,11869533,ENSG00000164733
8,11862718,8,11842524,11869533,ENSG00000164733
8,11863571,8,11842524,11869533,ENSG00000164733
8,11864537,8,11842524,11869533,ENSG00000164733
8,11838226,8,11842524,11869533,ENSG00000164733
8,11838363,8,11842524,11869533,ENSG00000164733
8,11868335,8,11842524,11869533,ENSG00000164733
8,11872585,8,11842524,11869533,ENSG00000164733
8,11871485,8,11842524,11869533,ENSG00000164733
8,11871442,8,11842524,11869533,ENSG00000164733
8,11870560,8,11842524,11869533,ENSG00000164733
8,94261788,8,94249253,94262350,ENSG00000164949
8,94261556,8,94249253,94262350,ENSG00000164949
8,94261564,8,94249253,94262350,ENSG00000164949
8,94261609,8,94249253,94262350,ENSG00000164949
8,94262129,8,94249253,94262350,ENSG00000164949
8,94265792,8,94249253,94262350,ENSG00000164949
8,94266971,8,94249253,94262350,ENSG00000164949
8,94262595,8,94249253,94262350,ENSG00000164949
8,94250025,8,94249253,94262350,ENSG00000164949
8,94250723,8,94249253,94262350,ENSG00000164949
8,94264710,8,94249253,94262350,ENSG00000164949
8,94263705,8,94249253,94262350,ENSG00000164949
8,94264846,8,94249253,94262350,ENSG00000164949
8,94248848,8,94249253,94262350,ENSG00000164949
8,94249727,8,94249253,94262350,ENSG00000164949
8,94247331,8,94249253,94262350,ENSG00000164949
8,94247605,8,94249253,94262350,ENSG00000164949
8,94247906,8,94249253,94262350,ENSG00000164949
8,94247972,8,94249253,94262350,ENSG00000164949
8,94248434,8,94249253,94262350,ENSG00000164949
8,94248661,8,94249253,94262350,ENSG00000164949
8,94249488,8,94249253,94262350,ENSG00000164949
8,94250720,8,94249253,94262350,ENSG00000164949
8,94251448,8,94249253,94262350,ENSG00000164949
8,94244470,8,94249253,94262350,ENSG00000164949
9,34336344,9,34329506,34343713,ENSG00000164978
9,34336683,9,34329506,34343713,ENSG00000164978
9,34338554,9,34329506,34343713,ENSG00000164978
9,34326985,9,34329506,34343713,ENSG00000164978
9,34329112,9,34329506,34343713,ENSG00000164978
9,34329853,9,34329506,34343713,ENSG00000164978
9,34332742,9,34329506,34343713,ENSG00000164978
9,34334795,9,34329506,34343713,ENSG00000164978
9,34337969,9,34329506,34343713,ENSG00000164978
9,34340951,9,34329506,34343713,ENSG00000164978
9,34342003,9,34329506,34343713,ENSG00000164978
9,34342636,9,34329506,34343713,ENSG00000164978
9,34346284,9,34329506,34343713,ENSG00000164978
9,34324679,9,34329506,34343713,ENSG00000164978
10,45451968,10,45454585,45594906,ENSG00000165406
10,45456268,10,45454585,45594906,ENSG00000165406
10,45459359,10,45454585,45594906,ENSG00000165406
10,45462827,10,45454585,45594906,ENSG00000165406
10,45463937,10,45454585,45594906,ENSG00000165406
10,45464204,10,45454585,45594906,ENSG00000165406
10,45465572,10,45454585,45594906,ENSG00000165406
10,45466313,10,45454585,45594906,ENSG00000165406
10,45468138,10,45454585,45594906,ENSG00000165406
10,45468329,10,45454585,45594906,ENSG00000165406
10,45469105,10,45454585,45594906,ENSG00000165406
10,45469637,10,45454585,45594906,ENSG00000165406
10,45469722,10,45454585,45594906,ENSG00000165406
10,45470413,10,45454585,45594906,ENSG00000165406
10,45470974,10,45454585,45594906,ENSG00000165406
10,45471180,10,45454585,45594906,ENSG00000165406
10,45471301,10,45454585,45594906,ENSG00000165406
10,45472320,10,45454585,45594906,ENSG00000165406
10,45472353,10,45454585,45594906,ENSG00000165406
10,45473612,10,45454585,45594906,ENSG00000165406
10,45474669,10,45454585,45594906,ENSG00000165406
10,45475184,10,45454585,45594906,ENSG00000165406
10,45475269,10,45454585,45594906,ENSG00000165406
10,45475708,10,45454585,45594906,ENSG00000165406
10,45475912,10,45454585,45594906,ENSG00000165406
10,45475965,10,45454585,45594906,ENSG00000165406
10,45476799,10,45454585,45594906,ENSG00000165406
10,45476993,10,45454585,45594906,ENSG00000165406
10,45477033,10,45454585,45594906,ENSG00000165406
10,45477432,10,45454585,45594906,ENSG00000165406
10,45478150,10,45454585,45594906,ENSG00000165406
10,45478176,10,45454585,45594906,ENSG00000165406
10,45481092,10,45454585,45594906,ENSG00000165406
10,45481403,10,45454585,45594906,ENSG00000165406
10,45481480,10,45454585,45594906,ENSG00000165406
10,45481520,10,45454585,45594906,ENSG00000165406
10,45481999,10,45454585,45594906,ENSG00000165406
10,45482267,10,45454585,45594906,ENSG00000165406
10,45484961,10,45454585,45594906,ENSG00000165406
10,45487601,10,45454585,45594906,ENSG00000165406
10,45487931,10,45454585,45594906,ENSG00000165406
10,45488529,10,45454585,45594906,ENSG00000165406
10,45488898,10,45454585,45594906,ENSG00000165406
10,45489644,10,45454585,45594906,ENSG00000165406
10,45489836,10,45454585,45594906,ENSG00000165406
10,45489908,10,45454585,45594906,ENSG00000165406
10,45490132,10,45454585,45594906,ENSG00000165406
10,45491000,10,45454585,45594906,ENSG00000165406
10,45491047,10,45454585,45594906,ENSG00000165406
10,45491172,10,45454585,45594906,ENSG00000165406
10,45491364,10,45454585,45594906,ENSG00000165406
10,45492744,10,45454585,45594906,ENSG00000165406
10,45492900,10,45454585,45594906,ENSG00000165406
10,45493806,10,45454585,45594906,ENSG00000165406
10,45494989,10,45454585,45594906,ENSG00000165406
10,45496530,10,45454585,45594906,ENSG00000165406
10,45496837,10,45454585,45594906,ENSG00000165406
10,45498763,10,45454585,45594906,ENSG00000165406
10,45498979,10,45454585,45594906,ENSG00000165406
10,45500341,10,45454585,45594906,ENSG00000165406
10,45502010,10,45454585,45594906,ENSG00000165406
10,45502264,10,45454585,45594906,ENSG00000165406
10,45502313,10,45454585,45594906,ENSG00000165406
10,45502830,10,45454585,45594906,ENSG00000165406
10,45503313,10,45454585,45594906,ENSG00000165406
10,45503532,10,45454585,45594906,ENSG00000165406
10,45503880,10,45454585,45594906,ENSG00000165406
10,45505313,10,45454585,45594906,ENSG00000165406
10,45507139,10,45454585,45594906,ENSG00000165406
10,45507506,10,45454585,45594906,ENSG00000165406
10,45508183,10,45454585,45594906,ENSG00000165406
10,45508712,10,45454585,45594906,ENSG00000165406
10,45510201,10,45454585,45594906,ENSG00000165406
10,45511350,10,45454585,45594906,ENSG00000165406
10,45511519,10,45454585,45594906,ENSG00000165406
10,45512385,10,45454585,45594906,ENSG00000165406
10,45514370,10,45454585,45594906,ENSG00000165406
10,45514650,10,45454585,45594906,ENSG00000165406
10,45514868,10,45454585,45594906,ENSG00000165406
10,45515057,10,45454585,45594906,ENSG00000165406
10,45515973,10,45454585,45594906,ENSG00000165406
10,45516597,10,45454585,45594906,ENSG00000165406
10,45517990,10,45454585,45594906,ENSG00000165406
10,45518099,10,45454585,45594906,ENSG00000165406
10,45518167,10,45454585,45594906,ENSG00000165406
10,45519040,10,45454585,45594906,ENSG00000165406
10,45519311,10,45454585,45594906,ENSG00000165406
10,45519419,10,45454585,45594906,ENSG00000165406
10,45520494,10,45454585,45594906,ENSG00000165406
10,45521684,10,45454585,45594906,ENSG00000165406
10,45524463,10,45454585,45594906,ENSG00000165406
10,45524646,10,45454585,45594906,ENSG00000165406
10,45524900,10,45454585,45594906,ENSG00000165406
10,45525583,10,45454585,45594906,ENSG00000165406
10,45526198,10,45454585,45594906,ENSG00000165406
10,45526790,10,45454585,45594906,ENSG00000165406
10,45527879,10,45454585,45594906,ENSG00000165406
10,45528457,10,45454585,45594906,ENSG00000165406
10,45528887,10,45454585,45594906,ENSG00000165406
10,45529229,10,45454585,45594906,ENSG00000165406
10,45530715,10,45454585,45594906,ENSG00000165406
10,45531604,10,45454585,45594906,ENSG00000165406
10,45534926,10,45454585,45594906,ENSG00000165406
10,45535029,10,45454585,45594906,ENSG00000165406
10,45535195,10,45454585,45594906,ENSG00000165406
10,45537057,10,45454585,45594906,ENSG00000165406
10,45537125,10,45454585,45594906,ENSG00000165406
10,45538414,10,45454585,45594906,ENSG00000165406
10,45540755,10,45454585,45594906,ENSG00000165406
10,45540831,10,45454585,45594906,ENSG00000165406
10,45541761,10,45454585,45594906,ENSG00000165406
10,45542413,10,45454585,45594906,ENSG00000165406
10,45543059,10,45454585,45594906,ENSG00000165406
10,45543473,10,45454585,45594906,ENSG00000165406
10,45543536,10,45454585,45594906,ENSG00000165406
10,45543913,10,45454585,45594906,ENSG00000165406
10,45544063,10,45454585,45594906,ENSG00000165406
10,45544117,10,45454585,45594906,ENSG00000165406
10,45544482,10,45454585,45594906,ENSG00000165406
10,45545025,10,45454585,45594906,ENSG00000165406
10,45545146,10,45454585,45594906,ENSG00000165406
10,45546239,10,45454585,45594906,ENSG00000165406
10,45547054,10,45454585,45594906,ENSG00000165406
10,45547484,10,45454585,45594906,ENSG00000165406
10,45548644,10,45454585,45594906,ENSG00000165406
10,45549677,10,45454585,45594906,ENSG00000165406
10,45550313,10,45454585,45594906,ENSG00000165406
10,45550686,10,45454585,45594906,ENSG00000165406
10,45550687,10,45454585,45594906,ENSG00000165406
10,45551064,10,45454585,45594906,ENSG00000165406
10,45551262,10,45454585,45594906,ENSG00000165406
10,45552008,10,45454585,45594906,ENSG00000165406
10,45552486,10,45454585,45594906,ENSG00000165406
10,45552605,10,45454585,45594906,ENSG00000165406
10,45552630,10,45454585,45594906,ENSG00000165406
10,45552781,10,45454585,45594906,ENSG00000165406
10,45553470,10,45454585,45594906,ENSG00000165406
10,45553646,10,45454585,45594906,ENSG00000165406
10,45555241,10,45454585,45594906,ENSG00000165406
10,45555285,10,45454585,45594906,ENSG00000165406
10,45555953,10,45454585,45594906,ENSG00000165406
10,45555960,10,45454585,45594906,ENSG00000165406
10,45556457,10,45454585,45594906,ENSG00000165406
10,45557613,10,45454585,45594906,ENSG00000165406
10,45560293,10,45454585,45594906,ENSG00000165406
10,45560681,10,45454585,45594906,ENSG00000165406
10,45564219,10,45454585,45594906,ENSG00000165406
10,45568807,10,45454585,45594906,ENSG00000165406
10,45568841,10,45454585,45594906,ENSG00000165406
10,45570714,10,45454585,45594906,ENSG00000165406
10,45571579,10,45454585,45594906,ENSG00000165406
10,45571637,10,45454585,45594906,ENSG00000165406
10,45572537,10,45454585,45594906,ENSG00000165406
10,45572647,10,45454585,45594906,ENSG00000165406
10,45573138,10,45454585,45594906,ENSG00000165406
10,45573488,10,45454585,45594906,ENSG00000165406
10,45573988,10,45454585,45594906,ENSG00000165406
10,45574105,10,45454585,45594906,ENSG00000165406
10,45574183,10,45454585,45594906,ENSG00000165406
10,45574375,10,45454585,45594906,ENSG00000165406
10,45574447,10,45454585,45594906,ENSG00000165406
10,45574711,10,45454585,45594906,ENSG00000165406
10,45574879,10,45454585,45594906,ENSG00000165406
10,45575579,10,45454585,45594906,ENSG00000165406
10,45575694,10,45454585,45594906,ENSG00000165406
10,45576519,10,45454585,45594906,ENSG00000165406
10,45576640,10,45454585,45594906,ENSG00000165406
10,45577640,10,45454585,45594906,ENSG00000165406
10,45578738,10,45454585,45594906,ENSG00000165406
10,45578881,10,45454585,45594906,ENSG00000165406
10,45580748,10,45454585,45594906,ENSG00000165406
10,45580788,10,45454585,45594906,ENSG00000165406
10,45580900,10,45454585,45594906,ENSG00000165406
10,45584065,10,45454585,45594906,ENSG00000165406
10,45584385,10,45454585,45594906,ENSG00000165406
10,45584585,10,45454585,45594906,ENSG00000165406
10,45584793,10,45454585,45594906,ENSG00000165406
10,45585169,10,45454585,45594906,ENSG00000165406
10,45585271,10,45454585,45594906,ENSG00000165406
10,45585648,10,45454585,45594906,ENSG00000165406
10,45585653,10,45454585,45594906,ENSG00000165406
10,45585910,10,45454585,45594906,ENSG00000165406
10,45586140,10,45454585,45594906,ENSG00000165406
10,45586289,10,45454585,45594906,ENSG00000165406
10,45586296,10,45454585,45594906,ENSG00000165406
10,45586595,10,45454585,45594906,ENSG00000165406
10,45587050,10,45454585,45594906,ENSG00000165406
10,45587068,10,45454585,45594906,ENSG00000165406
10,45587421,10,45454585,45594906,ENSG00000165406
10,45588508,10,45454585,45594906,ENSG00000165406
10,45588860,10,45454585,45594906,ENSG00000165406
10,45589189,10,45454585,45594906,ENSG00000165406
10,45590418,10,45454585,45594906,ENSG00000165406
10,45590501,10,45454585,45594906,ENSG00000165406
10,45590945,10,45454585,45594906,ENSG00000165406
10,45591201,10,45454585,45594906,ENSG00000165406
10,45591406,10,45454585,45594906,ENSG00000165406
10,45591592,10,45454585,45594906,ENSG00000165406
10,45591926,10,45454585,45594906,ENSG00000165406
10,45591930,10,45454585,45594906,ENSG00000165406
10,45592071,10,45454585,45594906,ENSG00000165406
10,45592415,10,45454585,45594906,ENSG00000165406
10,45592604,10,45454585,45594906,ENSG00000165406
10,45592697,10,45454585,45594906,ENSG00000165406
10,45592711,10,45454585,45594906,ENSG00000165406
10,45593599,10,45454585,45594906,ENSG00000165406
10,45539501,10,45454585,45594906,ENSG00000165406
10,45517695,10,45454585,45594906,ENSG00000165406
10,45477163,10,45454585,45594906,ENSG00000165406
10,45564749,10,45454585,45594906,ENSG00000165406
14,34709091,14,34709113,34714823,ENSG00000165410
14,34711183,14,34709113,34714823,ENSG00000165410
14,34702012,14,34709113,34714823,ENSG00000165410
14,34715582,14,34709113,34714823,ENSG00000165410
14,34716383,14,34709113,34714823,ENSG00000165410
14,34707299,14,34709113,34714823,ENSG00000165410
14,34708045,14,34709113,34714823,ENSG00000165410
14,34708566,14,34709113,34714823,ENSG00000165410
14,34708780,14,34709113,34714823,ENSG00000165410
14,34702254,14,34709113,34714823,ENSG00000165410
14,34703760,14,34709113,34714823,ENSG00000165410
14,34706485,14,34709113,34714823,ENSG00000165410
14,34706514,14,34709113,34714823,ENSG00000165410
14,34718046,14,34709113,34714823,ENSG00000165410
14,49639131,14,49625174,49635244,ENSG00000165506
14,49629842,14,49625174,49635244,ENSG00000165506
14,49630141,14,49625174,49635244,ENSG00000165506
14,49630454,14,49625174,49635244,ENSG00000165506
14,49631144,14,49625174,49635244,ENSG00000165506
14,49631578,14,49625174,49635244,ENSG00000165506
14,49632178,14,49625174,49635244,ENSG00000165506
14,49632699,14,49625174,49635244,ENSG00000165506
14,49633668,14,49625174,49635244,ENSG00000165506
14,49634652,14,49625174,49635244,ENSG00000165506
14,49634964,14,49625174,49635244,ENSG00000165506
14,49635551,14,49625174,49635244,ENSG00000165506
14,49635809,14,49625174,49635244,ENSG00000165506
14,49635877,14,49625174,49635244,ENSG00000165506
14,49635955,14,49625174,49635244,ENSG00000165506
14,49637098,14,49625174,49635244,ENSG00000165506
10,12173181,10,12165330,12195891,ENSG00000165609
10,12164194,10,12165330,12195891,ENSG00000165609
10,12170187,10,12165330,12195891,ENSG00000165609
10,12167753,10,12165330,12195891,ENSG00000165609
11,47408641,11,47407132,47416496,ENSG00000165915
11,47413435,11,47407132,47416496,ENSG00000165915
11,47417893,11,47407132,47416496,ENSG00000165915
11,47402849,11,47407132,47416496,ENSG00000165915
11,47405405,11,47407132,47416496,ENSG00000165915
11,47407014,11,47407132,47416496,ENSG00000165915
11,47407694,11,47407132,47416496,ENSG00000165915
11,47410415,11,47407132,47416496,ENSG00000165915
11,47415852,11,47407132,47416496,ENSG00000165915
14,94098364,14,94081301,94103846,ENSG00000165948
14,94098573,14,94081301,94103846,ENSG00000165948
14,94098616,14,94081301,94103846,ENSG00000165948
14,94098804,14,94081301,94103846,ENSG00000165948
14,94099096,14,94081301,94103846,ENSG00000165948
14,94099132,14,94081301,94103846,ENSG00000165948
14,94099169,14,94081301,94103846,ENSG00000165948
14,94099332,14,94081301,94103846,ENSG00000165948
14,94099369,14,94081301,94103846,ENSG00000165948
14,94099372,14,94081301,94103846,ENSG00000165948
14,94099673,14,94081301,94103846,ENSG00000165948
14,94098372,14,94081301,94103846,ENSG00000165948
14,94097693,14,94081301,94103846,ENSG00000165948
14,94097712,14,94081301,94103846,ENSG00000165948
14,94098196,14,94081301,94103846,ENSG00000165948
14,94099847,14,94081301,94103846,ENSG00000165948
14,94099852,14,94081301,94103846,ENSG00000165948
14,94100213,14,94081301,94103846,ENSG00000165948
14,94097092,14,94081301,94103846,ENSG00000165948
14,94097689,14,94081301,94103846,ENSG00000165948
14,94100686,14,94081301,94103846,ENSG00000165948
14,94105432,14,94081301,94103846,ENSG00000165948
14,94103426,14,94081301,94103846,ENSG00000165948
14,94104424,14,94081301,94103846,ENSG00000165948
14,94102901,14,94081301,94103846,ENSG00000165948
14,94096554,14,94081301,94103846,ENSG00000165948
14,94096847,14,94081301,94103846,ENSG00000165948
14,94087717,14,94081301,94103846,ENSG00000165948
14,94106085,14,94081301,94103846,ENSG00000165948
14,94106106,14,94081301,94103846,ENSG00000165948
14,94106350,14,94081301,94103846,ENSG00000165948
14,94086611,14,94081301,94103846,ENSG00000165948
14,94100687,14,94081301,94103846,ENSG00000165948
14,94106403,14,94081301,94103846,ENSG00000165948
14,94105462,14,94081301,94103846,ENSG00000165948
14,94105764,14,94081301,94103846,ENSG00000165948
14,94107094,14,94081301,94103846,ENSG00000165948
14,94088204,14,94081301,94103846,ENSG00000165948
14,94097409,14,94081301,94103846,ENSG00000165948
14,94087082,14,94081301,94103846,ENSG00000165948
14,94092541,14,94081301,94103846,ENSG00000165948
14,94100329,14,94081301,94103846,ENSG00000165948
14,94111842,14,94104836,94116695,ENSG00000165949
14,94113839,14,94104836,94116695,ENSG00000165949
14,94113847,14,94104836,94116695,ENSG00000165949
14,94113853,14,94104836,94116695,ENSG00000165949
14,94115784,14,94104836,94116695,ENSG00000165949
14,94116280,14,94104836,94116695,ENSG00000165949
14,94117527,14,94104836,94116695,ENSG00000165949
14,94118072,14,94104836,94116695,ENSG00000165949
14,94118727,14,94104836,94116695,ENSG00000165949
14,94119668,14,94104836,94116695,ENSG00000165949
14,94121006,14,94104836,94116695,ENSG00000165949
14,94111816,14,94104836,94116695,ENSG00000165949
14,94104424,14,94104836,94116695,ENSG00000165949
14,94110591,14,94104836,94116695,ENSG00000165949
14,94099847,14,94104836,94116695,ENSG00000165949
14,94099852,14,94104836,94116695,ENSG00000165949
14,94100213,14,94104836,94116695,ENSG00000165949
14,94100686,14,94104836,94116695,ENSG00000165949
14,94106085,14,94104836,94116695,ENSG00000165949
14,94106106,14,94104836,94116695,ENSG00000165949
14,94106350,14,94104836,94116695,ENSG00000165949
14,94105432,14,94104836,94116695,ENSG00000165949
14,94103426,14,94104836,94116695,ENSG00000165949
14,94102901,14,94104836,94116695,ENSG00000165949
14,94117658,14,94104836,94116695,ENSG00000165949
14,94101737,14,94104836,94116695,ENSG00000165949
14,94105462,14,94104836,94116695,ENSG00000165949
14,94106403,14,94104836,94116695,ENSG00000165949
11,95803560,11,95789965,95832693,ENSG00000166037
15,40811599,15,40807086,40815084,ENSG00000166140
15,40811664,15,40807086,40815084,ENSG00000166140
15,40812676,15,40807086,40815084,ENSG00000166140
15,40808947,15,40807086,40815084,ENSG00000166140
15,40811095,15,40807086,40815084,ENSG00000166140
15,40815217,15,40807086,40815084,ENSG00000166140
15,40812503,15,40807086,40815084,ENSG00000166140
15,40806913,15,40807086,40815084,ENSG00000166140
15,40806965,15,40807086,40815084,ENSG00000166140
15,40807151,15,40807086,40815084,ENSG00000166140
15,40807701,15,40807086,40815084,ENSG00000166140
15,40804407,15,40807086,40815084,ENSG00000166140
15,40810469,15,40807086,40815084,ENSG00000166140
15,40818168,15,40807086,40815084,ENSG00000166140
15,40808926,15,40807086,40815084,ENSG00000166140
15,40813460,15,40807086,40815084,ENSG00000166140
15,40816541,15,40807086,40815084,ENSG00000166140
15,40819944,15,40807086,40815084,ENSG00000166140
15,40804724,15,40807086,40815084,ENSG00000166140
15,40805194,15,40807086,40815084,ENSG00000166140
15,40805307,15,40807086,40815084,ENSG00000166140
15,40806141,15,40807086,40815084,ENSG00000166140
15,40806156,15,40807086,40815084,ENSG00000166140
15,40806312,15,40807086,40815084,ENSG00000166140
15,40813728,15,40807086,40815084,ENSG00000166140
15,40804146,15,40807086,40815084,ENSG00000166140
15,40811542,15,40807086,40815084,ENSG00000166140
15,40803899,15,40807086,40815084,ENSG00000166140
11,43915662,11,43880811,43920274,ENSG00000166199
11,43918372,11,43880811,43920274,ENSG00000166199
11,43913167,11,43880811,43920274,ENSG00000166199
11,43911849,11,43880811,43920274,ENSG00000166199
18,74271474,18,74250846,74291973,ENSG00000166347
18,74273236,18,74250846,74291973,ENSG00000166347
18,74263875,18,74250846,74291973,ENSG00000166347
18,74263954,18,74250846,74291973,ENSG00000166347
18,74261636,18,74250846,74291973,ENSG00000166347
18,74264017,18,74250846,74291973,ENSG00000166347
18,74267889,18,74250846,74291973,ENSG00000166347
18,74273755,18,74250846,74291973,ENSG00000166347
18,74278135,18,74250846,74291973,ENSG00000166347
18,74262030,18,74250846,74291973,ENSG00000166347
18,74262836,18,74250846,74291973,ENSG00000166347
18,74278063,18,74250846,74291973,ENSG00000166347
18,74281150,18,74250846,74291973,ENSG00000166347
18,74264000,18,74250846,74291973,ENSG00000166347
18,74266264,18,74250846,74291973,ENSG00000166347
18,74275535,18,74250846,74291973,ENSG00000166347
18,74282394,18,74250846,74291973,ENSG00000166347
18,74257878,18,74250846,74291973,ENSG00000166347
18,74280673,18,74250846,74291973,ENSG00000166347
18,74249856,18,74250846,74291973,ENSG00000166347
18,74286356,18,74250846,74291973,ENSG00000166347
18,74288744,18,74250846,74291973,ENSG00000166347
18,74289595,18,74250846,74291973,ENSG00000166347
18,74290916,18,74250846,74291973,ENSG00000166347
18,74291333,18,74250846,74291973,ENSG00000166347
18,74294094,18,74250846,74291973,ENSG00000166347
18,74295004,18,74250846,74291973,ENSG00000166347
18,74296580,18,74250846,74291973,ENSG00000166347
18,74275909,18,74250846,74291973,ENSG00000166347
18,74280281,18,74250846,74291973,ENSG00000166347
18,74280463,18,74250846,74291973,ENSG00000166347
18,74278020,18,74250846,74291973,ENSG00000166347
18,74259946,18,74250846,74291973,ENSG00000166347
18,74258865,18,74250846,74291973,ENSG00000166347
18,74259541,18,74250846,74291973,ENSG00000166347
18,74252836,18,74250846,74291973,ENSG00000166347
18,74254601,18,74250846,74291973,ENSG00000166347
18,74257266,18,74250846,74291973,ENSG00000166347
18,74258634,18,74250846,74291973,ENSG00000166347
18,74256529,18,74250846,74291973,ENSG00000166347
18,74258332,18,74250846,74291973,ENSG00000166347
18,74281040,18,74250846,74291973,ENSG00000166347
18,74263523,18,74250846,74291973,ENSG00000166347
18,74261485,18,74250846,74291973,ENSG00000166347
18,74269229,18,74250846,74291973,ENSG00000166347
18,74246483,18,74250846,74291973,ENSG00000166347
18,74248352,18,74250846,74291973,ENSG00000166347
18,74251366,18,74250846,74291973,ENSG00000166347
18,74246762,18,74250846,74291973,ENSG00000166347
18,74264235,18,74250846,74291973,ENSG00000166347
18,74250422,18,74250846,74291973,ENSG00000166347
18,74247618,18,74250846,74291973,ENSG00000166347
18,74248438,18,74250846,74291973,ENSG00000166347
18,74248820,18,74250846,74291973,ENSG00000166347
18,74250615,18,74250846,74291973,ENSG00000166347
18,74275960,18,74250846,74291973,ENSG00000166347
11,7675360,11,7665100,7677222,ENSG00000166394
11,7676946,11,7665100,7677222,ENSG00000166394
11,74892136,11,74807739,74949200,ENSG00000166435
11,74900390,11,74807739,74949200,ENSG00000166435
11,74907656,11,74807739,74949200,ENSG00000166435
11,74907820,11,74807739,74949200,ENSG00000166435
11,74915321,11,74807739,74949200,ENSG00000166435
11,74931506,11,74807739,74949200,ENSG00000166435
11,74935168,11,74807739,74949200,ENSG00000166435
11,74948744,11,74807739,74949200,ENSG00000166435
11,74948888,11,74807739,74949200,ENSG00000166435
11,74949098,11,74807739,74949200,ENSG00000166435
11,74948257,11,74807739,74949200,ENSG00000166435
11,74893722,11,74807739,74949200,ENSG00000166435
11,74849072,11,74807739,74949200,ENSG00000166435
11,74848401,11,74807739,74949200,ENSG00000166435
11,74858894,11,74807739,74949200,ENSG00000166435
11,74869920,11,74807739,74949200,ENSG00000166435
11,74803558,11,74807739,74949200,ENSG00000166435
11,74814807,11,74807739,74949200,ENSG00000166435
11,74847534,11,74807739,74949200,ENSG00000166435
11,74852032,11,74807739,74949200,ENSG00000166435
11,74868704,11,74807739,74949200,ENSG00000166435
11,74870974,11,74807739,74949200,ENSG00000166435
11,74888549,11,74807739,74949200,ENSG00000166435
11,74848436,11,74807739,74949200,ENSG00000166435
11,74842789,11,74807739,74949200,ENSG00000166435
11,74861527,11,74807739,74949200,ENSG00000166435
11,74848863,11,74807739,74949200,ENSG00000166435
11,74861965,11,74807739,74949200,ENSG00000166435
11,74846640,11,74807739,74949200,ENSG00000166435
11,74882089,11,74807739,74949200,ENSG00000166435
11,74931205,11,74807739,74949200,ENSG00000166435
11,74909755,11,74807739,74949200,ENSG00000166435
11,74912052,11,74807739,74949200,ENSG00000166435
11,74914952,11,74807739,74949200,ENSG00000166435
11,74919208,11,74807739,74949200,ENSG00000166435
11,74926032,11,74807739,74949200,ENSG00000166435
11,74944062,11,74807739,74949200,ENSG00000166435
11,74949247,11,74807739,74949200,ENSG00000166435
11,74811326,11,74807739,74949200,ENSG00000166435
11,74811328,11,74807739,74949200,ENSG00000166435
11,8917272,11,8911139,8920084,ENSG00000166452
12,103942349,12,103930107,103953931,ENSG00000166598
12,103943444,12,103930107,103953931,ENSG00000166598
12,103945236,12,103930107,103953931,ENSG00000166598
12,103945832,12,103930107,103953931,ENSG00000166598
12,103946200,12,103930107,103953931,ENSG00000166598
12,103946426,12,103930107,103953931,ENSG00000166598
12,103947237,12,103930107,103953931,ENSG00000166598
12,103947325,12,103930107,103953931,ENSG00000166598
12,103947620,12,103930107,103953931,ENSG00000166598
12,103948182,12,103930107,103953931,ENSG00000166598
12,103948341,12,103930107,103953931,ENSG00000166598
12,103949185,12,103930107,103953931,ENSG00000166598
12,103950188,12,103930107,103953931,ENSG00000166598
12,103950416,12,103930107,103953931,ENSG00000166598
12,103951345,12,103930107,103953931,ENSG00000166598
12,103952179,12,103930107,103953931,ENSG00000166598
12,103952301,12,103930107,103953931,ENSG00000166598
12,103952641,12,103930107,103953931,ENSG00000166598
12,103952686,12,103930107,103953931,ENSG00000166598
12,103954652,12,103930107,103953931,ENSG00000166598
12,103955910,12,103930107,103953931,ENSG00000166598
12,103957073,12,103930107,103953931,ENSG00000166598
12,103940088,12,103930107,103953931,ENSG00000166598
12,103944659,12,103930107,103953931,ENSG00000166598
12,103946448,12,103930107,103953931,ENSG00000166598
12,103948534,12,103930107,103953931,ENSG00000166598
12,103950316,12,103930107,103953931,ENSG00000166598
12,103940415,12,103930107,103953931,ENSG00000166598
12,103951278,12,103930107,103953931,ENSG00000166598
12,103930404,12,103930107,103953931,ENSG00000166598
12,103927095,12,103930107,103953931,ENSG00000166598
12,103927098,12,103930107,103953931,ENSG00000166598
12,103931333,12,103930107,103953931,ENSG00000166598
12,103948026,12,103930107,103953931,ENSG00000166598
12,103949737,12,103930107,103953931,ENSG00000166598
12,103954668,12,103930107,103953931,ENSG00000166598
12,103955370,12,103930107,103953931,ENSG00000166598
12,103958300,12,103930107,103953931,ENSG00000166598
12,103933213,12,103930107,103953931,ENSG00000166598
16,10769557,16,10760919,10818794,ENSG00000166676
16,10776040,16,10760919,10818794,ENSG00000166676
16,10769107,16,10760919,10818794,ENSG00000166676
16,10770702,16,10760919,10818794,ENSG00000166676
16,10772288,16,10760919,10818794,ENSG00000166676
16,10769829,16,10760919,10818794,ENSG00000166676
16,10770493,16,10760919,10818794,ENSG00000166676
16,10770647,16,10760919,10818794,ENSG00000166676
16,10771919,16,10760919,10818794,ENSG00000166676
16,10771502,16,10760919,10818794,ENSG00000166676
16,10766722,16,10760919,10818794,ENSG00000166676
16,10771087,16,10760919,10818794,ENSG00000166676
16,10764945,16,10760919,10818794,ENSG00000166676
16,10767401,16,10760919,10818794,ENSG00000166676
16,10767483,16,10760919,10818794,ENSG00000166676
16,10761882,16,10760919,10818794,ENSG00000166676
16,10757503,16,10760919,10818794,ENSG00000166676
16,10759197,16,10760919,10818794,ENSG00000166676
16,10768374,16,10760919,10818794,ENSG00000166676
16,10776243,16,10760919,10818794,ENSG00000166676
16,10765755,16,10760919,10818794,ENSG00000166676
16,10762330,16,10760919,10818794,ENSG00000166676
16,10768057,16,10760919,10818794,ENSG00000166676
16,10768850,16,10760919,10818794,ENSG00000166676
16,10758317,16,10760919,10818794,ENSG00000166676
15,43631757,15,43628503,43668118,ENSG00000166762
15,43633835,15,43628503,43668118,ENSG00000166762
15,43636872,15,43628503,43668118,ENSG00000166762
15,43632936,15,43628503,43668118,ENSG00000166762
15,43632937,15,43628503,43668118,ENSG00000166762
15,43632942,15,43628503,43668118,ENSG00000166762
15,43632949,15,43628503,43668118,ENSG00000166762
15,43654682,15,43628503,43668118,ENSG00000166762
15,43631976,15,43628503,43668118,ENSG00000166762
15,43628290,15,43628503,43668118,ENSG00000166762
15,43628473,15,43628503,43668118,ENSG00000166762
15,43626883,15,43628503,43668118,ENSG00000166762
15,43628480,15,43628503,43668118,ENSG00000166762
15,43643905,15,43628503,43668118,ENSG00000166762
15,43646409,15,43628503,43668118,ENSG00000166762
15,43646484,15,43628503,43668118,ENSG00000166762
15,43649524,15,43628503,43668118,ENSG00000166762
15,43629805,15,43628503,43668118,ENSG00000166762
15,43653473,15,43628503,43668118,ENSG00000166762
15,43650072,15,43628503,43668118,ENSG00000166762
19,56481892,19,56439325,56478065,ENSG00000166770
19,56483415,19,56439325,56478065,ENSG00000166770
19,56484331,19,56439325,56478065,ENSG00000166770
19,56472523,19,56439325,56478065,ENSG00000166770
19,56472909,19,56439325,56478065,ENSG00000166770
19,56473006,19,56439325,56478065,ENSG00000166770
19,56474027,19,56439325,56478065,ENSG00000166770
19,56475169,19,56439325,56478065,ENSG00000166770
19,56496279,19,56439325,56478065,ENSG00000166770
19,56479166,19,56439325,56478065,ENSG00000166770
19,56476061,19,56439325,56478065,ENSG00000166770
19,56475537,19,56439325,56478065,ENSG00000166770
19,56475663,19,56439325,56478065,ENSG00000166770
19,56475803,19,56439325,56478065,ENSG00000166770
19,56481569,19,56439325,56478065,ENSG00000166770
19,56481669,19,56439325,56478065,ENSG00000166770
19,56481793,19,56439325,56478065,ENSG00000166770
19,56482472,19,56439325,56478065,ENSG00000166770
19,56482929,19,56439325,56478065,ENSG00000166770
19,56476670,19,56439325,56478065,ENSG00000166770
19,56472619,19,56439325,56478065,ENSG00000166770
19,56473401,19,56439325,56478065,ENSG00000166770
19,56477588,19,56439325,56478065,ENSG00000166770
19,56477822,19,56439325,56478065,ENSG00000166770
19,56488228,19,56439325,56478065,ENSG00000166770
19,56484595,19,56439325,56478065,ENSG00000166770
19,56490937,19,56439325,56478065,ENSG00000166770
19,56492568,19,56439325,56478065,ENSG00000166770
19,56494700,19,56439325,56478065,ENSG00000166770
19,56496765,19,56439325,56478065,ENSG00000166770
19,56480101,19,56439325,56478065,ENSG00000166770
16,75112813,16,75111860,75116780,ENSG00000166816
16,75110367,16,75111860,75116780,ENSG00000166816
16,75111922,16,75111860,75116780,ENSG00000166816
16,75121386,16,75111860,75116780,ENSG00000166816
16,75119133,16,75111860,75116780,ENSG00000166816
15,64944678,15,64911902,64958691,ENSG00000166839
15,64963363,15,64911902,64958691,ENSG00000166839
15,64957462,15,64911902,64958691,ENSG00000166839
15,64945410,15,64911902,64958691,ENSG00000166839
15,64949598,15,64911902,64958691,ENSG00000166839
15,64950264,15,64911902,64958691,ENSG00000166839
15,64939705,15,64911902,64958691,ENSG00000166839
15,64940557,15,64911902,64958691,ENSG00000166839
12,57095865,12,57095408,57132139,ENSG00000166888
15,66301130,15,66293217,66333898,ENSG00000166938
15,66307758,15,66293217,66333898,ENSG00000166938
15,66307759,15,66293217,66333898,ENSG00000166938
15,66308079,15,66293217,66333898,ENSG00000166938
15,66333810,15,66293217,66333898,ENSG00000166938
15,66336536,15,66293217,66333898,ENSG00000166938
15,66295243,15,66293217,66333898,ENSG00000166938
15,66321658,15,66293217,66333898,ENSG00000166938
15,66319741,15,66293217,66333898,ENSG00000166938
15,66320627,15,66293217,66333898,ENSG00000166938
15,66316393,15,66293217,66333898,ENSG00000166938
15,66330099,15,66293217,66333898,ENSG00000166938
15,66338231,15,66293217,66333898,ENSG00000166938
15,66335339,15,66293217,66333898,ENSG00000166938
15,66320480,15,66293217,66333898,ENSG00000166938
15,66321691,15,66293217,66333898,ENSG00000166938
15,66325047,15,66293217,66333898,ENSG00000166938
15,66326004,15,66293217,66333898,ENSG00000166938
15,66308916,15,66293217,66333898,ENSG00000166938
15,66302169,15,66293217,66333898,ENSG00000166938
15,66296373,15,66293217,66333898,ENSG00000166938
12,120575345,12,120578764,120581402,ENSG00000167272
12,120577038,12,120578764,120581402,ENSG00000167272
12,120578108,12,120578764,120581402,ENSG00000167272
12,120578411,12,120578764,120581402,ENSG00000167272
12,120579461,12,120578764,120581402,ENSG00000167272
12,120580258,12,120578764,120581402,ENSG00000167272
12,120580619,12,120578764,120581402,ENSG00000167272
12,120581059,12,120578764,120581402,ENSG00000167272
12,120582631,12,120578764,120581402,ENSG00000167272
12,120583811,12,120578764,120581402,ENSG00000167272
12,120585686,12,120578764,120581402,ENSG00000167272
12,120582447,12,120578764,120581402,ENSG00000167272
12,120577873,12,120578764,120581402,ENSG00000167272
12,120579440,12,120578764,120581402,ENSG00000167272
12,120579671,12,120578764,120581402,ENSG00000167272
12,120581831,12,120578764,120581402,ENSG00000167272
12,120582889,12,120578764,120581402,ENSG00000167272
12,120583403,12,120578764,120581402,ENSG00000167272
12,120584296,12,120578764,120581402,ENSG00000167272
12,120584472,12,120578764,120581402,ENSG00000167272
12,120584837,12,120578764,120581402,ENSG00000167272
12,120586229,12,120578764,120581402,ENSG00000167272
17,82745504,17,82735615,82751196,ENSG00000167363
17,82749052,17,82735615,82751196,ENSG00000167363
17,82749567,17,82735615,82751196,ENSG00000167363
17,82750020,17,82735615,82751196,ENSG00000167363
17,82744627,17,82735615,82751196,ENSG00000167363
17,82745887,17,82735615,82751196,ENSG00000167363
17,82747694,17,82735615,82751196,ENSG00000167363
16,89558166,16,89560677,89567834,ENSG00000167526
16,89561052,16,89560677,89567834,ENSG00000167526
16,89561263,16,89560677,89567834,ENSG00000167526
16,89561973,16,89560677,89567834,ENSG00000167526
16,89562462,16,89560677,89567834,ENSG00000167526
16,89562662,16,89560677,89567834,ENSG00000167526
16,89563328,16,89560677,89567834,ENSG00000167526
16,89563411,16,89560677,89567834,ENSG00000167526
16,89563520,16,89560677,89567834,ENSG00000167526
16,89563684,16,89560677,89567834,ENSG00000167526
16,89563804,16,89560677,89567834,ENSG00000167526
16,89564222,16,89560677,89567834,ENSG00000167526
16,89565257,16,89560677,89567834,ENSG00000167526
16,89557582,16,89560677,89567834,ENSG00000167526
16,89562213,16,89560677,89567834,ENSG00000167526
16,89563372,16,89560677,89567834,ENSG00000167526
16,89563903,16,89560677,89567834,ENSG00000167526
16,89556116,16,89560677,89567834,ENSG00000167526
16,89564778,16,89560677,89567834,ENSG00000167526
17,29570113,17,29566052,29573157,ENSG00000167543
17,29571810,17,29566052,29573157,ENSG00000167543
17,29568510,17,29566052,29573157,ENSG00000167543
17,29570567,17,29566052,29573157,ENSG00000167543
17,29577967,17,29566052,29573157,ENSG00000167543
17,29574957,17,29566052,29573157,ENSG00000167543
19,40779611,19,40778216,40796942,ENSG00000167578
19,40785214,19,40778216,40796942,ENSG00000167578
19,40783492,19,40778216,40796942,ENSG00000167578
19,40786499,19,40778216,40796942,ENSG00000167578
16,2205221,16,2204248,2209453,ENSG00000167965
16,2206046,16,2204248,2209453,ENSG00000167965
16,2207104,16,2204248,2209453,ENSG00000167965
16,2206325,16,2204248,2209453,ENSG00000167965
16,2206460,16,2204248,2209453,ENSG00000167965
16,2199324,16,2204248,2209453,ENSG00000167965
16,2199409,16,2204248,2209453,ENSG00000167965
16,2212065,16,2204248,2209453,ENSG00000167965
16,2212924,16,2204248,2209453,ENSG00000167965
16,2213145,16,2204248,2209453,ENSG00000167965
16,2211656,16,2204248,2209453,ENSG00000167965
16,2208037,16,2204248,2209453,ENSG00000167965
16,2211682,16,2204248,2209453,ENSG00000167965
16,2200730,16,2204248,2209453,ENSG00000167965
16,2211328,16,2204248,2209453,ENSG00000167965
16,2203772,16,2204248,2209453,ENSG00000167965
16,2213506,16,2204248,2209453,ENSG00000167965
16,2201392,16,2204248,2209453,ENSG00000167965
16,2201395,16,2204248,2209453,ENSG00000167965
16,2201404,16,2204248,2209453,ENSG00000167965
16,2201406,16,2204248,2209453,ENSG00000167965
16,2200974,16,2204248,2209453,ENSG00000167965
16,2203917,16,2204248,2209453,ENSG00000167965
16,2213515,16,2204248,2209453,ENSG00000167965
16,2209190,16,2204248,2209453,ENSG00000167965
16,2210566,16,2204248,2209453,ENSG00000167965
16,2211471,16,2204248,2209453,ENSG00000167965
16,2212112,16,2204248,2209453,ENSG00000167965
16,2199375,16,2204248,2209453,ENSG00000167965
16,2209765,16,2204248,2209453,ENSG00000167965
16,2210934,16,2204248,2209453,ENSG00000167965
3,41264572,3,41194741,41260096,ENSG00000168036
3,41252216,3,41194741,41260096,ENSG00000168036
3,41256032,3,41194741,41260096,ENSG00000168036
3,41257152,3,41194741,41260096,ENSG00000168036
7,102565644,7,102537918,102572653,ENSG00000168255
7,102566579,7,102537918,102572653,ENSG00000168255
7,102542124,7,102537918,102572653,ENSG00000168255
3,52538040,3,52524385,52535054,ENSG00000168268
3,52538431,3,52524385,52535054,ENSG00000168268
3,52524117,3,52524385,52535054,ENSG00000168268
3,58399268,3,58332880,58426127,ENSG00000168297
3,58400233,3,58332880,58426127,ENSG00000168297
3,58400894,3,58332880,58426127,ENSG00000168297
3,58405401,3,58332880,58426127,ENSG00000168297
3,58398264,3,58332880,58426127,ENSG00000168297
3,58398356,3,58332880,58426127,ENSG00000168297
3,58399048,3,58332880,58426127,ENSG00000168297
3,58401753,3,58332880,58426127,ENSG00000168297
3,58401807,3,58332880,58426127,ENSG00000168297
3,58402050,3,58332880,58426127,ENSG00000168297
3,58402299,3,58332880,58426127,ENSG00000168297
3,58402726,3,58332880,58426127,ENSG00000168297
3,58403735,3,58332880,58426127,ENSG00000168297
3,58404082,3,58332880,58426127,ENSG00000168297
3,58404521,3,58332880,58426127,ENSG00000168297
3,58404763,3,58332880,58426127,ENSG00000168297
3,58405117,3,58332880,58426127,ENSG00000168297
3,58405838,3,58332880,58426127,ENSG00000168297
3,58406076,3,58332880,58426127,ENSG00000168297
3,58407503,3,58332880,58426127,ENSG00000168297
3,58409123,3,58332880,58426127,ENSG00000168297
3,58410387,3,58332880,58426127,ENSG00000168297
3,58411375,3,58332880,58426127,ENSG00000168297
3,58411415,3,58332880,58426127,ENSG00000168297
3,58411460,3,58332880,58426127,ENSG00000168297
3,58412309,3,58332880,58426127,ENSG00000168297
3,58412591,3,58332880,58426127,ENSG00000168297
3,58412720,3,58332880,58426127,ENSG00000168297
3,58413611,3,58332880,58426127,ENSG00000168297
3,58413672,3,58332880,58426127,ENSG00000168297
3,58413784,3,58332880,58426127,ENSG00000168297
3,58414616,3,58332880,58426127,ENSG00000168297
3,58414687,3,58332880,58426127,ENSG00000168297
3,58415753,3,58332880,58426127,ENSG00000168297
3,58417603,3,58332880,58426127,ENSG00000168297
3,58417883,3,58332880,58426127,ENSG00000168297
3,58418369,3,58332880,58426127,ENSG00000168297
3,58418628,3,58332880,58426127,ENSG00000168297
3,58418820,3,58332880,58426127,ENSG00000168297
3,58419449,3,58332880,58426127,ENSG00000168297
3,58419704,3,58332880,58426127,ENSG00000168297
3,58419846,3,58332880,58426127,ENSG00000168297
3,58420220,3,58332880,58426127,ENSG00000168297
3,58420277,3,58332880,58426127,ENSG00000168297
3,58421109,3,58332880,58426127,ENSG00000168297
3,58423573,3,58332880,58426127,ENSG00000168297
3,58423973,3,58332880,58426127,ENSG00000168297
3,58424827,3,58332880,58426127,ENSG00000168297
3,58425361,3,58332880,58426127,ENSG00000168297
3,58427942,3,58332880,58426127,ENSG00000168297
3,58429536,3,58332880,58426127,ENSG00000168297
3,58430808,3,58332880,58426127,ENSG00000168297
3,58423809,3,58332880,58426127,ENSG00000168297
3,58422952,3,58332880,58426127,ENSG00000168297
3,58372990,3,58332880,58426127,ENSG00000168297
3,58373141,3,58332880,58426127,ENSG00000168297
3,58373240,3,58332880,58426127,ENSG00000168297
3,58374600,3,58332880,58426127,ENSG00000168297
3,58375034,3,58332880,58426127,ENSG00000168297
3,58375073,3,58332880,58426127,ENSG00000168297
3,58375790,3,58332880,58426127,ENSG00000168297
3,58375803,3,58332880,58426127,ENSG00000168297
3,58375876,3,58332880,58426127,ENSG00000168297
3,58375989,3,58332880,58426127,ENSG00000168297
3,58376860,3,58332880,58426127,ENSG00000168297
3,58377644,3,58332880,58426127,ENSG00000168297
3,58377705,3,58332880,58426127,ENSG00000168297
3,58379419,3,58332880,58426127,ENSG00000168297
3,58379544,3,58332880,58426127,ENSG00000168297
3,58379781,3,58332880,58426127,ENSG00000168297
3,58380401,3,58332880,58426127,ENSG00000168297
3,58380693,3,58332880,58426127,ENSG00000168297
3,58381978,3,58332880,58426127,ENSG00000168297
3,58382722,3,58332880,58426127,ENSG00000168297
3,58383597,3,58332880,58426127,ENSG00000168297
3,58384170,3,58332880,58426127,ENSG00000168297
3,58384185,3,58332880,58426127,ENSG00000168297
3,58384319,3,58332880,58426127,ENSG00000168297
3,58386018,3,58332880,58426127,ENSG00000168297
3,58386043,3,58332880,58426127,ENSG00000168297
3,58386781,3,58332880,58426127,ENSG00000168297
3,58387524,3,58332880,58426127,ENSG00000168297
3,58387940,3,58332880,58426127,ENSG00000168297
3,58387989,3,58332880,58426127,ENSG00000168297
3,58388288,3,58332880,58426127,ENSG00000168297
3,58388302,3,58332880,58426127,ENSG00000168297
3,58388806,3,58332880,58426127,ENSG00000168297
3,58389166,3,58332880,58426127,ENSG00000168297
3,58391432,3,58332880,58426127,ENSG00000168297
3,58392352,3,58332880,58426127,ENSG00000168297
3,58393057,3,58332880,58426127,ENSG00000168297
3,58393097,3,58332880,58426127,ENSG00000168297
3,58393396,3,58332880,58426127,ENSG00000168297
3,58393416,3,58332880,58426127,ENSG00000168297
3,58393570,3,58332880,58426127,ENSG00000168297
3,58393833,3,58332880,58426127,ENSG00000168297
3,58393859,3,58332880,58426127,ENSG00000168297
3,58394371,3,58332880,58426127,ENSG00000168297
3,58394842,3,58332880,58426127,ENSG00000168297
3,58396431,3,58332880,58426127,ENSG00000168297
3,58397119,3,58332880,58426127,ENSG00000168297
3,58412048,3,58332880,58426127,ENSG00000168297
3,58427791,3,58332880,58426127,ENSG00000168297
3,58392479,3,58332880,58426127,ENSG00000168297
3,58373296,3,58332880,58426127,ENSG00000168297
3,58419909,3,58332880,58426127,ENSG00000168297
3,58381766,3,58332880,58426127,ENSG00000168297
3,58382919,3,58332880,58426127,ENSG00000168297
3,58391265,3,58332880,58426127,ENSG00000168297
3,58396527,3,58332880,58426127,ENSG00000168297
3,58403393,3,58332880,58426127,ENSG00000168297
3,58406497,3,58332880,58426127,ENSG00000168297
3,58410136,3,58332880,58426127,ENSG00000168297
3,58413291,3,58332880,58426127,ENSG00000168297
3,58417409,3,58332880,58426127,ENSG00000168297
3,58427681,3,58332880,58426127,ENSG00000168297
3,58346341,3,58332880,58426127,ENSG00000168297
3,58346816,3,58332880,58426127,ENSG00000168297
3,58347528,3,58332880,58426127,ENSG00000168297
3,58349581,3,58332880,58426127,ENSG00000168297
3,58350474,3,58332880,58426127,ENSG00000168297
3,58350868,3,58332880,58426127,ENSG00000168297
3,58352106,3,58332880,58426127,ENSG00000168297
3,58397447,3,58332880,58426127,ENSG00000168297
3,58374124,3,58332880,58426127,ENSG00000168297
3,58414159,3,58332880,58426127,ENSG00000168297
3,58417315,3,58332880,58426127,ENSG00000168297
3,58373231,3,58332880,58426127,ENSG00000168297
3,58340526,3,58332880,58426127,ENSG00000168297
3,58334231,3,58332880,58426127,ENSG00000168297
3,58335980,3,58332880,58426127,ENSG00000168297
3,58328597,3,58332880,58426127,ENSG00000168297
2,241725564,2,241687085,241729478,ENSG00000168395
2,241728478,2,241687085,241729478,ENSG00000168395
2,241705436,2,241687085,241729478,ENSG00000168395
2,241725905,2,241687085,241729478,ENSG00000168395
2,241709130,2,241687085,241729478,ENSG00000168395
2,241709134,2,241687085,241729478,ENSG00000168395
2,241724524,2,241687085,241729478,ENSG00000168395
2,241726757,2,241687085,241729478,ENSG00000168395
2,241726779,2,241687085,241729478,ENSG00000168395
2,241728479,2,241687085,241729478,ENSG00000168395
2,241729120,2,241687085,241729478,ENSG00000168395
2,241705313,2,241687085,241729478,ENSG00000168395
2,241702616,2,241687085,241729478,ENSG00000168395
2,241697674,2,241687085,241729478,ENSG00000168395
2,241697997,2,241687085,241729478,ENSG00000168395
2,241699172,2,241687085,241729478,ENSG00000168395
2,241701549,2,241687085,241729478,ENSG00000168395
2,241701572,2,241687085,241729478,ENSG00000168395
2,241690114,2,241687085,241729478,ENSG00000168395
2,241690633,2,241687085,241729478,ENSG00000168395
2,241694707,2,241687085,241729478,ENSG00000168395
2,241696944,2,241687085,241729478,ENSG00000168395
2,241726187,2,241687085,241729478,ENSG00000168395
2,241728673,2,241687085,241729478,ENSG00000168395
2,241686520,2,241687085,241729478,ENSG00000168395
2,241703438,2,241687085,241729478,ENSG00000168395
2,241704937,2,241687085,241729478,ENSG00000168395
2,241707109,2,241687085,241729478,ENSG00000168395
2,241708353,2,241687085,241729478,ENSG00000168395
2,241713433,2,241687085,241729478,ENSG00000168395
2,241713883,2,241687085,241729478,ENSG00000168395
2,241715445,2,241687085,241729478,ENSG00000168395
2,241719364,2,241687085,241729478,ENSG00000168395
2,241720591,2,241687085,241729478,ENSG00000168395
2,241721273,2,241687085,241729478,ENSG00000168395
2,241721946,2,241687085,241729478,ENSG00000168395
2,241724277,2,241687085,241729478,ENSG00000168395
2,241718847,2,241687085,241729478,ENSG00000168395
2,241719100,2,241687085,241729478,ENSG00000168395
2,241728674,2,241687085,241729478,ENSG00000168395
2,241718732,2,241687085,241729478,ENSG00000168395
2,241703966,2,241687085,241729478,ENSG00000168395
2,241713410,2,241687085,241729478,ENSG00000168395
2,241709982,2,241687085,241729478,ENSG00000168395
2,241706935,2,241687085,241729478,ENSG00000168395
2,241687407,2,241687085,241729478,ENSG00000168395
2,241707051,2,241687085,241729478,ENSG00000168395
2,241707227,2,241687085,241729478,ENSG00000168395
2,241711219,2,241687085,241729478,ENSG00000168395
2,241724769,2,241687085,241729478,ENSG00000168395
2,241724783,2,241687085,241729478,ENSG00000168395
2,241691572,2,241687085,241729478,ENSG00000168395
2,241723346,2,241687085,241729478,ENSG00000168395
2,241728635,2,241687085,241729478,ENSG00000168395
2,241693041,2,241687085,241729478,ENSG00000168395
2,241693485,2,241687085,241729478,ENSG00000168395
2,241698948,2,241687085,241729478,ENSG00000168395
2,241699649,2,241687085,241729478,ENSG00000168395
2,241699895,2,241687085,241729478,ENSG00000168395
2,241700059,2,241687085,241729478,ENSG00000168395
2,241727645,2,241687085,241729478,ENSG00000168395
2,241706051,2,241687085,241729478,ENSG00000168395
2,241694008,2,241687085,241729478,ENSG00000168395
2,241691528,2,241687085,241729478,ENSG00000168395
2,241691265,2,241687085,241729478,ENSG00000168395
2,241691542,2,241687085,241729478,ENSG00000168395
2,241692164,2,241687085,241729478,ENSG00000168395
2,241685998,2,241687085,241729478,ENSG00000168395
2,241686319,2,241687085,241729478,ENSG00000168395
2,241688300,2,241687085,241729478,ENSG00000168395
2,241688523,2,241687085,241729478,ENSG00000168395
2,241688663,2,241687085,241729478,ENSG00000168395
2,241688711,2,241687085,241729478,ENSG00000168395
2,241689048,2,241687085,241729478,ENSG00000168395
2,241689353,2,241687085,241729478,ENSG00000168395
2,241691550,2,241687085,241729478,ENSG00000168395
2,241691561,2,241687085,241729478,ENSG00000168395
2,241731853,2,241687085,241729478,ENSG00000168395
2,241707989,2,241687085,241729478,ENSG00000168395
2,241687674,2,241687085,241729478,ENSG00000168395
2,241687682,2,241687085,241729478,ENSG00000168395
2,241687064,2,241687085,241729478,ENSG00000168395
2,241687526,2,241687085,241729478,ENSG00000168395
2,241687550,2,241687085,241729478,ENSG00000168395
2,241730885,2,241687085,241729478,ENSG00000168395
2,241710378,2,241687085,241729478,ENSG00000168395
16,23392189,16,23388493,23453189,ENSG00000168434
16,23385792,16,23388493,23453189,ENSG00000168434
16,23388733,16,23388493,23453189,ENSG00000168434
16,23400516,16,23388493,23453189,ENSG00000168434
16,23400783,16,23388493,23453189,ENSG00000168434
16,23399012,16,23388493,23453189,ENSG00000168434
16,23399098,16,23388493,23453189,ENSG00000168434
16,23446262,16,23388493,23453189,ENSG00000168434
16,23388873,16,23388493,23453189,ENSG00000168434
16,23455006,16,23388493,23453189,ENSG00000168434
16,23447164,16,23388493,23453189,ENSG00000168434
16,23450433,16,23388493,23453189,ENSG00000168434
16,23450734,16,23388493,23453189,ENSG00000168434
16,23455860,16,23388493,23453189,ENSG00000168434
16,23391710,16,23388493,23453189,ENSG00000168434
6,32108722,6,32041153,32115334,ENSG00000168477
6,32064966,6,32041153,32115334,ENSG00000168477
6,32103860,6,32041153,32115334,ENSG00000168477
8,22163875,8,22156913,22164479,ENSG00000168484
8,22251098,8,22245133,22254601,ENSG00000168495
1,39022880,1,39026318,39034636,ENSG00000168653
1,39036169,1,39026318,39034636,ENSG00000168653
1,39021492,1,39026318,39034636,ENSG00000168653
1,39021550,1,39026318,39034636,ENSG00000168653
1,39022127,1,39026318,39034636,ENSG00000168653
1,39022211,1,39026318,39034636,ENSG00000168653
1,39032222,1,39026318,39034636,ENSG00000168653
1,39038355,1,39026318,39034636,ENSG00000168653
1,39022339,1,39026318,39034636,ENSG00000168653
1,39024826,1,39026318,39034636,ENSG00000168653
1,39036496,1,39026318,39034636,ENSG00000168653
1,39030645,1,39026318,39034636,ENSG00000168653
1,39035604,1,39026318,39034636,ENSG00000168653
1,39036972,1,39026318,39034636,ENSG00000168653
19,34927278,19,34926903,34945170,ENSG00000168661
19,34927289,19,34926903,34945170,ENSG00000168661
19,34922431,19,34926903,34945170,ENSG00000168661
19,34945763,19,34926903,34945170,ENSG00000168661
19,34946363,19,34926903,34945170,ENSG00000168661
19,34947034,19,34926903,34945170,ENSG00000168661
19,34947962,19,34926903,34945170,ENSG00000168661
19,34948686,19,34926903,34945170,ENSG00000168661
19,34949229,19,34926903,34945170,ENSG00000168661
19,34949324,19,34926903,34945170,ENSG00000168661
19,34950055,19,34926903,34945170,ENSG00000168661
19,34927191,19,34926903,34945170,ENSG00000168661
19,34931904,19,34926903,34945170,ENSG00000168661
19,34933089,19,34926903,34945170,ENSG00000168661
19,34933125,19,34926903,34945170,ENSG00000168661
19,34935218,19,34926903,34945170,ENSG00000168661
19,34922051,19,34926903,34945170,ENSG00000168661
19,34922573,19,34926903,34945170,ENSG00000168661
19,34922794,19,34926903,34945170,ENSG00000168661
19,34925928,19,34926903,34945170,ENSG00000168661
19,34938170,19,34926903,34945170,ENSG00000168661
19,34938194,19,34926903,34945170,ENSG00000168661
19,34938693,19,34926903,34945170,ENSG00000168661
19,34938926,19,34926903,34945170,ENSG00000168661
19,34939851,19,34926903,34945170,ENSG00000168661
19,34923303,19,34926903,34945170,ENSG00000168661
5,34930282,5,34929559,34958964,ENSG00000168724
1,109657738,1,109656099,109665496,ENSG00000168765
2,85649101,2,85602856,85649283,ENSG00000168883
2,85599009,2,85602856,85649283,ENSG00000168883
2,85600891,2,85602856,85649283,ENSG00000168883
2,85619962,2,85602856,85649283,ENSG00000168883
2,85626340,2,85602856,85649283,ENSG00000168883
2,85627353,2,85602856,85649283,ENSG00000168883
2,85646921,2,85602856,85649283,ENSG00000168883
2,85633105,2,85602856,85649283,ENSG00000168883
2,85626892,2,85602856,85649283,ENSG00000168883
2,85642017,2,85602856,85649283,ENSG00000168883
2,85651035,2,85602856,85649283,ENSG00000168883
4,1719927,4,1715952,1721358,ENSG00000168936
4,1725876,4,1715952,1721358,ENSG00000168936
4,1711859,4,1715952,1721358,ENSG00000168936
17,27639694,17,27629798,27649560,ENSG00000168961
17,27641274,17,27629798,27649560,ENSG00000168961
17,27643395,17,27629798,27649560,ENSG00000168961
17,27644032,17,27629798,27649560,ENSG00000168961
17,27644201,17,27629798,27649560,ENSG00000168961
17,27641917,17,27629798,27649560,ENSG00000168961
17,27643607,17,27629798,27649560,ENSG00000168961
17,27643697,17,27629798,27649560,ENSG00000168961
17,27643752,17,27629798,27649560,ENSG00000168961
17,27643821,17,27629798,27649560,ENSG00000168961
17,27643961,17,27629798,27649560,ENSG00000168961
17,27644769,17,27629798,27649560,ENSG00000168961
17,27644952,17,27629798,27649560,ENSG00000168961
17,27644953,17,27629798,27649560,ENSG00000168961
17,27646177,17,27629798,27649560,ENSG00000168961
17,27641186,17,27629798,27649560,ENSG00000168961
17,27651464,17,27629798,27649560,ENSG00000168961
17,27653523,17,27629798,27649560,ENSG00000168961
17,27647574,17,27629798,27649560,ENSG00000168961
17,27651176,17,27629798,27649560,ENSG00000168961
17,27637643,17,27629798,27649560,ENSG00000168961
17,27636291,17,27629798,27649560,ENSG00000168961
17,27636666,17,27629798,27649560,ENSG00000168961
17,27637660,17,27629798,27649560,ENSG00000168961
17,27637753,17,27629798,27649560,ENSG00000168961
17,27651515,17,27629798,27649560,ENSG00000168961
17,27636118,17,27629798,27649560,ENSG00000168961
17,27631765,17,27629798,27649560,ENSG00000168961
17,27650456,17,27629798,27649560,ENSG00000168961
17,27631548,17,27629798,27649560,ENSG00000168961
17,27632329,17,27629798,27649560,ENSG00000168961
17,27633297,17,27629798,27649560,ENSG00000168961
17,27634451,17,27629798,27649560,ENSG00000168961
17,27649770,17,27629798,27649560,ENSG00000168961
17,27652190,17,27629798,27649560,ENSG00000168961
17,27652198,17,27629798,27649560,ENSG00000168961
17,27653385,17,27629798,27649560,ENSG00000168961
17,27644924,17,27629798,27649560,ENSG00000168961
17,27644925,17,27629798,27649560,ENSG00000168961
17,27647519,17,27629798,27649560,ENSG00000168961
17,27650828,17,27629798,27649560,ENSG00000168961
17,27650408,17,27629798,27649560,ENSG00000168961
17,27637218,17,27629798,27649560,ENSG00000168961
17,27627330,17,27629798,27649560,ENSG00000168961
17,27624903,17,27629798,27649560,ENSG00000168961
13,114301189,13,114281601,114305817,ENSG00000169062
13,114300826,13,114281601,114305817,ENSG00000169062
1,155122648,1,155127876,155134899,ENSG00000169242
1,155122682,1,155127876,155134899,ENSG00000169242
1,155122824,1,155127876,155134899,ENSG00000169242
1,155123125,1,155127876,155134899,ENSG00000169242
15,75606655,15,75598083,75626469,ENSG00000169371
15,75609282,15,75598083,75626469,ENSG00000169371
15,75609285,15,75598083,75626469,ENSG00000169371
15,75610128,15,75598083,75626469,ENSG00000169371
15,75610781,15,75598083,75626469,ENSG00000169371
15,75610907,15,75598083,75626469,ENSG00000169371
15,75613337,15,75598083,75626469,ENSG00000169371
15,75613411,15,75598083,75626469,ENSG00000169371
15,75614485,15,75598083,75626469,ENSG00000169371
15,75611354,15,75598083,75626469,ENSG00000169371
15,75624624,15,75598083,75626469,ENSG00000169371
15,75620358,15,75598083,75626469,ENSG00000169371
15,75620593,15,75598083,75626469,ENSG00000169371
15,75621089,15,75598083,75626469,ENSG00000169371
15,75622408,15,75598083,75626469,ENSG00000169371
15,75625615,15,75598083,75626469,ENSG00000169371
15,75625731,15,75598083,75626469,ENSG00000169371
15,75625957,15,75598083,75626469,ENSG00000169371
15,75628738,15,75598083,75626469,ENSG00000169371
15,75628787,15,75598083,75626469,ENSG00000169371
15,75631038,15,75598083,75626469,ENSG00000169371
15,75601885,15,75598083,75626469,ENSG00000169371
15,75593179,15,75598083,75626469,ENSG00000169371
15,75593986,15,75598083,75626469,ENSG00000169371
15,75595064,15,75598083,75626469,ENSG00000169371
15,75596375,15,75598083,75626469,ENSG00000169371
15,75598271,15,75598083,75626469,ENSG00000169371
15,75598348,15,75598083,75626469,ENSG00000169371
15,75599908,15,75598083,75626469,ENSG00000169371
15,75602105,15,75598083,75626469,ENSG00000169371
15,75603565,15,75598083,75626469,ENSG00000169371
15,75604660,15,75598083,75626469,ENSG00000169371
15,75604802,15,75598083,75626469,ENSG00000169371
15,75605669,15,75598083,75626469,ENSG00000169371
15,75606255,15,75598083,75626469,ENSG00000169371
15,75606636,15,75598083,75626469,ENSG00000169371
15,75608036,15,75598083,75626469,ENSG00000169371
15,75603237,15,75598083,75626469,ENSG00000169371
8,38989496,8,38988808,38996824,ENSG00000169490
8,38989632,8,38988808,38996824,ENSG00000169490
8,38989660,8,38988808,38996824,ENSG00000169490
8,38995750,8,38988808,38996824,ENSG00000169490
8,38996464,8,38988808,38996824,ENSG00000169490
8,38992502,8,38988808,38996824,ENSG00000169490
8,38998328,8,38988808,38996824,ENSG00000169490
8,38996101,8,38988808,38996824,ENSG00000169490
8,38997543,8,38988808,38996824,ENSG00000169490
8,38987491,8,38988808,38996824,ENSG00000169490
8,38984036,8,38988808,38996824,ENSG00000169490
8,38984069,8,38988808,38996824,ENSG00000169490
8,38984104,8,38988808,38996824,ENSG00000169490
8,38984291,8,38988808,38996824,ENSG00000169490
8,38988119,8,38988808,38996824,ENSG00000169490
8,38988197,8,38988808,38996824,ENSG00000169490
8,38985320,8,38988808,38996824,ENSG00000169490
5,131157469,5,131155383,131224468,ENSG00000169567
5,131160096,5,131155383,131224468,ENSG00000169567
5,131161735,5,131155383,131224468,ENSG00000169567
5,131163642,5,131155383,131224468,ENSG00000169567
5,131165058,5,131155383,131224468,ENSG00000169567
5,131172396,5,131155383,131224468,ENSG00000169567
15,82986974,15,82988441,83011641,ENSG00000169609
15,82995767,15,82988441,83011641,ENSG00000169609
15,82994347,15,82988441,83011641,ENSG00000169609
17,82035336,17,82035136,82037709,ENSG00000169738
17,82037740,17,82035136,82037709,ENSG00000169738
17,82038499,17,82035136,82037709,ENSG00000169738
17,82038648,17,82035136,82037709,ENSG00000169738
17,82038870,17,82035136,82037709,ENSG00000169738
17,82040555,17,82035136,82037709,ENSG00000169738
17,82040958,17,82035136,82037709,ENSG00000169738
2,63850171,2,63840952,63891562,ENSG00000169764
5,177706125,5,177707981,177784435,ENSG00000170074
5,177706245,5,177707981,177784435,ENSG00000170074
5,177706448,5,177707981,177784435,ENSG00000170074
5,177714009,5,177707981,177784435,ENSG00000170074
5,177714053,5,177707981,177784435,ENSG00000170074
5,177715300,5,177707981,177784435,ENSG00000170074
5,177716348,5,177707981,177784435,ENSG00000170074
5,177722764,5,177707981,177784435,ENSG00000170074
5,177733283,5,177707981,177784435,ENSG00000170074
5,177737490,5,177707981,177784435,ENSG00000170074
5,177738732,5,177707981,177784435,ENSG00000170074
5,177739052,5,177707981,177784435,ENSG00000170074
5,177746096,5,177707981,177784435,ENSG00000170074
5,177747236,5,177707981,177784435,ENSG00000170074
5,177754971,5,177707981,177784435,ENSG00000170074
5,177785356,5,177707981,177784435,ENSG00000170074
5,177785381,5,177707981,177784435,ENSG00000170074
5,177708319,5,177707981,177784435,ENSG00000170074
5,177710193,5,177707981,177784435,ENSG00000170074
5,177755176,5,177707981,177784435,ENSG00000170074
5,177703494,5,177707981,177784435,ENSG00000170074
5,177779204,5,177707981,177784435,ENSG00000170074
5,177735131,5,177707981,177784435,ENSG00000170074
5,177738130,5,177707981,177784435,ENSG00000170074
5,177759443,5,177707981,177784435,ENSG00000170074
5,177755266,5,177707981,177784435,ENSG00000170074
5,177785932,5,177707981,177784435,ENSG00000170074
5,177755817,5,177707981,177784435,ENSG00000170074
5,177782381,5,177707981,177784435,ENSG00000170074
5,177734997,5,177707981,177784435,ENSG00000170074
5,177760012,5,177707981,177784435,ENSG00000170074
5,177725638,5,177707981,177784435,ENSG00000170074
5,177757540,5,177707981,177784435,ENSG00000170074
5,177728668,5,177707981,177784435,ENSG00000170074
5,177715557,5,177707981,177784435,ENSG00000170074
5,177754013,5,177707981,177784435,ENSG00000170074
5,177754106,5,177707981,177784435,ENSG00000170074
5,177755585,5,177707981,177784435,ENSG00000170074
5,177761131,5,177707981,177784435,ENSG00000170074
5,177715324,5,177707981,177784435,ENSG00000170074
5,177738667,5,177707981,177784435,ENSG00000170074
5,177787013,5,177707981,177784435,ENSG00000170074
5,177786113,5,177707981,177784435,ENSG00000170074
5,177724455,5,177707981,177784435,ENSG00000170074
5,177713873,5,177707981,177784435,ENSG00000170074
5,177755593,5,177707981,177784435,ENSG00000170074
5,160223609,5,160187367,160238735,ENSG00000170231
5,154832925,5,154818492,154859252,ENSG00000170271
5,154820703,5,154818492,154859252,ENSG00000170271
5,154821052,5,154818492,154859252,ENSG00000170271
5,154836741,5,154818492,154859252,ENSG00000170271
5,154842997,5,154818492,154859252,ENSG00000170271
17,7247233,17,7251416,7259940,ENSG00000170291
17,7247792,17,7251416,7259940,ENSG00000170291
17,7251215,17,7251416,7259940,ENSG00000170291
17,7251737,17,7251416,7259940,ENSG00000170291
17,7251819,17,7251416,7259940,ENSG00000170291
17,7252867,17,7251416,7259940,ENSG00000170291
17,7253128,17,7251416,7259940,ENSG00000170291
17,7254027,17,7251416,7259940,ENSG00000170291
17,7254197,17,7251416,7259940,ENSG00000170291
17,7254884,17,7251416,7259940,ENSG00000170291
17,7258292,17,7251416,7259940,ENSG00000170291
17,7258309,17,7251416,7259940,ENSG00000170291
17,7262076,17,7251416,7259940,ENSG00000170291
17,7263613,17,7251416,7259940,ENSG00000170291
17,7261244,17,7251416,7259940,ENSG00000170291
17,7257205,17,7251416,7259940,ENSG00000170291
17,7259132,17,7251416,7259940,ENSG00000170291
17,7260420,17,7251416,7259940,ENSG00000170291
17,15967087,17,15945130,15975746,ENSG00000170425
17,15967294,17,15945130,15975746,ENSG00000170425
17,15971833,17,15945130,15975746,ENSG00000170425
17,15973341,17,15945130,15975746,ENSG00000170425
17,15975989,17,15945130,15975746,ENSG00000170425
17,15976020,17,15945130,15975746,ENSG00000170425
17,15976596,17,15945130,15975746,ENSG00000170425
17,15977837,17,15945130,15975746,ENSG00000170425
17,15978414,17,15945130,15975746,ENSG00000170425
17,15978426,17,15945130,15975746,ENSG00000170425
17,15978502,17,15945130,15975746,ENSG00000170425
17,15979608,17,15945130,15975746,ENSG00000170425
17,15969961,17,15945130,15975746,ENSG00000170425
17,15974060,17,15945130,15975746,ENSG00000170425
17,15967894,17,15945130,15975746,ENSG00000170425
17,15972621,17,15945130,15975746,ENSG00000170425
17,15980653,17,15945130,15975746,ENSG00000170425
17,15980495,17,15945130,15975746,ENSG00000170425
17,15964977,17,15945130,15975746,ENSG00000170425
17,15964911,17,15945130,15975746,ENSG00000170425
5,163443242,5,163446526,163460404,ENSG00000170584
5,163448395,5,163446526,163460404,ENSG00000170584
5,163457239,5,163446526,163460404,ENSG00000170584
5,163458839,5,163446526,163460404,ENSG00000170584
5,163459022,5,163446526,163460404,ENSG00000170584
5,163446501,5,163446526,163460404,ENSG00000170584
5,163449830,5,163446526,163460404,ENSG00000170584
5,163458816,5,163446526,163460404,ENSG00000170584
5,163462276,5,163446526,163460404,ENSG00000170584
5,163449731,5,163446526,163460404,ENSG00000170584
22,50182937,22,50185913,50199598,ENSG00000170638
22,50183004,22,50185913,50199598,ENSG00000170638
22,50183520,22,50185913,50199598,ENSG00000170638
22,50183523,22,50185913,50199598,ENSG00000170638
7,32871844,7,32868172,32894131,ENSG00000170852
7,32873298,7,32868172,32894131,ENSG00000170852
7,32873783,7,32868172,32894131,ENSG00000170852
7,32874000,7,32868172,32894131,ENSG00000170852
7,32875353,7,32868172,32894131,ENSG00000170852
7,32875592,7,32868172,32894131,ENSG00000170852
7,32877041,7,32868172,32894131,ENSG00000170852
7,32877176,7,32868172,32894131,ENSG00000170852
7,32877264,7,32868172,32894131,ENSG00000170852
7,32882219,7,32868172,32894131,ENSG00000170852
7,32883759,7,32868172,32894131,ENSG00000170852
7,32888115,7,32868172,32894131,ENSG00000170852
7,32890092,7,32868172,32894131,ENSG00000170852
7,32892294,7,32868172,32894131,ENSG00000170852
7,32895215,7,32868172,32894131,ENSG00000170852
7,32895408,7,32868172,32894131,ENSG00000170852
7,32895612,7,32868172,32894131,ENSG00000170852
7,32895827,7,32868172,32894131,ENSG00000170852
7,32895912,7,32868172,32894131,ENSG00000170852
7,32896120,7,32868172,32894131,ENSG00000170852
7,32896778,7,32868172,32894131,ENSG00000170852
7,32898680,7,32868172,32894131,ENSG00000170852
19,54196804,19,54200809,54249003,ENSG00000170889
19,54196915,19,54200809,54249003,ENSG00000170889
19,54197981,19,54200809,54249003,ENSG00000170889
19,54197983,19,54200809,54249003,ENSG00000170889
19,54200366,19,54200809,54249003,ENSG00000170889
19,54200892,19,54200809,54249003,ENSG00000170889
19,54201449,19,54200809,54249003,ENSG00000170889
19,54201472,19,54200809,54249003,ENSG00000170889
19,54201720,19,54200809,54249003,ENSG00000170889
19,54201773,19,54200809,54249003,ENSG00000170889
19,54202044,19,54200809,54249003,ENSG00000170889
19,54202060,19,54200809,54249003,ENSG00000170889
19,54202174,19,54200809,54249003,ENSG00000170889
19,54202220,19,54200809,54249003,ENSG00000170889
19,54202236,19,54200809,54249003,ENSG00000170889
19,54202259,19,54200809,54249003,ENSG00000170889
19,54202289,19,54200809,54249003,ENSG00000170889
19,54202411,19,54200809,54249003,ENSG00000170889
19,54202554,19,54200809,54249003,ENSG00000170889
19,54202575,19,54200809,54249003,ENSG00000170889
19,54202812,19,54200809,54249003,ENSG00000170889
19,54202904,19,54200809,54249003,ENSG00000170889
19,54202959,19,54200809,54249003,ENSG00000170889
19,54203122,19,54200809,54249003,ENSG00000170889
19,54203491,19,54200809,54249003,ENSG00000170889
19,54203694,19,54200809,54249003,ENSG00000170889
19,54203708,19,54200809,54249003,ENSG00000170889
19,54203720,19,54200809,54249003,ENSG00000170889
19,54203954,19,54200809,54249003,ENSG00000170889
19,54204086,19,54200809,54249003,ENSG00000170889
19,54204209,19,54200809,54249003,ENSG00000170889
19,54204288,19,54200809,54249003,ENSG00000170889
19,54204290,19,54200809,54249003,ENSG00000170889
19,54204382,19,54200809,54249003,ENSG00000170889
19,54204531,19,54200809,54249003,ENSG00000170889
19,54204797,19,54200809,54249003,ENSG00000170889
19,54204837,19,54200809,54249003,ENSG00000170889
19,54205354,19,54200809,54249003,ENSG00000170889
19,54205375,19,54200809,54249003,ENSG00000170889
19,54205430,19,54200809,54249003,ENSG00000170889
19,54205509,19,54200809,54249003,ENSG00000170889
19,54205511,19,54200809,54249003,ENSG00000170889
19,54206014,19,54200809,54249003,ENSG00000170889
19,54206062,19,54200809,54249003,ENSG00000170889
19,54207164,19,54200809,54249003,ENSG00000170889
19,54207722,19,54200809,54249003,ENSG00000170889
19,54209282,19,54200809,54249003,ENSG00000170889
19,54209386,19,54200809,54249003,ENSG00000170889
19,54219486,19,54200809,54249003,ENSG00000170889
19,54219677,19,54200809,54249003,ENSG00000170889
19,54219944,19,54200809,54249003,ENSG00000170889
19,54219953,19,54200809,54249003,ENSG00000170889
19,54219954,19,54200809,54249003,ENSG00000170889
19,54220125,19,54200809,54249003,ENSG00000170889
19,54212794,19,54200809,54249003,ENSG00000170889
19,54211861,19,54200809,54249003,ENSG00000170889
19,54206805,19,54200809,54249003,ENSG00000170889
19,54203380,19,54200809,54249003,ENSG00000170889
19,54204261,19,54200809,54249003,ENSG00000170889
19,54204778,19,54200809,54249003,ENSG00000170889
19,54205460,19,54200809,54249003,ENSG00000170889
19,54205575,19,54200809,54249003,ENSG00000170889
19,54208113,19,54200809,54249003,ENSG00000170889
19,54229458,19,54200809,54249003,ENSG00000170889
19,54226640,19,54200809,54249003,ENSG00000170889
19,54227609,19,54200809,54249003,ENSG00000170889
19,54227689,19,54200809,54249003,ENSG00000170889
19,54228582,19,54200809,54249003,ENSG00000170889
19,54228674,19,54200809,54249003,ENSG00000170889
19,54228808,19,54200809,54249003,ENSG00000170889
19,54229545,19,54200809,54249003,ENSG00000170889
19,54229620,19,54200809,54249003,ENSG00000170889
19,54224751,19,54200809,54249003,ENSG00000170889
19,54224895,19,54200809,54249003,ENSG00000170889
19,54215989,19,54200809,54249003,ENSG00000170889
19,54229181,19,54200809,54249003,ENSG00000170889
19,54197855,19,54200809,54249003,ENSG00000170889
19,54226701,19,54200809,54249003,ENSG00000170889
19,54218406,19,54200809,54249003,ENSG00000170889
19,54221873,19,54200809,54249003,ENSG00000170889
19,54226794,19,54200809,54249003,ENSG00000170889
2,36586391,2,36531805,36646087,ENSG00000171055
2,36562614,2,36531805,36646087,ENSG00000171055
2,36562832,2,36531805,36646087,ENSG00000171055
2,36564083,2,36531805,36646087,ENSG00000171055
2,36584421,2,36531805,36646087,ENSG00000171055
2,36587058,2,36531805,36646087,ENSG00000171055
2,36555984,2,36531805,36646087,ENSG00000171055
2,36562870,2,36531805,36646087,ENSG00000171055
2,36565151,2,36531805,36646087,ENSG00000171055
2,36567518,2,36531805,36646087,ENSG00000171055
2,36587705,2,36531805,36646087,ENSG00000171055
2,36564041,2,36531805,36646087,ENSG00000171055
2,36555513,2,36531805,36646087,ENSG00000171055
2,36588050,2,36531805,36646087,ENSG00000171055
2,36586890,2,36531805,36646087,ENSG00000171055
2,36582924,2,36531805,36646087,ENSG00000171055
2,36582990,2,36531805,36646087,ENSG00000171055
2,36572204,2,36531805,36646087,ENSG00000171055
2,36576426,2,36531805,36646087,ENSG00000171055
2,36571272,2,36531805,36646087,ENSG00000171055
2,36554800,2,36531805,36646087,ENSG00000171055
2,36549128,2,36531805,36646087,ENSG00000171055
2,36557844,2,36531805,36646087,ENSG00000171055
2,36587658,2,36531805,36646087,ENSG00000171055
2,36553637,2,36531805,36646087,ENSG00000171055
2,36593077,2,36531805,36646087,ENSG00000171055
2,36545928,2,36531805,36646087,ENSG00000171055
2,36561473,2,36531805,36646087,ENSG00000171055
2,36562023,2,36531805,36646087,ENSG00000171055
2,36571769,2,36531805,36646087,ENSG00000171055
2,36568942,2,36531805,36646087,ENSG00000171055
2,36566810,2,36531805,36646087,ENSG00000171055
2,36567145,2,36531805,36646087,ENSG00000171055
2,36567173,2,36531805,36646087,ENSG00000171055
2,36580792,2,36531805,36646087,ENSG00000171055
2,36581207,2,36531805,36646087,ENSG00000171055
2,36553877,2,36531805,36646087,ENSG00000171055
2,36553995,2,36531805,36646087,ENSG00000171055
2,36554044,2,36531805,36646087,ENSG00000171055
2,36554258,2,36531805,36646087,ENSG00000171055
2,36565131,2,36531805,36646087,ENSG00000171055
2,36588884,2,36531805,36646087,ENSG00000171055
2,36585034,2,36531805,36646087,ENSG00000171055
2,36552463,2,36531805,36646087,ENSG00000171055
2,36552001,2,36531805,36646087,ENSG00000171055
2,36591234,2,36531805,36646087,ENSG00000171055
2,36583443,2,36531805,36646087,ENSG00000171055
2,36584324,2,36531805,36646087,ENSG00000171055
2,36553809,2,36531805,36646087,ENSG00000171055
2,36574175,2,36531805,36646087,ENSG00000171055
2,36551744,2,36531805,36646087,ENSG00000171055
2,36578908,2,36531805,36646087,ENSG00000171055
2,36579206,2,36531805,36646087,ENSG00000171055
2,36579215,2,36531805,36646087,ENSG00000171055
2,36579527,2,36531805,36646087,ENSG00000171055
2,36591627,2,36531805,36646087,ENSG00000171055
2,36590497,2,36531805,36646087,ENSG00000171055
2,36545560,2,36531805,36646087,ENSG00000171055
2,36576747,2,36531805,36646087,ENSG00000171055
2,36589116,2,36531805,36646087,ENSG00000171055
2,36577646,2,36531805,36646087,ENSG00000171055
2,36581762,2,36531805,36646087,ENSG00000171055
2,36571078,2,36531805,36646087,ENSG00000171055
2,36590009,2,36531805,36646087,ENSG00000171055
2,36575703,2,36531805,36646087,ENSG00000171055
2,36578878,2,36531805,36646087,ENSG00000171055
2,36569995,2,36531805,36646087,ENSG00000171055
2,36556456,2,36531805,36646087,ENSG00000171055
2,36583626,2,36531805,36646087,ENSG00000171055
2,36576297,2,36531805,36646087,ENSG00000171055
2,36578533,2,36531805,36646087,ENSG00000171055
2,36590361,2,36531805,36646087,ENSG00000171055
2,36590363,2,36531805,36646087,ENSG00000171055
2,36574714,2,36531805,36646087,ENSG00000171055
2,36541304,2,36531805,36646087,ENSG00000171055
2,36541305,2,36531805,36646087,ENSG00000171055
2,36553406,2,36531805,36646087,ENSG00000171055
2,36536358,2,36531805,36646087,ENSG00000171055
2,36543258,2,36531805,36646087,ENSG00000171055
2,36556072,2,36531805,36646087,ENSG00000171055
2,36541885,2,36531805,36646087,ENSG00000171055
2,36541886,2,36531805,36646087,ENSG00000171055
2,36550682,2,36531805,36646087,ENSG00000171055
2,36603517,2,36531805,36646087,ENSG00000171055
2,36536219,2,36531805,36646087,ENSG00000171055
2,36544166,2,36531805,36646087,ENSG00000171055
2,36605369,2,36531805,36646087,ENSG00000171055
2,36543431,2,36531805,36646087,ENSG00000171055
2,36602517,2,36531805,36646087,ENSG00000171055
2,36606890,2,36531805,36646087,ENSG00000171055
2,36536062,2,36531805,36646087,ENSG00000171055
2,36529766,2,36531805,36646087,ENSG00000171055
2,36574449,2,36531805,36646087,ENSG00000171055
2,36575739,2,36531805,36646087,ENSG00000171055
2,36575842,2,36531805,36646087,ENSG00000171055
2,36576720,2,36531805,36646087,ENSG00000171055
2,36576664,2,36531805,36646087,ENSG00000171055
2,36593247,2,36531805,36646087,ENSG00000171055
2,36574856,2,36531805,36646087,ENSG00000171055
2,36575659,2,36531805,36646087,ENSG00000171055
2,36576457,2,36531805,36646087,ENSG00000171055
2,36600732,2,36531805,36646087,ENSG00000171055
2,36600738,2,36531805,36646087,ENSG00000171055
2,36530206,2,36531805,36646087,ENSG00000171055
2,36599066,2,36531805,36646087,ENSG00000171055
2,36536477,2,36531805,36646087,ENSG00000171055
2,36534983,2,36531805,36646087,ENSG00000171055
2,36612842,2,36531805,36646087,ENSG00000171055
2,36603463,2,36531805,36646087,ENSG00000171055
2,36610691,2,36531805,36646087,ENSG00000171055
2,36595544,2,36531805,36646087,ENSG00000171055
2,36595754,2,36531805,36646087,ENSG00000171055
2,36595795,2,36531805,36646087,ENSG00000171055
2,36593944,2,36531805,36646087,ENSG00000171055
2,36596093,2,36531805,36646087,ENSG00000171055
2,36607564,2,36531805,36646087,ENSG00000171055
2,36594686,2,36531805,36646087,ENSG00000171055
11,68257082,11,68261338,68272001,ENSG00000171067
11,68262705,11,68261338,68272001,ENSG00000171067
11,68266788,11,68261338,68272001,ENSG00000171067
11,68267304,11,68261338,68272001,ENSG00000171067
7,149878549,7,149872968,149891204,ENSG00000171130
7,149878618,7,149872968,149891204,ENSG00000171130
7,149878636,7,149872968,149891204,ENSG00000171130
7,149878658,7,149872968,149891204,ENSG00000171130
7,149878795,7,149872968,149891204,ENSG00000171130
7,149879729,7,149872968,149891204,ENSG00000171130
7,149880072,7,149872968,149891204,ENSG00000171130
7,149880331,7,149872968,149891204,ENSG00000171130
7,149873604,7,149872968,149891204,ENSG00000171130
7,149877976,7,149872968,149891204,ENSG00000171130
7,149876964,7,149872968,149891204,ENSG00000171130
7,149881477,7,149872968,149891204,ENSG00000171130
7,149882859,7,149872968,149891204,ENSG00000171130
7,149878006,7,149872968,149891204,ENSG00000171130
7,149880847,7,149872968,149891204,ENSG00000171130
7,149881064,7,149872968,149891204,ENSG00000171130
7,149881068,7,149872968,149891204,ENSG00000171130
7,149881323,7,149872968,149891204,ENSG00000171130
7,149885658,7,149872968,149891204,ENSG00000171130
7,149876367,7,149872968,149891204,ENSG00000171130
7,149883065,7,149872968,149891204,ENSG00000171130
7,149876888,7,149872968,149891204,ENSG00000171130
7,149877179,7,149872968,149891204,ENSG00000171130
7,149876251,7,149872968,149891204,ENSG00000171130
7,149881860,7,149872968,149891204,ENSG00000171130
7,149882490,7,149872968,149891204,ENSG00000171130
7,149868074,7,149872968,149891204,ENSG00000171130
7,149871202,7,149872968,149891204,ENSG00000171130
7,149876464,7,149872968,149891204,ENSG00000171130
7,149875753,7,149872968,149891204,ENSG00000171130
7,149876204,7,149872968,149891204,ENSG00000171130
7,149876210,7,149872968,149891204,ENSG00000171130
7,149869086,7,149872968,149891204,ENSG00000171130
7,149871271,7,149872968,149891204,ENSG00000171130
7,149883279,7,149872968,149891204,ENSG00000171130
7,149870009,7,149872968,149891204,ENSG00000171130
7,149870667,7,149872968,149891204,ENSG00000171130
7,149871173,7,149872968,149891204,ENSG00000171130
7,149871814,7,149872968,149891204,ENSG00000171130
7,149872116,7,149872968,149891204,ENSG00000171130
7,149868400,7,149872968,149891204,ENSG00000171130
7,149882698,7,149872968,149891204,ENSG00000171130
7,149880502,7,149872968,149891204,ENSG00000171130
7,149870144,7,149872968,149891204,ENSG00000171130
1,248847970,1,248850006,248859144,ENSG00000171163
1,248850187,1,248850006,248859144,ENSG00000171163
1,248859244,1,248850006,248859144,ENSG00000171163
5,1804066,5,1798385,1801366,ENSG00000171421
5,1804416,5,1798385,1801366,ENSG00000171421
5,1795625,5,1798385,1801366,ENSG00000171421
5,1796699,5,1798385,1801366,ENSG00000171421
5,1799623,5,1798385,1801366,ENSG00000171421
5,1799628,5,1798385,1801366,ENSG00000171421
5,1799784,5,1798385,1801366,ENSG00000171421
5,1793947,5,1798385,1801366,ENSG00000171421
5,1799789,5,1798385,1801366,ENSG00000171421
5,1804817,5,1798385,1801366,ENSG00000171421
5,1800013,5,1798385,1801366,ENSG00000171421
4,56656484,4,56647989,56681877,ENSG00000171476
4,56656523,4,56647989,56681877,ENSG00000171476
4,56657703,4,56647989,56681877,ENSG00000171476
4,56655749,4,56647989,56681877,ENSG00000171476
4,56660063,4,56647989,56681877,ENSG00000171476
4,56655159,4,56647989,56681877,ENSG00000171476
4,56657491,4,56647989,56681877,ENSG00000171476
4,56657518,4,56647989,56681877,ENSG00000171476
4,56659095,4,56647989,56681877,ENSG00000171476
4,56649581,4,56647989,56681877,ENSG00000171476
4,56653929,4,56647989,56681877,ENSG00000171476
4,56654209,4,56647989,56681877,ENSG00000171476
4,56655142,4,56647989,56681877,ENSG00000171476
4,56655246,4,56647989,56681877,ENSG00000171476
4,56655320,4,56647989,56681877,ENSG00000171476
4,56655563,4,56647989,56681877,ENSG00000171476
4,56655582,4,56647989,56681877,ENSG00000171476
4,56655584,4,56647989,56681877,ENSG00000171476
4,56655594,4,56647989,56681877,ENSG00000171476
4,56655661,4,56647989,56681877,ENSG00000171476
4,56655806,4,56647989,56681877,ENSG00000171476
4,56656054,4,56647989,56681877,ENSG00000171476
4,56656480,4,56647989,56681877,ENSG00000171476
4,56657173,4,56647989,56681877,ENSG00000171476
4,56653833,4,56647989,56681877,ENSG00000171476
4,56651955,4,56647989,56681877,ENSG00000171476
4,56649542,4,56647989,56681877,ENSG00000171476
4,56645338,4,56647989,56681877,ENSG00000171476
4,56659503,4,56647989,56681877,ENSG00000171476
4,56650730,4,56647989,56681877,ENSG00000171476
4,56644352,4,56647989,56681877,ENSG00000171476
1,121303539,1,121184811,121392874,ENSG00000171943
1,121282785,1,121184811,121392874,ENSG00000171943
1,121263386,1,121184811,121392874,ENSG00000171943
1,121184715,1,121184811,121392874,ENSG00000171943
1,121296071,1,121184811,121392874,ENSG00000171943
1,121290274,1,121184811,121392874,ENSG00000171943
1,121375092,1,121184811,121392874,ENSG00000171943
1,121293336,1,121184811,121392874,ENSG00000171943
1,121314500,1,121184811,121392874,ENSG00000171943
1,121304546,1,121184811,121392874,ENSG00000171943
1,121353046,1,121184811,121392874,ENSG00000171943
1,121278270,1,121184811,121392874,ENSG00000171943
1,121284177,1,121184811,121392874,ENSG00000171943
1,121293777,1,121184811,121392874,ENSG00000171943
1,121299954,1,121184811,121392874,ENSG00000171943
1,121304933,1,121184811,121392874,ENSG00000171943
1,121307209,1,121184811,121392874,ENSG00000171943
1,121308832,1,121184811,121392874,ENSG00000171943
1,121314781,1,121184811,121392874,ENSG00000171943
1,121315228,1,121184811,121392874,ENSG00000171943
1,121317020,1,121184811,121392874,ENSG00000171943
1,121319114,1,121184811,121392874,ENSG00000171943
1,121343076,1,121184811,121392874,ENSG00000171943
1,121290438,1,121184811,121392874,ENSG00000171943
1,121191764,1,121184811,121392874,ENSG00000171943
1,121195497,1,121184811,121392874,ENSG00000171943
1,121204460,1,121184811,121392874,ENSG00000171943
1,121214089,1,121184811,121392874,ENSG00000171943
1,121218764,1,121184811,121392874,ENSG00000171943
1,121225830,1,121184811,121392874,ENSG00000171943
1,121229224,1,121184811,121392874,ENSG00000171943
1,121236273,1,121184811,121392874,ENSG00000171943
1,121335573,1,121184811,121392874,ENSG00000171943
1,121343435,1,121184811,121392874,ENSG00000171943
1,121305306,1,121184811,121392874,ENSG00000171943
1,121350624,1,121184811,121392874,ENSG00000171943
1,121248668,1,121184811,121392874,ENSG00000171943
1,121345816,1,121184811,121392874,ENSG00000171943
1,121347788,1,121184811,121392874,ENSG00000171943
1,121348638,1,121184811,121392874,ENSG00000171943
1,121375072,1,121184811,121392874,ENSG00000171943
1,121377950,1,121184811,121392874,ENSG00000171943
1,121378250,1,121184811,121392874,ENSG00000171943
1,121381444,1,121184811,121392874,ENSG00000171943
1,121381581,1,121184811,121392874,ENSG00000171943
1,121384736,1,121184811,121392874,ENSG00000171943
1,121389148,1,121184811,121392874,ENSG00000171943
1,121389175,1,121184811,121392874,ENSG00000171943
1,121390861,1,121184811,121392874,ENSG00000171943
1,121288128,1,121184811,121392874,ENSG00000171943
1,121202921,1,121184811,121392874,ENSG00000171943
1,121202793,1,121184811,121392874,ENSG00000171943
19,21383385,19,21358930,21388582,ENSG00000172687
19,21373919,19,21358930,21388582,ENSG00000172687
19,21374380,19,21358930,21388582,ENSG00000172687
19,21375734,19,21358930,21388582,ENSG00000172687
19,21363039,19,21358930,21388582,ENSG00000172687
19,21364327,19,21358930,21388582,ENSG00000172687
19,21366834,19,21358930,21388582,ENSG00000172687
19,21378706,19,21358930,21388582,ENSG00000172687
19,21367528,19,21358930,21388582,ENSG00000172687
19,21357676,19,21358930,21388582,ENSG00000172687
19,21358172,19,21358930,21388582,ENSG00000172687
19,21358540,19,21358930,21388582,ENSG00000172687
19,21358763,19,21358930,21388582,ENSG00000172687
19,21373952,19,21358930,21388582,ENSG00000172687
19,21355883,19,21358930,21388582,ENSG00000172687
19,21356738,19,21358930,21388582,ENSG00000172687
19,21357280,19,21358930,21388582,ENSG00000172687
19,21373915,19,21358930,21388582,ENSG00000172687
19,21383878,19,21358930,21388582,ENSG00000172687
19,21384220,19,21358930,21388582,ENSG00000172687
19,21360549,19,21358930,21388582,ENSG00000172687
19,21362215,19,21358930,21388582,ENSG00000172687
19,21368157,19,21358930,21388582,ENSG00000172687
19,21368489,19,21358930,21388582,ENSG00000172687
19,21368524,19,21358930,21388582,ENSG00000172687
19,21370545,19,21358930,21388582,ENSG00000172687
19,21370635,19,21358930,21388582,ENSG00000172687
19,21370963,19,21358930,21388582,ENSG00000172687
19,21372130,19,21358930,21388582,ENSG00000172687
19,21354039,19,21358930,21388582,ENSG00000172687
19,21355299,19,21358930,21388582,ENSG00000172687
19,21356491,19,21358930,21388582,ENSG00000172687
19,21356751,19,21358930,21388582,ENSG00000172687
19,21357033,19,21358930,21388582,ENSG00000172687
19,21357047,19,21358930,21388582,ENSG00000172687
19,21357382,19,21358930,21388582,ENSG00000172687
19,21357792,19,21358930,21388582,ENSG00000172687
19,21357885,19,21358930,21388582,ENSG00000172687
19,21358333,19,21358930,21388582,ENSG00000172687
19,21358353,19,21358930,21388582,ENSG00000172687
19,21358450,19,21358930,21388582,ENSG00000172687
19,21358819,19,21358930,21388582,ENSG00000172687
19,21359004,19,21358930,21388582,ENSG00000172687
19,21359410,19,21358930,21388582,ENSG00000172687
19,21359842,19,21358930,21388582,ENSG00000172687
19,21359986,19,21358930,21388582,ENSG00000172687
19,21360274,19,21358930,21388582,ENSG00000172687
19,21360602,19,21358930,21388582,ENSG00000172687
19,21360724,19,21358930,21388582,ENSG00000172687
19,21360941,19,21358930,21388582,ENSG00000172687
19,21361001,19,21358930,21388582,ENSG00000172687
19,21361014,19,21358930,21388582,ENSG00000172687
19,21361020,19,21358930,21388582,ENSG00000172687
19,21361056,19,21358930,21388582,ENSG00000172687
19,21361178,19,21358930,21388582,ENSG00000172687
19,21361261,19,21358930,21388582,ENSG00000172687
19,21361407,19,21358930,21388582,ENSG00000172687
19,21361440,19,21358930,21388582,ENSG00000172687
19,21361660,19,21358930,21388582,ENSG00000172687
19,21361664,19,21358930,21388582,ENSG00000172687
19,21361701,19,21358930,21388582,ENSG00000172687
19,21361712,19,21358930,21388582,ENSG00000172687
19,21361769,19,21358930,21388582,ENSG00000172687
19,21361912,19,21358930,21388582,ENSG00000172687
19,21363228,19,21358930,21388582,ENSG00000172687
19,21363749,19,21358930,21388582,ENSG00000172687
19,21363870,19,21358930,21388582,ENSG00000172687
19,21364060,19,21358930,21388582,ENSG00000172687
19,21364165,19,21358930,21388582,ENSG00000172687
19,21364269,19,21358930,21388582,ENSG00000172687
19,21365102,19,21358930,21388582,ENSG00000172687
19,21365409,19,21358930,21388582,ENSG00000172687
19,21365524,19,21358930,21388582,ENSG00000172687
19,21365723,19,21358930,21388582,ENSG00000172687
19,21365912,19,21358930,21388582,ENSG00000172687
19,21366160,19,21358930,21388582,ENSG00000172687
19,21366295,19,21358930,21388582,ENSG00000172687
19,21366300,19,21358930,21388582,ENSG00000172687
19,21367039,19,21358930,21388582,ENSG00000172687
19,21367077,19,21358930,21388582,ENSG00000172687
19,21367497,19,21358930,21388582,ENSG00000172687
19,21367639,19,21358930,21388582,ENSG00000172687
19,21367883,19,21358930,21388582,ENSG00000172687
19,21368042,19,21358930,21388582,ENSG00000172687
19,21368335,19,21358930,21388582,ENSG00000172687
19,21370063,19,21358930,21388582,ENSG00000172687
19,21371566,19,21358930,21388582,ENSG00000172687
19,21370388,19,21358930,21388582,ENSG00000172687
19,21370847,19,21358930,21388582,ENSG00000172687
19,21371296,19,21358930,21388582,ENSG00000172687
19,21371329,19,21358930,21388582,ENSG00000172687
19,21375033,19,21358930,21388582,ENSG00000172687
19,21382591,19,21358930,21388582,ENSG00000172687
19,21366866,19,21358930,21388582,ENSG00000172687
19,21370813,19,21358930,21388582,ENSG00000172687
19,21374653,19,21358930,21388582,ENSG00000172687
19,21380596,19,21358930,21388582,ENSG00000172687
11,71461737,11,71453109,71524107,ENSG00000172890
11,71460394,11,71453109,71524107,ENSG00000172890
11,71456989,11,71453109,71524107,ENSG00000172890
11,71454592,11,71453109,71524107,ENSG00000172890
11,71454898,11,71453109,71524107,ENSG00000172890
11,71456631,11,71453109,71524107,ENSG00000172890
11,71456719,11,71453109,71524107,ENSG00000172890
11,71458501,11,71453109,71524107,ENSG00000172890
11,71458602,11,71453109,71524107,ENSG00000172890
11,71450017,11,71453109,71524107,ENSG00000172890
11,71458997,11,71453109,71524107,ENSG00000172890
11,71459957,11,71453109,71524107,ENSG00000172890
11,71460124,11,71453109,71524107,ENSG00000172890
11,71462208,11,71453109,71524107,ENSG00000172890
11,71476248,11,71453109,71524107,ENSG00000172890
11,71471139,11,71453109,71524107,ENSG00000172890
11,71472428,11,71453109,71524107,ENSG00000172890
11,71472431,11,71453109,71524107,ENSG00000172890
11,71470039,11,71453109,71524107,ENSG00000172890
11,71463406,11,71453109,71524107,ENSG00000172890
11,71451739,11,71453109,71524107,ENSG00000172890
11,71452430,11,71453109,71524107,ENSG00000172890
11,71452973,11,71453109,71524107,ENSG00000172890
11,71453075,11,71453109,71524107,ENSG00000172890
11,71453425,11,71453109,71524107,ENSG00000172890
11,71453498,11,71453109,71524107,ENSG00000172890
11,71453919,11,71453109,71524107,ENSG00000172890
11,71454579,11,71453109,71524107,ENSG00000172890
11,71456403,11,71453109,71524107,ENSG00000172890
11,71457027,11,71453109,71524107,ENSG00000172890
11,71457188,11,71453109,71524107,ENSG00000172890
11,71457664,11,71453109,71524107,ENSG00000172890
11,71457669,11,71453109,71524107,ENSG00000172890
11,71459607,11,71453109,71524107,ENSG00000172890
11,71459724,11,71453109,71524107,ENSG00000172890
11,71459771,11,71453109,71524107,ENSG00000172890
11,71459859,11,71453109,71524107,ENSG00000172890
11,71460596,11,71453109,71524107,ENSG00000172890
11,71460697,11,71453109,71524107,ENSG00000172890
11,71450610,11,71453109,71524107,ENSG00000172890
11,71473144,11,71453109,71524107,ENSG00000172890
11,71462701,11,71453109,71524107,ENSG00000172890
11,71476633,11,71453109,71524107,ENSG00000172890
11,71492744,11,71453109,71524107,ENSG00000172890
11,71448718,11,71453109,71524107,ENSG00000172890
11,71475430,11,71453109,71524107,ENSG00000172890
11,71510202,11,71453109,71524107,ENSG00000172890
11,71511309,11,71453109,71524107,ENSG00000172890
11,71513357,11,71453109,71524107,ENSG00000172890
11,71514036,11,71453109,71524107,ENSG00000172890
11,71483153,11,71453109,71524107,ENSG00000172890
11,71477159,11,71453109,71524107,ENSG00000172890
11,71477243,11,71453109,71524107,ENSG00000172890
11,71478020,11,71453109,71524107,ENSG00000172890
11,71479111,11,71453109,71524107,ENSG00000172890
11,71479660,11,71453109,71524107,ENSG00000172890
11,71480492,11,71453109,71524107,ENSG00000172890
11,71480688,11,71453109,71524107,ENSG00000172890
11,71480771,11,71453109,71524107,ENSG00000172890
11,71481267,11,71453109,71524107,ENSG00000172890
11,71481320,11,71453109,71524107,ENSG00000172890
11,71481393,11,71453109,71524107,ENSG00000172890
11,71481770,11,71453109,71524107,ENSG00000172890
11,71482230,11,71453109,71524107,ENSG00000172890
11,71482340,11,71453109,71524107,ENSG00000172890
11,71482447,11,71453109,71524107,ENSG00000172890
11,71482457,11,71453109,71524107,ENSG00000172890
11,71483875,11,71453109,71524107,ENSG00000172890
11,71484886,11,71453109,71524107,ENSG00000172890
11,71485711,11,71453109,71524107,ENSG00000172890
11,71486488,11,71453109,71524107,ENSG00000172890
11,71487142,11,71453109,71524107,ENSG00000172890
11,71487347,11,71453109,71524107,ENSG00000172890
11,71488315,11,71453109,71524107,ENSG00000172890
11,71488608,11,71453109,71524107,ENSG00000172890
11,71488620,11,71453109,71524107,ENSG00000172890
11,71488690,11,71453109,71524107,ENSG00000172890
11,71488712,11,71453109,71524107,ENSG00000172890
11,71489443,11,71453109,71524107,ENSG00000172890
11,71489622,11,71453109,71524107,ENSG00000172890
11,71489914,11,71453109,71524107,ENSG00000172890
11,71489927,11,71453109,71524107,ENSG00000172890
11,71490152,11,71453109,71524107,ENSG00000172890
11,71491671,11,71453109,71524107,ENSG00000172890
11,71491998,11,71453109,71524107,ENSG00000172890
11,71492000,11,71453109,71524107,ENSG00000172890
11,71492693,11,71453109,71524107,ENSG00000172890
11,71493114,11,71453109,71524107,ENSG00000172890
11,71493593,11,71453109,71524107,ENSG00000172890
11,71493960,11,71453109,71524107,ENSG00000172890
11,71494036,11,71453109,71524107,ENSG00000172890
11,71494552,11,71453109,71524107,ENSG00000172890
11,71494554,11,71453109,71524107,ENSG00000172890
11,71495120,11,71453109,71524107,ENSG00000172890
11,71495320,11,71453109,71524107,ENSG00000172890
11,71495426,11,71453109,71524107,ENSG00000172890
11,71497829,11,71453109,71524107,ENSG00000172890
11,71498817,11,71453109,71524107,ENSG00000172890
11,71498907,11,71453109,71524107,ENSG00000172890
11,71500913,11,71453109,71524107,ENSG00000172890
11,71503298,11,71453109,71524107,ENSG00000172890
11,71503833,11,71453109,71524107,ENSG00000172890
11,71504436,11,71453109,71524107,ENSG00000172890
11,71508236,11,71453109,71524107,ENSG00000172890
11,71510539,11,71453109,71524107,ENSG00000172890
11,71513823,11,71453109,71524107,ENSG00000172890
11,71514348,11,71453109,71524107,ENSG00000172890
11,71516759,11,71453109,71524107,ENSG00000172890
11,71520033,11,71453109,71524107,ENSG00000172890
11,71506028,11,71453109,71524107,ENSG00000172890
11,71469133,11,71453109,71524107,ENSG00000172890
11,71481677,11,71453109,71524107,ENSG00000172890
11,71449349,11,71453109,71524107,ENSG00000172890
2,61189483,2,61177539,61186786,ENSG00000173209
2,61189486,2,61177539,61186786,ENSG00000173209
2,61177796,2,61177539,61186786,ENSG00000173209
2,61194884,2,61177539,61186786,ENSG00000173209
2,61191208,2,61177539,61186786,ENSG00000173209
2,61190010,2,61177539,61186786,ENSG00000173209
2,61185424,2,61177539,61186786,ENSG00000173209
2,61173292,2,61177539,61186786,ENSG00000173209
2,61190482,2,61177539,61186786,ENSG00000173209
2,61178660,2,61177539,61186786,ENSG00000173209
2,61173681,2,61177539,61186786,ENSG00000173209
2,61191968,2,61177539,61186786,ENSG00000173209
2,61183211,2,61177539,61186786,ENSG00000173209
2,61175579,2,61177539,61186786,ENSG00000173209
2,61188357,2,61177539,61186786,ENSG00000173209
2,61179426,2,61177539,61186786,ENSG00000173209
2,61177770,2,61177539,61186786,ENSG00000173209
2,61174161,2,61177539,61186786,ENSG00000173209
2,131474226,2,131464900,131492743,ENSG00000173272
2,131479495,2,131464900,131492743,ENSG00000173272
2,131479754,2,131464900,131492743,ENSG00000173272
2,131480777,2,131464900,131492743,ENSG00000173272
2,131481478,2,131464900,131492743,ENSG00000173272
2,131486639,2,131464900,131492743,ENSG00000173272
2,131484589,2,131464900,131492743,ENSG00000173272
2,131496400,2,131464900,131492743,ENSG00000173272
2,131475116,2,131464900,131492743,ENSG00000173272
2,131475247,2,131464900,131492743,ENSG00000173272
2,131475454,2,131464900,131492743,ENSG00000173272
2,131475489,2,131464900,131492743,ENSG00000173272
2,131478737,2,131464900,131492743,ENSG00000173272
2,131490806,2,131464900,131492743,ENSG00000173272
2,131469639,2,131464900,131492743,ENSG00000173272
2,131486667,2,131464900,131492743,ENSG00000173272
2,131482936,2,131464900,131492743,ENSG00000173272
2,131485639,2,131464900,131492743,ENSG00000173272
2,131485807,2,131464900,131492743,ENSG00000173272
2,131487890,2,131464900,131492743,ENSG00000173272
2,131491303,2,131464900,131492743,ENSG00000173272
12,10153677,12,10158301,10172138,ENSG00000173391
12,10154793,12,10158301,10172138,ENSG00000173391
12,10155072,12,10158301,10172138,ENSG00000173391
12,10155269,12,10158301,10172138,ENSG00000173391
12,10155373,12,10158301,10172138,ENSG00000173391
12,10156014,12,10158301,10172138,ENSG00000173391
12,10156161,12,10158301,10172138,ENSG00000173391
12,10156350,12,10158301,10172138,ENSG00000173391
12,10156379,12,10158301,10172138,ENSG00000173391
12,10156533,12,10158301,10172138,ENSG00000173391
12,10156692,12,10158301,10172138,ENSG00000173391
12,10156802,12,10158301,10172138,ENSG00000173391
12,10156803,12,10158301,10172138,ENSG00000173391
12,10156878,12,10158301,10172138,ENSG00000173391
12,10157337,12,10158301,10172138,ENSG00000173391
12,10157668,12,10158301,10172138,ENSG00000173391
12,10157769,12,10158301,10172138,ENSG00000173391
12,10158964,12,10158301,10172138,ENSG00000173391
12,10159363,12,10158301,10172138,ENSG00000173391
12,10159690,12,10158301,10172138,ENSG00000173391
12,10160092,12,10158301,10172138,ENSG00000173391
12,10160177,12,10158301,10172138,ENSG00000173391
12,10160315,12,10158301,10172138,ENSG00000173391
12,10160476,12,10158301,10172138,ENSG00000173391
12,10160535,12,10158301,10172138,ENSG00000173391
12,10160666,12,10158301,10172138,ENSG00000173391
12,10160759,12,10158301,10172138,ENSG00000173391
12,10161704,12,10158301,10172138,ENSG00000173391
12,10161743,12,10158301,10172138,ENSG00000173391
12,10162415,12,10158301,10172138,ENSG00000173391
12,10154760,12,10158301,10172138,ENSG00000173391
12,10154991,12,10158301,10172138,ENSG00000173391
12,10158120,12,10158301,10172138,ENSG00000173391
12,10161123,12,10158301,10172138,ENSG00000173391
12,10155610,12,10158301,10172138,ENSG00000173391
1,19604145,1,19484403,19629821,ENSG00000173436
1,19608955,1,19484403,19629821,ENSG00000173436
1,19618695,1,19484403,19629821,ENSG00000173436
1,19619394,1,19484403,19629821,ENSG00000173436
1,19622013,1,19484403,19629821,ENSG00000173436
1,19623568,1,19484403,19629821,ENSG00000173436
19,57906058,19,57900296,57916610,ENSG00000173480
19,57915573,19,57900296,57916610,ENSG00000173480
19,57914670,19,57900296,57916610,ENSG00000173480
19,57915415,19,57900296,57916610,ENSG00000173480
19,57903145,19,57900296,57916610,ENSG00000173480
19,57908784,19,57900296,57916610,ENSG00000173480
19,57918582,19,57900296,57916610,ENSG00000173480
19,57920996,19,57900296,57916610,ENSG00000173480
3,49680362,3,49683947,49689501,ENSG00000173531
3,49685328,3,49683947,49689501,ENSG00000173531
3,49685714,3,49683947,49689501,ENSG00000173531
3,49714152,3,49716844,49723973,ENSG00000173540
3,49714467,3,49716844,49723973,ENSG00000173540
3,49721331,3,49716844,49723973,ENSG00000173540
3,49728050,3,49716844,49723973,ENSG00000173540
3,49714939,3,49716844,49723973,ENSG00000173540
3,49714994,3,49716844,49723973,ENSG00000173540
3,49715570,3,49716844,49723973,ENSG00000173540
3,49724138,3,49716844,49723973,ENSG00000173540
3,49724172,3,49716844,49723973,ENSG00000173540
3,49724180,3,49716844,49723973,ENSG00000173540
3,49728515,3,49716844,49723973,ENSG00000173540
3,49712755,3,49716844,49723973,ENSG00000173540
3,49720159,3,49716844,49723973,ENSG00000173540
3,49725229,3,49716844,49723973,ENSG00000173540
3,49725905,3,49716844,49723973,ENSG00000173540
21,45510786,21,45493572,45573365,ENSG00000173638
21,45510882,21,45493572,45573365,ENSG00000173638
21,45514912,21,45493572,45573365,ENSG00000173638
21,45517713,21,45493572,45573365,ENSG00000173638
21,45509806,21,45493572,45573365,ENSG00000173638
21,45510470,21,45493572,45573365,ENSG00000173638
21,45522063,21,45493572,45573365,ENSG00000173638
21,45516509,21,45493572,45573365,ENSG00000173638
21,45512738,21,45493572,45573365,ENSG00000173638
21,45513546,21,45493572,45573365,ENSG00000173638
21,45517648,21,45493572,45573365,ENSG00000173638
21,45520610,21,45493572,45573365,ENSG00000173638
21,45516349,21,45493572,45573365,ENSG00000173638
21,45522457,21,45493572,45573365,ENSG00000173638
21,45516669,21,45493572,45573365,ENSG00000173638
21,45533294,21,45493572,45573365,ENSG00000173638
21,45512469,21,45493572,45573365,ENSG00000173638
21,45514947,21,45493572,45573365,ENSG00000173638
21,45533281,21,45493572,45573365,ENSG00000173638
21,45523073,21,45493572,45573365,ENSG00000173638
21,45519111,21,45493572,45573365,ENSG00000173638
21,45520924,21,45493572,45573365,ENSG00000173638
21,45525110,21,45493572,45573365,ENSG00000173638
21,45514604,21,45493572,45573365,ENSG00000173638
21,45517044,21,45493572,45573365,ENSG00000173638
21,45529188,21,45493572,45573365,ENSG00000173638
21,45533013,21,45493572,45573365,ENSG00000173638
21,45533378,21,45493572,45573365,ENSG00000173638
21,45529296,21,45493572,45573365,ENSG00000173638
21,45532180,21,45493572,45573365,ENSG00000173638
21,45532497,21,45493572,45573365,ENSG00000173638
21,45532622,21,45493572,45573365,ENSG00000173638
21,45532636,21,45493572,45573365,ENSG00000173638
21,45532836,21,45493572,45573365,ENSG00000173638
21,45533012,21,45493572,45573365,ENSG00000173638
21,45515428,21,45493572,45573365,ENSG00000173638
21,45531642,21,45493572,45573365,ENSG00000173638
21,45517066,21,45493572,45573365,ENSG00000173638
21,45512414,21,45493572,45573365,ENSG00000173638
21,45528110,21,45493572,45573365,ENSG00000173638
21,45509553,21,45493572,45573365,ENSG00000173638
21,45528114,21,45493572,45573365,ENSG00000173638
21,45514492,21,45493572,45573365,ENSG00000173638
21,45528609,21,45493572,45573365,ENSG00000173638
21,45509608,21,45493572,45573365,ENSG00000173638
21,45529440,21,45493572,45573365,ENSG00000173638
21,45528653,21,45493572,45573365,ENSG00000173638
21,45511813,21,45493572,45573365,ENSG00000173638
21,45511770,21,45493572,45573365,ENSG00000173638
21,45509180,21,45493572,45573365,ENSG00000173638
21,45507456,21,45493572,45573365,ENSG00000173638
21,45536504,21,45493572,45573365,ENSG00000173638
21,45537880,21,45493572,45573365,ENSG00000173638
21,45538068,21,45493572,45573365,ENSG00000173638
21,45538385,21,45493572,45573365,ENSG00000173638
21,45525426,21,45493572,45573365,ENSG00000173638
21,45535969,21,45493572,45573365,ENSG00000173638
21,45536472,21,45493572,45573365,ENSG00000173638
21,45536846,21,45493572,45573365,ENSG00000173638
21,45538002,21,45493572,45573365,ENSG00000173638
21,45536657,21,45493572,45573365,ENSG00000173638
21,45538089,21,45493572,45573365,ENSG00000173638
21,45538672,21,45493572,45573365,ENSG00000173638
21,45539173,21,45493572,45573365,ENSG00000173638
21,45539265,21,45493572,45573365,ENSG00000173638
21,45535690,21,45493572,45573365,ENSG00000173638
21,45506140,21,45493572,45573365,ENSG00000173638
21,45529247,21,45493572,45573365,ENSG00000173638
21,45544464,21,45493572,45573365,ENSG00000173638
21,45540065,21,45493572,45573365,ENSG00000173638
21,45545585,21,45493572,45573365,ENSG00000173638
21,45505671,21,45493572,45573365,ENSG00000173638
21,45504919,21,45493572,45573365,ENSG00000173638
21,45504871,21,45493572,45573365,ENSG00000173638
21,45541989,21,45493572,45573365,ENSG00000173638
21,45504891,21,45493572,45573365,ENSG00000173638
21,45539857,21,45493572,45573365,ENSG00000173638
17,41728331,17,41717742,41734644,ENSG00000173805
17,41728432,17,41717742,41734644,ENSG00000173805
17,41728946,17,41717742,41734644,ENSG00000173805
17,41729303,17,41717742,41734644,ENSG00000173805
17,41730563,17,41717742,41734644,ENSG00000173805
17,41733503,17,41717742,41734644,ENSG00000173805
17,41734463,17,41717742,41734644,ENSG00000173805
17,41735278,17,41717742,41734644,ENSG00000173805
17,41735604,17,41717742,41734644,ENSG00000173805
17,41734624,17,41717742,41734644,ENSG00000173805
17,41727343,17,41717742,41734644,ENSG00000173805
17,41714502,17,41717742,41734644,ENSG00000173805
17,41727813,17,41717742,41734644,ENSG00000173805
17,80326413,17,80260852,80398794,ENSG00000173821
16,88715206,16,88706483,88715396,ENSG00000174177
16,88713615,16,88706483,88715396,ENSG00000174177
1,201468349,1,201464278,201469237,ENSG00000174307
11,66506601,11,66510606,66533613,ENSG00000174483
11,66507382,11,66510606,66533613,ENSG00000174483
11,66508452,11,66510606,66533613,ENSG00000174483
11,66517617,11,66510606,66533613,ENSG00000174483
11,66519156,11,66510606,66533613,ENSG00000174483
11,66519912,11,66510606,66533613,ENSG00000174483
11,66522593,11,66510606,66533613,ENSG00000174483
11,66522594,11,66510606,66533613,ENSG00000174483
11,66532877,11,66510606,66533613,ENSG00000174483
11,66536424,11,66510606,66533613,ENSG00000174483
11,66538257,11,66510606,66533613,ENSG00000174483
11,66505762,11,66510606,66533613,ENSG00000174483
11,66506677,11,66510606,66533613,ENSG00000174483
11,66507771,11,66510606,66533613,ENSG00000174483
11,66510139,11,66510606,66533613,ENSG00000174483
11,66521262,11,66510606,66533613,ENSG00000174483
11,66507637,11,66510606,66533613,ENSG00000174483
11,66513723,11,66510606,66533613,ENSG00000174483
11,66513749,11,66510606,66533613,ENSG00000174483
11,66513820,11,66510606,66533613,ENSG00000174483
11,66514624,11,66510606,66533613,ENSG00000174483
11,66515786,11,66510606,66533613,ENSG00000174483
11,66522144,11,66510606,66533613,ENSG00000174483
11,66531123,11,66510606,66533613,ENSG00000174483
11,66531152,11,66510606,66533613,ENSG00000174483
11,66534524,11,66510606,66533613,ENSG00000174483
11,66513773,11,66510606,66533613,ENSG00000174483
11,66513933,11,66510606,66533613,ENSG00000174483
11,66520652,11,66510606,66533613,ENSG00000174483
11,66526308,11,66510606,66533613,ENSG00000174483
11,66529098,11,66510606,66533613,ENSG00000174483
11,66536383,11,66510606,66533613,ENSG00000174483
11,66529892,11,66510606,66533613,ENSG00000174483
11,66538467,11,66510606,66533613,ENSG00000174483
11,66535253,11,66510606,66533613,ENSG00000174483
11,66535272,11,66510606,66533613,ENSG00000174483
11,66507487,11,66510606,66533613,ENSG00000174483
11,66438698,11,66435075,66466738,ENSG00000174547
11,66447952,11,66435075,66466738,ENSG00000174547
11,66471676,11,66435075,66466738,ENSG00000174547
11,66441251,11,66435075,66466738,ENSG00000174547
11,66461480,11,66435075,66466738,ENSG00000174547
11,66455687,11,66435075,66466738,ENSG00000174547
16,29901481,16,29900375,29919864,ENSG00000174939
20,25851548,20,25755861,25868225,ENSG00000175170
20,25853437,20,25755861,25868225,ENSG00000175170
20,25861767,20,25755861,25868225,ENSG00000175170
20,25868868,20,25755861,25868225,ENSG00000175170
20,25872127,20,25755861,25868225,ENSG00000175170
20,25849705,20,25755861,25868225,ENSG00000175170
20,25852017,20,25755861,25868225,ENSG00000175170
20,25860253,20,25755861,25868225,ENSG00000175170
20,25861820,20,25755861,25868225,ENSG00000175170
20,25863024,20,25755861,25868225,ENSG00000175170
20,25868432,20,25755861,25868225,ENSG00000175170
20,25870896,20,25755861,25868225,ENSG00000175170
20,25858380,20,25755861,25868225,ENSG00000175170
20,25872835,20,25755861,25868225,ENSG00000175170
20,25793114,20,25755861,25868225,ENSG00000175170
20,25778034,20,25755861,25868225,ENSG00000175170
11,46743734,11,46743048,46846308,ENSG00000175216
11,46814615,11,46743048,46846308,ENSG00000175216
11,46822026,11,46743048,46846308,ENSG00000175216
19,871604,19,867630,893218,ENSG00000175221
19,890437,19,867630,893218,ENSG00000175221
19,864181,19,867630,893218,ENSG00000175221
9,128922557,9,128920966,128942041,ENSG00000175287
9,128922736,9,128920966,128942041,ENSG00000175287
9,128924044,9,128920966,128942041,ENSG00000175287
9,128924345,9,128920966,128942041,ENSG00000175287
9,128925059,9,128920966,128942041,ENSG00000175287
9,128926149,9,128920966,128942041,ENSG00000175287
9,128927082,9,128920966,128942041,ENSG00000175287
9,128927421,9,128920966,128942041,ENSG00000175287
9,128927424,9,128920966,128942041,ENSG00000175287
9,128928894,9,128920966,128942041,ENSG00000175287
9,128928895,9,128920966,128942041,ENSG00000175287
9,128930572,9,128920966,128942041,ENSG00000175287
9,128930620,9,128920966,128942041,ENSG00000175287
9,128931135,9,128920966,128942041,ENSG00000175287
9,128931924,9,128920966,128942041,ENSG00000175287
9,128932266,9,128920966,128942041,ENSG00000175287
9,128932619,9,128920966,128942041,ENSG00000175287
9,128933317,9,128920966,128942041,ENSG00000175287
9,128934425,9,128920966,128942041,ENSG00000175287
9,128934919,9,128920966,128942041,ENSG00000175287
9,128935347,9,128920966,128942041,ENSG00000175287
9,128936880,9,128920966,128942041,ENSG00000175287
9,128937568,9,128920966,128942041,ENSG00000175287
9,128937930,9,128920966,128942041,ENSG00000175287
9,128938407,9,128920966,128942041,ENSG00000175287
9,128940612,9,128920966,128942041,ENSG00000175287
9,128942154,9,128920966,128942041,ENSG00000175287
9,128942241,9,128920966,128942041,ENSG00000175287
9,128943058,9,128920966,128942041,ENSG00000175287
9,128943484,9,128920966,128942041,ENSG00000175287
9,128944776,9,128920966,128942041,ENSG00000175287
9,128926253,9,128920966,128942041,ENSG00000175287
9,128921167,9,128920966,128942041,ENSG00000175287
11,66003074,11,66002228,66004149,ENSG00000175334
11,66007125,11,66002228,66004149,ENSG00000175334
11,66008600,11,66002228,66004149,ENSG00000175334
11,66008833,11,66002228,66004149,ENSG00000175334
11,66001985,11,66002228,66004149,ENSG00000175334
11,66002759,11,66002228,66004149,ENSG00000175334
11,66004839,11,66002228,66004149,ENSG00000175334
11,66001824,11,66002228,66004149,ENSG00000175334
11,66002309,11,66002228,66004149,ENSG00000175334
11,65998080,11,66002228,66004149,ENSG00000175334
11,66002338,11,66002228,66004149,ENSG00000175334
17,7242662,17,7243591,7252491,ENSG00000175826
17,7244031,17,7243591,7252491,ENSG00000175826
17,7247792,17,7243591,7252491,ENSG00000175826
17,7251215,17,7243591,7252491,ENSG00000175826
17,7253128,17,7243591,7252491,ENSG00000175826
17,7254027,17,7243591,7252491,ENSG00000175826
17,7254884,17,7243591,7252491,ENSG00000175826
17,7247233,17,7243591,7252491,ENSG00000175826
17,7251737,17,7243591,7252491,ENSG00000175826
17,7254197,17,7243591,7252491,ENSG00000175826
17,7241910,17,7243591,7252491,ENSG00000175826
17,7251819,17,7243591,7252491,ENSG00000175826
17,7252867,17,7243591,7252491,ENSG00000175826
17,7257205,17,7243591,7252491,ENSG00000175826
2,101381193,2,101345550,101387503,ENSG00000175874
2,101380779,2,101345550,101387503,ENSG00000175874
2,101386663,2,101345550,101387503,ENSG00000175874
2,101381276,2,101345550,101387503,ENSG00000175874
2,101381078,2,101345550,101387503,ENSG00000175874
2,101372091,2,101345550,101387503,ENSG00000175874
5,90520492,5,90515611,90529584,ENSG00000176018
5,90520566,5,90515611,90529584,ENSG00000176018
5,90526493,5,90515611,90529584,ENSG00000176018
5,90511335,5,90515611,90529584,ENSG00000176018
5,90511894,5,90515611,90529584,ENSG00000176018
5,90516859,5,90515611,90529584,ENSG00000176018
5,90523743,5,90515611,90529584,ENSG00000176018
5,90523983,5,90515611,90529584,ENSG00000176018
5,90526647,5,90515611,90529584,ENSG00000176018
5,90529218,5,90515611,90529584,ENSG00000176018
5,90529834,5,90515611,90529584,ENSG00000176018
5,90530763,5,90515611,90529584,ENSG00000176018
5,90511578,5,90515611,90529584,ENSG00000176018
5,90514260,5,90515611,90529584,ENSG00000176018
5,90530909,5,90515611,90529584,ENSG00000176018
5,90532441,5,90515611,90529584,ENSG00000176018
5,90529393,5,90515611,90529584,ENSG00000176018
17,80995586,17,80991598,81009517,ENSG00000176108
17,82115547,17,82101460,82212878,ENSG00000176155
17,82159764,17,82101460,82212878,ENSG00000176155
17,82135185,17,82101460,82212878,ENSG00000176155
17,82135557,17,82101460,82212878,ENSG00000176155
17,82140381,17,82101460,82212878,ENSG00000176155
17,82142622,17,82101460,82212878,ENSG00000176155
17,82143202,17,82101460,82212878,ENSG00000176155
17,82144585,17,82101460,82212878,ENSG00000176155
17,82159344,17,82101460,82212878,ENSG00000176155
17,82162187,17,82101460,82212878,ENSG00000176155
17,82163900,17,82101460,82212878,ENSG00000176155
17,82174472,17,82101460,82212878,ENSG00000176155
17,82189309,17,82101460,82212878,ENSG00000176155
17,82189367,17,82101460,82212878,ENSG00000176155
17,82190470,17,82101460,82212878,ENSG00000176155
17,82191656,17,82101460,82212878,ENSG00000176155
17,82193225,17,82101460,82212878,ENSG00000176155
17,82193428,17,82101460,82212878,ENSG00000176155
17,82196145,17,82101460,82212878,ENSG00000176155
17,82197536,17,82101460,82212878,ENSG00000176155
17,82120219,17,82101460,82212878,ENSG00000176155
17,82121045,17,82101460,82212878,ENSG00000176155
17,82123001,17,82101460,82212878,ENSG00000176155
17,82127347,17,82101460,82212878,ENSG00000176155
17,82127419,17,82101460,82212878,ENSG00000176155
17,82128282,17,82101460,82212878,ENSG00000176155
17,82128513,17,82101460,82212878,ENSG00000176155
17,82129461,17,82101460,82212878,ENSG00000176155
17,82130474,17,82101460,82212878,ENSG00000176155
17,82131292,17,82101460,82212878,ENSG00000176155
17,82133517,17,82101460,82212878,ENSG00000176155
17,82141763,17,82101460,82212878,ENSG00000176155
17,82143630,17,82101460,82212878,ENSG00000176155
17,82145861,17,82101460,82212878,ENSG00000176155
17,82152520,17,82101460,82212878,ENSG00000176155
17,82124184,17,82101460,82212878,ENSG00000176155
17,82125453,17,82101460,82212878,ENSG00000176155
17,82127757,17,82101460,82212878,ENSG00000176155
17,82127354,17,82101460,82212878,ENSG00000176155
17,82113036,17,82101460,82212878,ENSG00000176155
17,82116404,17,82101460,82212878,ENSG00000176155
17,82118175,17,82101460,82212878,ENSG00000176155
17,82119369,17,82101460,82212878,ENSG00000176155
17,82120427,17,82101460,82212878,ENSG00000176155
17,82108838,17,82101460,82212878,ENSG00000176155
17,82108839,17,82101460,82212878,ENSG00000176155
17,82120360,17,82101460,82212878,ENSG00000176155
17,82162597,17,82101460,82212878,ENSG00000176155
17,82161769,17,82101460,82212878,ENSG00000176155
17,82112992,17,82101460,82212878,ENSG00000176155
17,82113173,17,82101460,82212878,ENSG00000176155
17,82116440,17,82101460,82212878,ENSG00000176155
17,82116640,17,82101460,82212878,ENSG00000176155
17,82118640,17,82101460,82212878,ENSG00000176155
17,82121081,17,82101460,82212878,ENSG00000176155
17,82158685,17,82101460,82212878,ENSG00000176155
17,82131909,17,82101460,82212878,ENSG00000176155
17,82138779,17,82101460,82212878,ENSG00000176155
17,82155254,17,82101460,82212878,ENSG00000176155
17,82168332,17,82101460,82212878,ENSG00000176155
17,82176611,17,82101460,82212878,ENSG00000176155
17,82197467,17,82101460,82212878,ENSG00000176155
17,82121559,17,82101460,82212878,ENSG00000176155
17,82126589,17,82101460,82212878,ENSG00000176155
17,82160292,17,82101460,82212878,ENSG00000176155
17,82129771,17,82101460,82212878,ENSG00000176155
17,82129943,17,82101460,82212878,ENSG00000176155
17,82129963,17,82101460,82212878,ENSG00000176155
17,82130218,17,82101460,82212878,ENSG00000176155
17,82130232,17,82101460,82212878,ENSG00000176155
17,82130700,17,82101460,82212878,ENSG00000176155
17,82130799,17,82101460,82212878,ENSG00000176155
17,82130956,17,82101460,82212878,ENSG00000176155
17,82131065,17,82101460,82212878,ENSG00000176155
17,82131146,17,82101460,82212878,ENSG00000176155
17,82131169,17,82101460,82212878,ENSG00000176155
17,82131464,17,82101460,82212878,ENSG00000176155
17,82131623,17,82101460,82212878,ENSG00000176155
17,82133084,17,82101460,82212878,ENSG00000176155
17,82133300,17,82101460,82212878,ENSG00000176155
17,82133841,17,82101460,82212878,ENSG00000176155
17,82133850,17,82101460,82212878,ENSG00000176155
17,82134065,17,82101460,82212878,ENSG00000176155
17,82134497,17,82101460,82212878,ENSG00000176155
17,82134630,17,82101460,82212878,ENSG00000176155
17,82134742,17,82101460,82212878,ENSG00000176155
17,82134773,17,82101460,82212878,ENSG00000176155
17,82134793,17,82101460,82212878,ENSG00000176155
17,82134902,17,82101460,82212878,ENSG00000176155
17,82135263,17,82101460,82212878,ENSG00000176155
17,82135266,17,82101460,82212878,ENSG00000176155
17,82135781,17,82101460,82212878,ENSG00000176155
17,82136838,17,82101460,82212878,ENSG00000176155
17,82136996,17,82101460,82212878,ENSG00000176155
17,82137060,17,82101460,82212878,ENSG00000176155
17,82137252,17,82101460,82212878,ENSG00000176155
17,82137315,17,82101460,82212878,ENSG00000176155
17,82137317,17,82101460,82212878,ENSG00000176155
17,82137766,17,82101460,82212878,ENSG00000176155
17,82138447,17,82101460,82212878,ENSG00000176155
17,82138880,17,82101460,82212878,ENSG00000176155
17,82139342,17,82101460,82212878,ENSG00000176155
17,82139479,17,82101460,82212878,ENSG00000176155
17,82139689,17,82101460,82212878,ENSG00000176155
17,82140338,17,82101460,82212878,ENSG00000176155
17,82140383,17,82101460,82212878,ENSG00000176155
17,82140457,17,82101460,82212878,ENSG00000176155
17,82141272,17,82101460,82212878,ENSG00000176155
17,82141273,17,82101460,82212878,ENSG00000176155
17,82141610,17,82101460,82212878,ENSG00000176155
17,82142241,17,82101460,82212878,ENSG00000176155
17,82142374,17,82101460,82212878,ENSG00000176155
17,82142469,17,82101460,82212878,ENSG00000176155
17,82142670,17,82101460,82212878,ENSG00000176155
17,82142671,17,82101460,82212878,ENSG00000176155
17,82143711,17,82101460,82212878,ENSG00000176155
17,82144229,17,82101460,82212878,ENSG00000176155
17,82144403,17,82101460,82212878,ENSG00000176155
17,82145217,17,82101460,82212878,ENSG00000176155
17,82146475,17,82101460,82212878,ENSG00000176155
17,82146717,17,82101460,82212878,ENSG00000176155
17,82146755,17,82101460,82212878,ENSG00000176155
17,82147372,17,82101460,82212878,ENSG00000176155
17,82149385,17,82101460,82212878,ENSG00000176155
17,82149478,17,82101460,82212878,ENSG00000176155
17,82151902,17,82101460,82212878,ENSG00000176155
17,82151930,17,82101460,82212878,ENSG00000176155
17,82152518,17,82101460,82212878,ENSG00000176155
17,82152874,17,82101460,82212878,ENSG00000176155
17,82152991,17,82101460,82212878,ENSG00000176155
17,82153081,17,82101460,82212878,ENSG00000176155
17,82153150,17,82101460,82212878,ENSG00000176155
17,82153329,17,82101460,82212878,ENSG00000176155
17,82153566,17,82101460,82212878,ENSG00000176155
17,82153848,17,82101460,82212878,ENSG00000176155
17,82155102,17,82101460,82212878,ENSG00000176155
17,82155446,17,82101460,82212878,ENSG00000176155
17,82155505,17,82101460,82212878,ENSG00000176155
17,82155538,17,82101460,82212878,ENSG00000176155
17,82156049,17,82101460,82212878,ENSG00000176155
17,82156269,17,82101460,82212878,ENSG00000176155
17,82156484,17,82101460,82212878,ENSG00000176155
17,82156653,17,82101460,82212878,ENSG00000176155
17,82156938,17,82101460,82212878,ENSG00000176155
17,82157095,17,82101460,82212878,ENSG00000176155
17,82157371,17,82101460,82212878,ENSG00000176155
17,82157523,17,82101460,82212878,ENSG00000176155
17,82157571,17,82101460,82212878,ENSG00000176155
17,82158159,17,82101460,82212878,ENSG00000176155
17,82158453,17,82101460,82212878,ENSG00000176155
17,82158759,17,82101460,82212878,ENSG00000176155
17,82158763,17,82101460,82212878,ENSG00000176155
17,82158765,17,82101460,82212878,ENSG00000176155
17,82158927,17,82101460,82212878,ENSG00000176155
17,82158950,17,82101460,82212878,ENSG00000176155
17,82159439,17,82101460,82212878,ENSG00000176155
17,82159459,17,82101460,82212878,ENSG00000176155
17,82159512,17,82101460,82212878,ENSG00000176155
17,82159614,17,82101460,82212878,ENSG00000176155
17,82159661,17,82101460,82212878,ENSG00000176155
17,82159946,17,82101460,82212878,ENSG00000176155
17,82160137,17,82101460,82212878,ENSG00000176155
17,82160734,17,82101460,82212878,ENSG00000176155
17,82160789,17,82101460,82212878,ENSG00000176155
17,82160824,17,82101460,82212878,ENSG00000176155
17,82161048,17,82101460,82212878,ENSG00000176155
17,82161130,17,82101460,82212878,ENSG00000176155
17,82161140,17,82101460,82212878,ENSG00000176155
17,82161230,17,82101460,82212878,ENSG00000176155
17,82161262,17,82101460,82212878,ENSG00000176155
17,82161308,17,82101460,82212878,ENSG00000176155
17,82161326,17,82101460,82212878,ENSG00000176155
17,82161706,17,82101460,82212878,ENSG00000176155
17,82161752,17,82101460,82212878,ENSG00000176155
17,82161788,17,82101460,82212878,ENSG00000176155
17,82161806,17,82101460,82212878,ENSG00000176155
17,82161966,17,82101460,82212878,ENSG00000176155
17,82162440,17,82101460,82212878,ENSG00000176155
17,82162548,17,82101460,82212878,ENSG00000176155
17,82162950,17,82101460,82212878,ENSG00000176155
17,82163399,17,82101460,82212878,ENSG00000176155
17,82163482,17,82101460,82212878,ENSG00000176155
17,82163706,17,82101460,82212878,ENSG00000176155
17,82163937,17,82101460,82212878,ENSG00000176155
17,82164102,17,82101460,82212878,ENSG00000176155
17,82164451,17,82101460,82212878,ENSG00000176155
17,82164562,17,82101460,82212878,ENSG00000176155
17,82165090,17,82101460,82212878,ENSG00000176155
17,82165177,17,82101460,82212878,ENSG00000176155
17,82165202,17,82101460,82212878,ENSG00000176155
17,82165268,17,82101460,82212878,ENSG00000176155
17,82165324,17,82101460,82212878,ENSG00000176155
17,82165342,17,82101460,82212878,ENSG00000176155
17,82165393,17,82101460,82212878,ENSG00000176155
17,82166488,17,82101460,82212878,ENSG00000176155
17,82166578,17,82101460,82212878,ENSG00000176155
17,82167384,17,82101460,82212878,ENSG00000176155
17,82167389,17,82101460,82212878,ENSG00000176155
17,82167813,17,82101460,82212878,ENSG00000176155
17,82168444,17,82101460,82212878,ENSG00000176155
17,82168517,17,82101460,82212878,ENSG00000176155
17,82168540,17,82101460,82212878,ENSG00000176155
17,82168727,17,82101460,82212878,ENSG00000176155
17,82169749,17,82101460,82212878,ENSG00000176155
17,82169949,17,82101460,82212878,ENSG00000176155
17,82170131,17,82101460,82212878,ENSG00000176155
17,82170450,17,82101460,82212878,ENSG00000176155
17,82170563,17,82101460,82212878,ENSG00000176155
17,82170571,17,82101460,82212878,ENSG00000176155
17,82170770,17,82101460,82212878,ENSG00000176155
17,82171609,17,82101460,82212878,ENSG00000176155
17,82173506,17,82101460,82212878,ENSG00000176155
17,82173830,17,82101460,82212878,ENSG00000176155
17,82188028,17,82101460,82212878,ENSG00000176155
17,82188107,17,82101460,82212878,ENSG00000176155
17,82188990,17,82101460,82212878,ENSG00000176155
17,82189315,17,82101460,82212878,ENSG00000176155
17,82192670,17,82101460,82212878,ENSG00000176155
17,82193625,17,82101460,82212878,ENSG00000176155
17,82193929,17,82101460,82212878,ENSG00000176155
17,82194005,17,82101460,82212878,ENSG00000176155
17,82195718,17,82101460,82212878,ENSG00000176155
17,82119974,17,82101460,82212878,ENSG00000176155
17,82120889,17,82101460,82212878,ENSG00000176155
17,82121053,17,82101460,82212878,ENSG00000176155
17,82121203,17,82101460,82212878,ENSG00000176155
17,82122020,17,82101460,82212878,ENSG00000176155
17,82122092,17,82101460,82212878,ENSG00000176155
17,82122171,17,82101460,82212878,ENSG00000176155
17,82122747,17,82101460,82212878,ENSG00000176155
17,82124624,17,82101460,82212878,ENSG00000176155
17,82125010,17,82101460,82212878,ENSG00000176155
17,82125437,17,82101460,82212878,ENSG00000176155
17,82125658,17,82101460,82212878,ENSG00000176155
17,82125931,17,82101460,82212878,ENSG00000176155
17,82125933,17,82101460,82212878,ENSG00000176155
17,82125940,17,82101460,82212878,ENSG00000176155
17,82126204,17,82101460,82212878,ENSG00000176155
17,82126234,17,82101460,82212878,ENSG00000176155
17,82126492,17,82101460,82212878,ENSG00000176155
17,82126663,17,82101460,82212878,ENSG00000176155
17,82126720,17,82101460,82212878,ENSG00000176155
17,82126945,17,82101460,82212878,ENSG00000176155
17,82127268,17,82101460,82212878,ENSG00000176155
17,82127334,17,82101460,82212878,ENSG00000176155
17,82127450,17,82101460,82212878,ENSG00000176155
17,82127465,17,82101460,82212878,ENSG00000176155
17,82128040,17,82101460,82212878,ENSG00000176155
17,82128510,17,82101460,82212878,ENSG00000176155
17,82128519,17,82101460,82212878,ENSG00000176155
17,82128721,17,82101460,82212878,ENSG00000176155
17,82128941,17,82101460,82212878,ENSG00000176155
17,82128987,17,82101460,82212878,ENSG00000176155
17,82129201,17,82101460,82212878,ENSG00000176155
17,82129693,17,82101460,82212878,ENSG00000176155
17,82159799,17,82101460,82212878,ENSG00000176155
17,82182764,17,82101460,82212878,ENSG00000176155
17,82154347,17,82101460,82212878,ENSG00000176155
17,82195043,17,82101460,82212878,ENSG00000176155
17,82113368,17,82101460,82212878,ENSG00000176155
17,82117530,17,82101460,82212878,ENSG00000176155
17,82117684,17,82101460,82212878,ENSG00000176155
17,82117824,17,82101460,82212878,ENSG00000176155
17,82117863,17,82101460,82212878,ENSG00000176155
17,82126968,17,82101460,82212878,ENSG00000176155
17,82109422,17,82101460,82212878,ENSG00000176155
17,82196590,17,82101460,82212878,ENSG00000176155
17,82105128,17,82101460,82212878,ENSG00000176155
17,82112705,17,82101460,82212878,ENSG00000176155
17,82199577,17,82101460,82212878,ENSG00000176155
17,82200357,17,82101460,82212878,ENSG00000176155
17,82200780,17,82101460,82212878,ENSG00000176155
17,82201090,17,82101460,82212878,ENSG00000176155
17,82203243,17,82101460,82212878,ENSG00000176155
17,82154723,17,82101460,82212878,ENSG00000176155
17,82154758,17,82101460,82212878,ENSG00000176155
17,82146886,17,82101460,82212878,ENSG00000176155
17,82146888,17,82101460,82212878,ENSG00000176155
17,82139665,17,82101460,82212878,ENSG00000176155
17,82172094,17,82101460,82212878,ENSG00000176155
17,82141479,17,82101460,82212878,ENSG00000176155
17,82196809,17,82101460,82212878,ENSG00000176155
17,82159896,17,82101460,82212878,ENSG00000176155
17,82118932,17,82101460,82212878,ENSG00000176155
17,82118986,17,82101460,82212878,ENSG00000176155
17,82119012,17,82101460,82212878,ENSG00000176155
17,82199614,17,82101460,82212878,ENSG00000176155
17,82199890,17,82101460,82212878,ENSG00000176155
17,82199921,17,82101460,82212878,ENSG00000176155
17,82200449,17,82101460,82212878,ENSG00000176155
17,82200546,17,82101460,82212878,ENSG00000176155
17,82201407,17,82101460,82212878,ENSG00000176155
17,82202429,17,82101460,82212878,ENSG00000176155
17,82202618,17,82101460,82212878,ENSG00000176155
17,82203008,17,82101460,82212878,ENSG00000176155
17,82203124,17,82101460,82212878,ENSG00000176155
17,82204114,17,82101460,82212878,ENSG00000176155
17,82204267,17,82101460,82212878,ENSG00000176155
17,82204400,17,82101460,82212878,ENSG00000176155
17,82204922,17,82101460,82212878,ENSG00000176155
17,82208032,17,82101460,82212878,ENSG00000176155
17,82209113,17,82101460,82212878,ENSG00000176155
17,82209621,17,82101460,82212878,ENSG00000176155
17,82211608,17,82101460,82212878,ENSG00000176155
17,82211647,17,82101460,82212878,ENSG00000176155
17,82187415,17,82101460,82212878,ENSG00000176155
17,82149938,17,82101460,82212878,ENSG00000176155
17,82159840,17,82101460,82212878,ENSG00000176155
17,82174003,17,82101460,82212878,ENSG00000176155
17,82178542,17,82101460,82212878,ENSG00000176155
17,82179297,17,82101460,82212878,ENSG00000176155
17,82204506,17,82101460,82212878,ENSG00000176155
17,82198806,17,82101460,82212878,ENSG00000176155
17,82210221,17,82101460,82212878,ENSG00000176155
17,82212478,17,82101460,82212878,ENSG00000176155
17,82212144,17,82101460,82212878,ENSG00000176155
17,82138293,17,82101460,82212878,ENSG00000176155
17,82101456,17,82101460,82212878,ENSG00000176155
17,82160327,17,82101460,82212878,ENSG00000176155
17,82182422,17,82101460,82212878,ENSG00000176155
17,82136604,17,82101460,82212878,ENSG00000176155
17,82175983,17,82101460,82212878,ENSG00000176155
17,82099720,17,82101460,82212878,ENSG00000176155
17,82151412,17,82101460,82212878,ENSG00000176155
17,82103297,17,82101460,82212878,ENSG00000176155
17,82107368,17,82101460,82212878,ENSG00000176155
17,82102953,17,82101460,82212878,ENSG00000176155
17,82097330,17,82101460,82212878,ENSG00000176155
17,82100919,17,82101460,82212878,ENSG00000176155
17,82101720,17,82101460,82212878,ENSG00000176155
17,82101882,17,82101460,82212878,ENSG00000176155
17,82205345,17,82101460,82212878,ENSG00000176155
17,82099396,17,82101460,82212878,ENSG00000176155
17,82103682,17,82101460,82212878,ENSG00000176155
17,82103706,17,82101460,82212878,ENSG00000176155
17,82098622,17,82101460,82212878,ENSG00000176155
17,82100981,17,82101460,82212878,ENSG00000176155
17,82101025,17,82101460,82212878,ENSG00000176155
17,82101135,17,82101460,82212878,ENSG00000176155
17,82100360,17,82101460,82212878,ENSG00000176155
17,82102015,17,82101460,82212878,ENSG00000176155
17,82100790,17,82101460,82212878,ENSG00000176155
8,86469071,8,86468257,86514357,ENSG00000176623
8,86472684,8,86468257,86514357,ENSG00000176623
8,86489325,8,86468257,86514357,ENSG00000176623
8,86510941,8,86468257,86514357,ENSG00000176623
8,86464210,8,86468257,86514357,ENSG00000176623
8,86489481,8,86468257,86514357,ENSG00000176623
8,86490903,8,86468257,86514357,ENSG00000176623
8,86491192,8,86468257,86514357,ENSG00000176623
8,86493174,8,86468257,86514357,ENSG00000176623
8,86493522,8,86468257,86514357,ENSG00000176623
8,86493739,8,86468257,86514357,ENSG00000176623
8,86496855,8,86468257,86514357,ENSG00000176623
8,86498873,8,86468257,86514357,ENSG00000176623
8,86500667,8,86468257,86514357,ENSG00000176623
8,86504972,8,86468257,86514357,ENSG00000176623
8,86505872,8,86468257,86514357,ENSG00000176623
8,86507313,8,86468257,86514357,ENSG00000176623
8,86482745,8,86468257,86514357,ENSG00000176623
8,86490626,8,86468257,86514357,ENSG00000176623
8,86513963,8,86468257,86514357,ENSG00000176623
8,86470095,8,86468257,86514357,ENSG00000176623
8,86492358,8,86468257,86514357,ENSG00000176623
8,86505759,8,86468257,86514357,ENSG00000176623
8,86469187,8,86468257,86514357,ENSG00000176623
8,86473254,8,86468257,86514357,ENSG00000176623
8,86465366,8,86468257,86514357,ENSG00000176623
8,86495633,8,86468257,86514357,ENSG00000176623
8,86501861,8,86468257,86514357,ENSG00000176623
8,86503659,8,86468257,86514357,ENSG00000176623
8,86517069,8,86468257,86514357,ENSG00000176623
8,86516630,8,86468257,86514357,ENSG00000176623
8,86517828,8,86468257,86514357,ENSG00000176623
8,86468909,8,86468257,86514357,ENSG00000176623
8,86470015,8,86468257,86514357,ENSG00000176623
8,85209076,8,85214048,85220421,ENSG00000176731
8,85210186,8,85214048,85220421,ENSG00000176731
8,85210290,8,85214048,85220421,ENSG00000176731
8,85212773,8,85214048,85220421,ENSG00000176731
8,85215235,8,85214048,85220421,ENSG00000176731
8,85215369,8,85214048,85220421,ENSG00000176731
8,85216055,8,85214048,85220421,ENSG00000176731
8,85216392,8,85214048,85220421,ENSG00000176731
8,85218394,8,85214048,85220421,ENSG00000176731
8,85218399,8,85214048,85220421,ENSG00000176731
8,85218555,8,85214048,85220421,ENSG00000176731
8,85219234,8,85214048,85220421,ENSG00000176731
8,85222555,8,85214048,85220421,ENSG00000176731
8,85222867,8,85214048,85220421,ENSG00000176731
8,85222903,8,85214048,85220421,ENSG00000176731
12,132691763,12,132687587,132704985,ENSG00000176894
12,132695884,12,132687587,132704985,ENSG00000176894
12,132698771,12,132687587,132704985,ENSG00000176894
12,132703888,12,132687587,132704985,ENSG00000176894
12,132704890,12,132687587,132704985,ENSG00000176894
12,132705550,12,132687587,132704985,ENSG00000176894
12,132735605,12,132725503,132761832,ENSG00000176915
12,132728305,12,132725503,132761832,ENSG00000176915
12,132731425,12,132725503,132761832,ENSG00000176915
12,132733591,12,132725503,132761832,ENSG00000176915
12,132735358,12,132725503,132761832,ENSG00000176915
12,132737203,12,132725503,132761832,ENSG00000176915
12,132736267,12,132725503,132761832,ENSG00000176915
12,132730818,12,132725503,132761832,ENSG00000176915
12,132722187,12,132725503,132761832,ENSG00000176915
12,132730334,12,132725503,132761832,ENSG00000176915
12,132720517,12,132725503,132761832,ENSG00000176915
12,132748766,12,132725503,132761832,ENSG00000176915
12,132747630,12,132725503,132761832,ENSG00000176915
3,195716648,3,195720884,195741123,ENSG00000176945
3,195719510,3,195720884,195741123,ENSG00000176945
3,195719309,3,195720884,195741123,ENSG00000176945
3,195719580,3,195720884,195741123,ENSG00000176945
3,195720140,3,195720884,195741123,ENSG00000176945
3,195720217,3,195720884,195741123,ENSG00000176945
3,195718459,3,195720884,195741123,ENSG00000176945
3,195726334,3,195720884,195741123,ENSG00000176945
17,18361950,17,18327873,18363550,ENSG00000176974
17,18362153,17,18327873,18363550,ENSG00000176974
17,18363253,17,18327873,18363550,ENSG00000176974
17,18363296,17,18327873,18363550,ENSG00000176974
17,18360257,17,18327873,18363550,ENSG00000176974
17,18368208,17,18327873,18363550,ENSG00000176974
17,18335698,17,18327873,18363550,ENSG00000176974
17,18338324,17,18327873,18363550,ENSG00000176974
17,18339583,17,18327873,18363550,ENSG00000176974
17,18341456,17,18327873,18363550,ENSG00000176974
15,84654022,15,84639285,84654343,ENSG00000177082
15,84655131,15,84639285,84654343,ENSG00000177082
11,810009,11,805438,812883,ENSG00000177600
11,810882,11,805438,812883,ENSG00000177600
11,805302,11,805438,812883,ENSG00000177600
11,805435,11,805438,812883,ENSG00000177600
11,809666,11,805438,812883,ENSG00000177600
11,805419,11,805438,812883,ENSG00000177600
11,805712,11,805438,812883,ENSG00000177600
11,813264,11,805438,812883,ENSG00000177600
11,807219,11,805438,812883,ENSG00000177600
11,805234,11,805438,812883,ENSG00000177600
11,805578,11,805438,812883,ENSG00000177600
11,805589,11,805438,812883,ENSG00000177600
11,812188,11,805438,812883,ENSG00000177600
11,817286,11,805438,812883,ENSG00000177600
11,807149,11,805438,812883,ENSG00000177600
11,813524,11,805438,812883,ENSG00000177600
11,815323,11,805438,812883,ENSG00000177600
11,817786,11,805438,812883,ENSG00000177600
11,842627,11,832887,839831,ENSG00000177697
11,842099,11,832887,839831,ENSG00000177697
11,842543,11,832887,839831,ENSG00000177697
11,842630,11,832887,839831,ENSG00000177697
11,842682,11,832887,839831,ENSG00000177697
11,838634,11,832887,839831,ENSG00000177697
11,837582,11,832887,839831,ENSG00000177697
11,838110,11,832887,839831,ENSG00000177697
11,839078,11,832887,839831,ENSG00000177697
11,839093,11,832887,839831,ENSG00000177697
11,839127,11,832887,839831,ENSG00000177697
11,839155,11,832887,839831,ENSG00000177697
11,839186,11,832887,839831,ENSG00000177697
11,839629,11,832887,839831,ENSG00000177697
11,839675,11,832887,839831,ENSG00000177697
11,840319,11,832887,839831,ENSG00000177697
11,840477,11,832887,839831,ENSG00000177697
11,840604,11,832887,839831,ENSG00000177697
11,836008,11,832887,839831,ENSG00000177697
11,835877,11,832887,839831,ENSG00000177697
11,836971,11,832887,839831,ENSG00000177697
11,837121,11,832887,839831,ENSG00000177697
11,838542,11,832887,839831,ENSG00000177697
11,839767,11,832887,839831,ENSG00000177697
11,840740,11,832887,839831,ENSG00000177697
11,838419,11,832887,839831,ENSG00000177697
11,838424,11,832887,839831,ENSG00000177697
11,838760,11,832887,839831,ENSG00000177697
11,840639,11,832887,839831,ENSG00000177697
11,841763,11,832887,839831,ENSG00000177697
11,838722,11,832887,839831,ENSG00000177697
11,835622,11,832887,839831,ENSG00000177697
11,835719,11,832887,839831,ENSG00000177697
11,837084,11,832887,839831,ENSG00000177697
11,833327,11,832887,839831,ENSG00000177697
11,832982,11,832887,839831,ENSG00000177697
11,833262,11,832887,839831,ENSG00000177697
11,833138,11,832887,839831,ENSG00000177697
11,833668,11,832887,839831,ENSG00000177697
11,833728,11,832887,839831,ENSG00000177697
11,833898,11,832887,839831,ENSG00000177697
11,833975,11,832887,839831,ENSG00000177697
11,834098,11,832887,839831,ENSG00000177697
11,833872,11,832887,839831,ENSG00000177697
11,830670,11,832887,839831,ENSG00000177697
11,831122,11,832887,839831,ENSG00000177697
11,833589,11,832887,839831,ENSG00000177697
11,830487,11,832887,839831,ENSG00000177697
11,829539,11,832887,839831,ENSG00000177697
11,831809,11,832887,839831,ENSG00000177697
11,834802,11,832887,839831,ENSG00000177697
11,834681,11,832887,839831,ENSG00000177697
11,828916,11,832887,839831,ENSG00000177697
11,838842,11,832887,839831,ENSG00000177697
11,843461,11,832887,839831,ENSG00000177697
11,840363,11,832887,839831,ENSG00000177697
11,834108,11,832887,839831,ENSG00000177697
11,835407,11,832887,839831,ENSG00000177697
11,837661,11,832887,839831,ENSG00000177697
11,834389,11,832887,839831,ENSG00000177697
11,828784,11,832887,839831,ENSG00000177697
3,158568314,3,158571163,158607252,ENSG00000178053
3,158569666,3,158571163,158607252,ENSG00000178053
3,158571021,3,158571163,158607252,ENSG00000178053
3,158572818,3,158571163,158607252,ENSG00000178053
3,158572928,3,158571163,158607252,ENSG00000178053
3,158573266,3,158571163,158607252,ENSG00000178053
3,158577381,3,158571163,158607252,ENSG00000178053
3,158577382,3,158571163,158607252,ENSG00000178053
3,158579127,3,158571163,158607252,ENSG00000178053
3,158580151,3,158571163,158607252,ENSG00000178053
3,158580216,3,158571163,158607252,ENSG00000178053
3,158580826,3,158571163,158607252,ENSG00000178053
3,158580914,3,158571163,158607252,ENSG00000178053
3,158581094,3,158571163,158607252,ENSG00000178053
3,158583182,3,158571163,158607252,ENSG00000178053
3,158583371,3,158571163,158607252,ENSG00000178053
3,158586811,3,158571163,158607252,ENSG00000178053
3,158588838,3,158571163,158607252,ENSG00000178053
3,158589722,3,158571163,158607252,ENSG00000178053
3,158589723,3,158571163,158607252,ENSG00000178053
3,158592364,3,158571163,158607252,ENSG00000178053
3,158593057,3,158571163,158607252,ENSG00000178053
3,158593758,3,158571163,158607252,ENSG00000178053
3,158594473,3,158571163,158607252,ENSG00000178053
3,158595794,3,158571163,158607252,ENSG00000178053
3,158584728,3,158571163,158607252,ENSG00000178053
1,148988155,1,148808140,149048286,ENSG00000178104
1,148989863,1,148808140,149048286,ENSG00000178104
1,148948688,1,148808140,149048286,ENSG00000178104
1,148948736,1,148808140,149048286,ENSG00000178104
1,148952269,1,148808140,149048286,ENSG00000178104
1,148952279,1,148808140,149048286,ENSG00000178104
1,148920066,1,148808140,149048286,ENSG00000178104
1,149052917,1,148808140,149048286,ENSG00000178104
1,148989719,1,148808140,149048286,ENSG00000178104
1,148882643,1,148808140,149048286,ENSG00000178104
1,149033329,1,148808140,149048286,ENSG00000178104
1,148887372,1,148808140,149048286,ENSG00000178104
1,148877160,1,148808140,149048286,ENSG00000178104
1,149010945,1,148808140,149048286,ENSG00000178104
4,1060089,4,1056250,1113564,ENSG00000178222
4,1073461,4,1056250,1113564,ENSG00000178222
4,1078432,4,1056250,1113564,ENSG00000178222
4,1078697,4,1056250,1113564,ENSG00000178222
4,1079972,4,1056250,1113564,ENSG00000178222
4,1080221,4,1056250,1113564,ENSG00000178222
4,1081983,4,1056250,1113564,ENSG00000178222
4,1083787,4,1056250,1113564,ENSG00000178222
4,1089099,4,1056250,1113564,ENSG00000178222
4,1089211,4,1056250,1113564,ENSG00000178222
4,1092459,4,1056250,1113564,ENSG00000178222
4,1092989,4,1056250,1113564,ENSG00000178222
4,1093083,4,1056250,1113564,ENSG00000178222
4,1096837,4,1056250,1113564,ENSG00000178222
4,1098231,4,1056250,1113564,ENSG00000178222
4,1100526,4,1056250,1113564,ENSG00000178222
4,1100882,4,1056250,1113564,ENSG00000178222
4,1101493,4,1056250,1113564,ENSG00000178222
4,1101622,4,1056250,1113564,ENSG00000178222
4,1103621,4,1056250,1113564,ENSG00000178222
4,1105413,4,1056250,1113564,ENSG00000178222
4,1107294,4,1056250,1113564,ENSG00000178222
4,1052183,4,1056250,1113564,ENSG00000178222
4,1052544,4,1056250,1113564,ENSG00000178222
4,1053948,4,1056250,1113564,ENSG00000178222
4,1105326,4,1056250,1113564,ENSG00000178222
4,1109749,4,1056250,1113564,ENSG00000178222
4,1078119,4,1056250,1113564,ENSG00000178222
4,1084336,4,1056250,1113564,ENSG00000178222
4,1094113,4,1056250,1113564,ENSG00000178222
4,1064570,4,1056250,1113564,ENSG00000178222
4,1056649,4,1056250,1113564,ENSG00000178222
4,1052036,4,1056250,1113564,ENSG00000178222
4,1053204,4,1056250,1113564,ENSG00000178222
4,1058221,4,1056250,1113564,ENSG00000178222
4,1106009,4,1056250,1113564,ENSG00000178222
3,44335133,3,44338119,44409451,ENSG00000179152
3,44335678,3,44338119,44409451,ENSG00000179152
3,44353237,3,44338119,44409451,ENSG00000179152
3,44366905,3,44338119,44409451,ENSG00000179152
3,44374420,3,44338119,44409451,ENSG00000179152
3,44375535,3,44338119,44409451,ENSG00000179152
3,44386945,3,44338119,44409451,ENSG00000179152
3,44393788,3,44338119,44409451,ENSG00000179152
3,44357129,3,44338119,44409451,ENSG00000179152
3,44359763,3,44338119,44409451,ENSG00000179152
3,44386738,3,44338119,44409451,ENSG00000179152
3,44386954,3,44338119,44409451,ENSG00000179152
3,44397909,3,44338119,44409451,ENSG00000179152
X,52904280,X,52891306,52908560,ENSG00000179304
13,43875232,13,43879284,43893932,ENSG00000179630
13,43879344,13,43879284,43893932,ENSG00000179630
13,43882646,13,43879284,43893932,ENSG00000179630
13,43882973,13,43879284,43893932,ENSG00000179630
13,43886334,13,43879284,43893932,ENSG00000179630
13,43889907,13,43879284,43893932,ENSG00000179630
13,43898877,13,43879284,43893932,ENSG00000179630
13,43896715,13,43879284,43893932,ENSG00000179630
13,43877044,13,43879284,43893932,ENSG00000179630
13,43898119,13,43879284,43893932,ENSG00000179630
13,43881784,13,43879284,43893932,ENSG00000179630
13,43882833,13,43879284,43893932,ENSG00000179630
13,43885511,13,43879284,43893932,ENSG00000179630
13,43889273,13,43879284,43893932,ENSG00000179630
13,43889421,13,43879284,43893932,ENSG00000179630
13,43889954,13,43879284,43893932,ENSG00000179630
13,43890691,13,43879284,43893932,ENSG00000179630
13,43893074,13,43879284,43893932,ENSG00000179630
13,43894195,13,43879284,43893932,ENSG00000179630
13,43895154,13,43879284,43893932,ENSG00000179630
13,43895699,13,43879284,43893932,ENSG00000179630
13,43896586,13,43879284,43893932,ENSG00000179630
13,43875369,13,43879284,43893932,ENSG00000179630
13,43877684,13,43879284,43893932,ENSG00000179630
13,43877708,13,43879284,43893932,ENSG00000179630
13,43879647,13,43879284,43893932,ENSG00000179630
13,43880181,13,43879284,43893932,ENSG00000179630
13,43880238,13,43879284,43893932,ENSG00000179630
13,43887043,13,43879284,43893932,ENSG00000179630
13,43876086,13,43879284,43893932,ENSG00000179630
13,43876153,13,43879284,43893932,ENSG00000179630
13,43876210,13,43879284,43893932,ENSG00000179630
13,43892772,13,43879284,43893932,ENSG00000179630
13,43894358,13,43879284,43893932,ENSG00000179630
13,43896794,13,43879284,43893932,ENSG00000179630
13,43898672,13,43879284,43893932,ENSG00000179630
5,455901,5,443175,471937,ENSG00000180104
5,459964,5,443175,471937,ENSG00000180104
5,453006,5,443175,471937,ENSG00000180104
5,455581,5,443175,471937,ENSG00000180104
5,458888,5,443175,471937,ENSG00000180104
5,462441,5,443175,471937,ENSG00000180104
5,464038,5,443175,471937,ENSG00000180104
5,466143,5,443175,471937,ENSG00000180104
5,470411,5,443175,471937,ENSG00000180104
5,472836,5,443175,471937,ENSG00000180104
5,473253,5,443175,471937,ENSG00000180104
5,473842,5,443175,471937,ENSG00000180104
5,473045,5,443175,471937,ENSG00000180104
5,438736,5,443175,471937,ENSG00000180104
5,458884,5,443175,471937,ENSG00000180104
5,469650,5,443175,471937,ENSG00000180104
5,476904,5,443175,471937,ENSG00000180104
5,461169,5,443175,471937,ENSG00000180104
5,439681,5,443175,471937,ENSG00000180104
5,442456,5,443175,471937,ENSG00000180104
5,476238,5,443175,471937,ENSG00000180104
5,441580,5,443175,471937,ENSG00000180104
5,441954,5,443175,471937,ENSG00000180104
5,442323,5,443175,471937,ENSG00000180104
5,443121,5,443175,471937,ENSG00000180104
5,443561,5,443175,471937,ENSG00000180104
5,444387,5,443175,471937,ENSG00000180104
5,444695,5,443175,471937,ENSG00000180104
5,446808,5,443175,471937,ENSG00000180104
5,446836,5,443175,471937,ENSG00000180104
5,448087,5,443175,471937,ENSG00000180104
5,448176,5,443175,471937,ENSG00000180104
5,448548,5,443175,471937,ENSG00000180104
5,449586,5,443175,471937,ENSG00000180104
5,449987,5,443175,471937,ENSG00000180104
5,450595,5,443175,471937,ENSG00000180104
5,450662,5,443175,471937,ENSG00000180104
5,451310,5,443175,471937,ENSG00000180104
5,475506,5,443175,471937,ENSG00000180104
5,475511,5,443175,471937,ENSG00000180104
5,475293,5,443175,471937,ENSG00000180104
5,452240,5,443175,471937,ENSG00000180104
5,475348,5,443175,471937,ENSG00000180104
5,446462,5,443175,471937,ENSG00000180104
5,442944,5,443175,471937,ENSG00000180104
5,476854,5,443175,471937,ENSG00000180104
5,441011,5,443175,471937,ENSG00000180104
5,441730,5,443175,471937,ENSG00000180104
5,441932,5,443175,471937,ENSG00000180104
5,441479,5,443175,471937,ENSG00000180104
5,452454,5,443175,471937,ENSG00000180104
5,452455,5,443175,471937,ENSG00000180104
5,476733,5,443175,471937,ENSG00000180104
5,438694,5,443175,471937,ENSG00000180104
5,438339,5,443175,471937,ENSG00000180104
5,469972,5,443175,471937,ENSG00000180104
5,457840,5,443175,471937,ENSG00000180104
5,464699,5,443175,471937,ENSG00000180104
5,464062,5,443175,471937,ENSG00000180104
5,473682,5,443175,471937,ENSG00000180104
5,457331,5,443175,471937,ENSG00000180104
6,3259859,6,3231403,3303373,ENSG00000180822
6,3260986,6,3231403,3303373,ENSG00000180822
6,3261351,6,3231403,3303373,ENSG00000180822
6,3261641,6,3231403,3303373,ENSG00000180822
6,3261654,6,3231403,3303373,ENSG00000180822
6,3261675,6,3231403,3303373,ENSG00000180822
6,3261745,6,3231403,3303373,ENSG00000180822
6,3261750,6,3231403,3303373,ENSG00000180822
6,3261774,6,3231403,3303373,ENSG00000180822
6,3262181,6,3231403,3303373,ENSG00000180822
6,3262267,6,3231403,3303373,ENSG00000180822
6,3262289,6,3231403,3303373,ENSG00000180822
6,3262308,6,3231403,3303373,ENSG00000180822
6,3262521,6,3231403,3303373,ENSG00000180822
6,3262577,6,3231403,3303373,ENSG00000180822
6,3262954,6,3231403,3303373,ENSG00000180822
6,3263053,6,3231403,3303373,ENSG00000180822
6,3263148,6,3231403,3303373,ENSG00000180822
6,3263257,6,3231403,3303373,ENSG00000180822
6,3263496,6,3231403,3303373,ENSG00000180822
6,3263596,6,3231403,3303373,ENSG00000180822
6,3263867,6,3231403,3303373,ENSG00000180822
6,3264253,6,3231403,3303373,ENSG00000180822
6,3264268,6,3231403,3303373,ENSG00000180822
6,3264293,6,3231403,3303373,ENSG00000180822
6,3264348,6,3231403,3303373,ENSG00000180822
6,3264766,6,3231403,3303373,ENSG00000180822
6,3266525,6,3231403,3303373,ENSG00000180822
6,3267012,6,3231403,3303373,ENSG00000180822
6,3253607,6,3231403,3303373,ENSG00000180822
6,3253701,6,3231403,3303373,ENSG00000180822
6,3254282,6,3231403,3303373,ENSG00000180822
6,3254535,6,3231403,3303373,ENSG00000180822
6,3254549,6,3231403,3303373,ENSG00000180822
6,3254572,6,3231403,3303373,ENSG00000180822
6,3254929,6,3231403,3303373,ENSG00000180822
6,3255510,6,3231403,3303373,ENSG00000180822
6,3255636,6,3231403,3303373,ENSG00000180822
6,3255672,6,3231403,3303373,ENSG00000180822
6,3255861,6,3231403,3303373,ENSG00000180822
6,3255901,6,3231403,3303373,ENSG00000180822
6,3255904,6,3231403,3303373,ENSG00000180822
6,3255928,6,3231403,3303373,ENSG00000180822
6,3255973,6,3231403,3303373,ENSG00000180822
6,3255978,6,3231403,3303373,ENSG00000180822
6,3256373,6,3231403,3303373,ENSG00000180822
6,3256474,6,3231403,3303373,ENSG00000180822
6,3256953,6,3231403,3303373,ENSG00000180822
6,3257788,6,3231403,3303373,ENSG00000180822
6,3257892,6,3231403,3303373,ENSG00000180822
6,3258073,6,3231403,3303373,ENSG00000180822
6,3258174,6,3231403,3303373,ENSG00000180822
6,3262033,6,3231403,3303373,ENSG00000180822
6,3262608,6,3231403,3303373,ENSG00000180822
6,3258526,6,3231403,3303373,ENSG00000180822
X,153796101,X,153793516,153798499,ENSG00000180879
X,153796320,X,153793516,153798499,ENSG00000180879
X,153799868,X,153793516,153798499,ENSG00000180879
X,153800631,X,153793516,153798499,ENSG00000180879
X,153801146,X,153793516,153798499,ENSG00000180879
X,153793792,X,153793516,153798499,ENSG00000180879
X,153794101,X,153793516,153798499,ENSG00000180879
X,153792440,X,153793516,153798499,ENSG00000180879
X,153803221,X,153793516,153798499,ENSG00000180879
X,153801655,X,153793516,153798499,ENSG00000180879
15,79914616,15,79898840,79923702,ENSG00000180953
15,79914169,15,79898840,79923702,ENSG00000180953
5,171393626,5,171387116,171411810,ENSG00000181163
5,171396597,5,171387116,171411810,ENSG00000181163
5,171410729,5,171387116,171411810,ENSG00000181163
5,171413017,5,171387116,171411810,ENSG00000181163
5,171414743,5,171387116,171411810,ENSG00000181163
5,171382124,5,171387116,171411810,ENSG00000181163
5,171391893,5,171387116,171411810,ENSG00000181163
5,171386947,5,171387116,171411810,ENSG00000181163
5,171387019,5,171387116,171411810,ENSG00000181163
5,171399320,5,171387116,171411810,ENSG00000181163
5,171405763,5,171387116,171411810,ENSG00000181163
5,171413138,5,171387116,171411810,ENSG00000181163
5,171390943,5,171387116,171411810,ENSG00000181163
5,171391960,5,171387116,171411810,ENSG00000181163
5,171402344,5,171387116,171411810,ENSG00000181163
5,171382476,5,171387116,171411810,ENSG00000181163
5,171382880,5,171387116,171411810,ENSG00000181163
5,171383094,5,171387116,171411810,ENSG00000181163
5,171383753,5,171387116,171411810,ENSG00000181163
5,171384577,5,171387116,171411810,ENSG00000181163
5,171388121,5,171387116,171411810,ENSG00000181163
5,171389397,5,171387116,171411810,ENSG00000181163
5,171389494,5,171387116,171411810,ENSG00000181163
5,171390551,5,171387116,171411810,ENSG00000181163
5,171392883,5,171387116,171411810,ENSG00000181163
5,171393020,5,171387116,171411810,ENSG00000181163
5,171393998,5,171387116,171411810,ENSG00000181163
5,171394096,5,171387116,171411810,ENSG00000181163
5,171394895,5,171387116,171411810,ENSG00000181163
5,171395144,5,171387116,171411810,ENSG00000181163
5,171395760,5,171387116,171411810,ENSG00000181163
5,171396745,5,171387116,171411810,ENSG00000181163
5,171396909,5,171387116,171411810,ENSG00000181163
5,171396960,5,171387116,171411810,ENSG00000181163
5,171397590,5,171387116,171411810,ENSG00000181163
5,171397601,5,171387116,171411810,ENSG00000181163
5,171398172,5,171387116,171411810,ENSG00000181163
5,171398909,5,171387116,171411810,ENSG00000181163
5,171399373,5,171387116,171411810,ENSG00000181163
5,171399417,5,171387116,171411810,ENSG00000181163
5,171400111,5,171387116,171411810,ENSG00000181163
5,171400114,5,171387116,171411810,ENSG00000181163
5,171400307,5,171387116,171411810,ENSG00000181163
5,171401166,5,171387116,171411810,ENSG00000181163
5,171405239,5,171387116,171411810,ENSG00000181163
5,171405633,5,171387116,171411810,ENSG00000181163
5,171406001,5,171387116,171411810,ENSG00000181163
5,171407080,5,171387116,171411810,ENSG00000181163
5,171408862,5,171387116,171411810,ENSG00000181163
5,171411280,5,171387116,171411810,ENSG00000181163
5,171412319,5,171387116,171411810,ENSG00000181163
5,171412334,5,171387116,171411810,ENSG00000181163
5,171413221,5,171387116,171411810,ENSG00000181163
5,171413958,5,171387116,171411810,ENSG00000181163
5,171414637,5,171387116,171411810,ENSG00000181163
5,171415856,5,171387116,171411810,ENSG00000181163
5,171415978,5,171387116,171411810,ENSG00000181163
5,171391902,5,171387116,171411810,ENSG00000181163
5,171391965,5,171387116,171411810,ENSG00000181163
5,171392118,5,171387116,171411810,ENSG00000181163
17,7480065,17,7484366,7514616,ENSG00000181222
17,7480938,17,7484366,7514616,ENSG00000181222
17,7481855,17,7484366,7514616,ENSG00000181222
17,7482960,17,7484366,7514616,ENSG00000181222
17,7482961,17,7484366,7514616,ENSG00000181222
17,7484279,17,7484366,7514616,ENSG00000181222
17,7485169,17,7484366,7514616,ENSG00000181222
17,7485906,17,7484366,7514616,ENSG00000181222
17,7486943,17,7484366,7514616,ENSG00000181222
17,7487486,17,7484366,7514616,ENSG00000181222
17,7488600,17,7484366,7514616,ENSG00000181222
17,7488601,17,7484366,7514616,ENSG00000181222
17,7488644,17,7484366,7514616,ENSG00000181222
17,7488758,17,7484366,7514616,ENSG00000181222
17,7489251,17,7484366,7514616,ENSG00000181222
17,7489478,17,7484366,7514616,ENSG00000181222
17,7490197,17,7484366,7514616,ENSG00000181222
17,7490296,17,7484366,7514616,ENSG00000181222
17,7490601,17,7484366,7514616,ENSG00000181222
17,7490962,17,7484366,7514616,ENSG00000181222
17,7492482,17,7484366,7514616,ENSG00000181222
17,7492850,17,7484366,7514616,ENSG00000181222
17,7494443,17,7484366,7514616,ENSG00000181222
17,7496722,17,7484366,7514616,ENSG00000181222
17,7498371,17,7484366,7514616,ENSG00000181222
17,7499237,17,7484366,7514616,ENSG00000181222
17,7499281,17,7484366,7514616,ENSG00000181222
17,7499940,17,7484366,7514616,ENSG00000181222
17,7504333,17,7484366,7514616,ENSG00000181222
17,7504388,17,7484366,7514616,ENSG00000181222
17,7504404,17,7484366,7514616,ENSG00000181222
17,7504509,17,7484366,7514616,ENSG00000181222
17,7505101,17,7484366,7514616,ENSG00000181222
17,7506893,17,7484366,7514616,ENSG00000181222
17,7507002,17,7484366,7514616,ENSG00000181222
17,7501755,17,7484366,7514616,ENSG00000181222
17,7495343,17,7484366,7514616,ENSG00000181222
17,7497129,17,7484366,7514616,ENSG00000181222
17,7508136,17,7484366,7514616,ENSG00000181222
17,7508893,17,7484366,7514616,ENSG00000181222
17,16449996,17,16441577,16492193,ENSG00000181350
17,16450434,17,16441577,16492193,ENSG00000181350
17,16450987,17,16441577,16492193,ENSG00000181350
17,16451999,17,16441577,16492193,ENSG00000181350
17,16452304,17,16441577,16492193,ENSG00000181350
17,16452557,17,16441577,16492193,ENSG00000181350
17,16454085,17,16441577,16492193,ENSG00000181350
17,16454208,17,16441577,16492193,ENSG00000181350
17,16454605,17,16441577,16492193,ENSG00000181350
17,16456743,17,16441577,16492193,ENSG00000181350
17,16441000,17,16441577,16492193,ENSG00000181350
17,16444253,17,16441577,16492193,ENSG00000181350
17,45139448,17,45132600,45144181,ENSG00000181513
12,49008610,12,49002274,49018807,ENSG00000181929
12,49014169,12,49002274,49018807,ENSG00000181929
12,49022263,12,49002274,49018807,ENSG00000181929
12,49008516,12,49002274,49018807,ENSG00000181929
12,49011863,12,49002274,49018807,ENSG00000181929
12,49014657,12,49002274,49018807,ENSG00000181929
12,49005079,12,49002274,49018807,ENSG00000181929
12,49023161,12,49002274,49018807,ENSG00000181929
12,49017363,12,49002274,49018807,ENSG00000181929
12,49014125,12,49002274,49018807,ENSG00000181929
12,49006722,12,49002274,49018807,ENSG00000181929
12,49018926,12,49002274,49018807,ENSG00000181929
12,122976172,12,122980060,122982913,ENSG00000182196
12,122976415,12,122980060,122982913,ENSG00000182196
12,122979732,12,122980060,122982913,ENSG00000182196
12,122981564,12,122980060,122982913,ENSG00000182196
12,122985100,12,122980060,122982913,ENSG00000182196
19,51712063,19,51688346,51712387,ENSG00000182310
19,51706174,19,51688346,51712387,ENSG00000182310
19,51709931,19,51688346,51712387,ENSG00000182310
19,51711075,19,51688346,51712387,ENSG00000182310
19,51711778,19,51688346,51712387,ENSG00000182310
19,51708357,19,51688346,51712387,ENSG00000182310
19,51708592,19,51688346,51712387,ENSG00000182310
19,51709146,19,51688346,51712387,ENSG00000182310
19,51705924,19,51688346,51712387,ENSG00000182310
19,51705976,19,51688346,51712387,ENSG00000182310
19,51705986,19,51688346,51712387,ENSG00000182310
19,51701538,19,51688346,51712387,ENSG00000182310
19,51700169,19,51688346,51712387,ENSG00000182310
19,51701236,19,51688346,51712387,ENSG00000182310
19,51700090,19,51688346,51712387,ENSG00000182310
19,51702577,19,51688346,51712387,ENSG00000182310
19,51697535,19,51688346,51712387,ENSG00000182310
19,51693200,19,51688346,51712387,ENSG00000182310
21,46281509,21,46286342,46297751,ENSG00000182362
21,46281571,21,46286342,46297751,ENSG00000182362
21,46281779,21,46286342,46297751,ENSG00000182362
21,46283064,21,46286342,46297751,ENSG00000182362
21,46285323,21,46286342,46297751,ENSG00000182362
21,46285759,21,46286342,46297751,ENSG00000182362
21,46287136,21,46286342,46297751,ENSG00000182362
21,46287238,21,46286342,46297751,ENSG00000182362
21,46287370,21,46286342,46297751,ENSG00000182362
21,46287425,21,46286342,46297751,ENSG00000182362
21,46287489,21,46286342,46297751,ENSG00000182362
21,46287516,21,46286342,46297751,ENSG00000182362
21,46287560,21,46286342,46297751,ENSG00000182362
21,46287668,21,46286342,46297751,ENSG00000182362
21,46287832,21,46286342,46297751,ENSG00000182362
21,46287864,21,46286342,46297751,ENSG00000182362
21,46287897,21,46286342,46297751,ENSG00000182362
21,46287903,21,46286342,46297751,ENSG00000182362
21,46287960,21,46286342,46297751,ENSG00000182362
21,46288123,21,46286342,46297751,ENSG00000182362
21,46288219,21,46286342,46297751,ENSG00000182362
21,46288355,21,46286342,46297751,ENSG00000182362
21,46288604,21,46286342,46297751,ENSG00000182362
21,46288606,21,46286342,46297751,ENSG00000182362
21,46288720,21,46286342,46297751,ENSG00000182362
21,46289004,21,46286342,46297751,ENSG00000182362
21,46289019,21,46286342,46297751,ENSG00000182362
21,46289039,21,46286342,46297751,ENSG00000182362
21,46289181,21,46286342,46297751,ENSG00000182362
21,46289495,21,46286342,46297751,ENSG00000182362
21,46290298,21,46286342,46297751,ENSG00000182362
21,46290299,21,46286342,46297751,ENSG00000182362
21,46290603,21,46286342,46297751,ENSG00000182362
21,46290605,21,46286342,46297751,ENSG00000182362
21,46290770,21,46286342,46297751,ENSG00000182362
21,46290804,21,46286342,46297751,ENSG00000182362
21,46290902,21,46286342,46297751,ENSG00000182362
21,46290906,21,46286342,46297751,ENSG00000182362
21,46290914,21,46286342,46297751,ENSG00000182362
21,46290928,21,46286342,46297751,ENSG00000182362
21,46290970,21,46286342,46297751,ENSG00000182362
21,46290977,21,46286342,46297751,ENSG00000182362
21,46291112,21,46286342,46297751,ENSG00000182362
21,46291315,21,46286342,46297751,ENSG00000182362
21,46289549,21,46286342,46297751,ENSG00000182362
21,46289550,21,46286342,46297751,ENSG00000182362
21,46286621,21,46286342,46297751,ENSG00000182362
21,46281921,21,46286342,46297751,ENSG00000182362
21,46294934,21,46286342,46297751,ENSG00000182362
21,46292271,21,46286342,46297751,ENSG00000182362
21,46289733,21,46286342,46297751,ENSG00000182362
21,46296840,21,46286342,46297751,ENSG00000182362
21,46295382,21,46286342,46297751,ENSG00000182362
21,46298850,21,46286342,46297751,ENSG00000182362
21,46299177,21,46286342,46297751,ENSG00000182362
21,46296316,21,46286342,46297751,ENSG00000182362
21,46296398,21,46286342,46297751,ENSG00000182362
21,46296766,21,46286342,46297751,ENSG00000182362
21,46296787,21,46286342,46297751,ENSG00000182362
21,46297436,21,46286342,46297751,ENSG00000182362
21,46297772,21,46286342,46297751,ENSG00000182362
21,46297990,21,46286342,46297751,ENSG00000182362
21,46300443,21,46286342,46297751,ENSG00000182362
21,46301825,21,46286342,46297751,ENSG00000182362
21,46302353,21,46286342,46297751,ENSG00000182362
21,46302477,21,46286342,46297751,ENSG00000182362
21,46302664,21,46286342,46297751,ENSG00000182362
21,46298492,21,46286342,46297751,ENSG00000182362
21,46298497,21,46286342,46297751,ENSG00000182362
21,46298506,21,46286342,46297751,ENSG00000182362
21,46298489,21,46286342,46297751,ENSG00000182362
21,46281739,21,46286342,46297751,ENSG00000182362
21,46296475,21,46286342,46297751,ENSG00000182362
21,46287140,21,46286342,46297751,ENSG00000182362
21,46299019,21,46286342,46297751,ENSG00000182362
21,46299145,21,46286342,46297751,ENSG00000182362
21,46295192,21,46286342,46297751,ENSG00000182362
21,46298719,21,46286342,46297751,ENSG00000182362
8,1754302,8,1755778,1801711,ENSG00000182372
2,3498627,2,3497366,3519531,ENSG00000182551
2,3498264,2,3497366,3519531,ENSG00000182551
2,3498284,2,3497366,3519531,ENSG00000182551
2,3498427,2,3497366,3519531,ENSG00000182551
2,3515512,2,3497366,3519531,ENSG00000182551
21,45510786,21,45405165,45513720,ENSG00000182871
21,45509806,21,45405165,45513720,ENSG00000182871
21,45510882,21,45405165,45513720,ENSG00000182871
X,103328477,X,103330229,103332326,ENSG00000182916
X,103330974,X,103330229,103332326,ENSG00000182916
X,103336515,X,103330229,103332326,ENSG00000182916
X,103332530,X,103330229,103332326,ENSG00000182916
X,103336905,X,103330229,103332326,ENSG00000182916
X,103328484,X,103330229,103332326,ENSG00000182916
X,103325801,X,103330229,103332326,ENSG00000182916
X,103335914,X,103330229,103332326,ENSG00000182916
3,134563954,3,134485699,134587789,ENSG00000182923
3,134565797,3,134485699,134587789,ENSG00000182923
3,134565820,3,134485699,134587789,ENSG00000182923
3,134567126,3,134485699,134587789,ENSG00000182923
3,134567585,3,134485699,134587789,ENSG00000182923
3,134569802,3,134485699,134587789,ENSG00000182923
3,134568071,3,134485699,134587789,ENSG00000182923
3,134569133,3,134485699,134587789,ENSG00000182923
3,134530927,3,134485699,134587789,ENSG00000182923
3,134508258,3,134485699,134587789,ENSG00000182923
3,134508450,3,134485699,134587789,ENSG00000182923
3,134556068,3,134485699,134587789,ENSG00000182923
3,134509786,3,134485699,134587789,ENSG00000182923
3,134485131,3,134485699,134587789,ENSG00000182923
3,134489325,3,134485699,134587789,ENSG00000182923
3,134490647,3,134485699,134587789,ENSG00000182923
3,134491341,3,134485699,134587789,ENSG00000182923
3,134492194,3,134485699,134587789,ENSG00000182923
3,134492222,3,134485699,134587789,ENSG00000182923
3,134492604,3,134485699,134587789,ENSG00000182923
3,134492807,3,134485699,134587789,ENSG00000182923
3,134494228,3,134485699,134587789,ENSG00000182923
3,134494823,3,134485699,134587789,ENSG00000182923
3,134495139,3,134485699,134587789,ENSG00000182923
3,134495200,3,134485699,134587789,ENSG00000182923
3,134498230,3,134485699,134587789,ENSG00000182923
3,134500977,3,134485699,134587789,ENSG00000182923
3,134501151,3,134485699,134587789,ENSG00000182923
3,134503294,3,134485699,134587789,ENSG00000182923
3,134503319,3,134485699,134587789,ENSG00000182923
3,134503665,3,134485699,134587789,ENSG00000182923
3,134503840,3,134485699,134587789,ENSG00000182923
3,134503880,3,134485699,134587789,ENSG00000182923
3,134504256,3,134485699,134587789,ENSG00000182923
3,134504706,3,134485699,134587789,ENSG00000182923
3,134504721,3,134485699,134587789,ENSG00000182923
3,134504888,3,134485699,134587789,ENSG00000182923
3,134505595,3,134485699,134587789,ENSG00000182923
3,134506060,3,134485699,134587789,ENSG00000182923
3,134506843,3,134485699,134587789,ENSG00000182923
3,134507317,3,134485699,134587789,ENSG00000182923
3,134511392,3,134485699,134587789,ENSG00000182923
3,134511969,3,134485699,134587789,ENSG00000182923
3,134513998,3,134485699,134587789,ENSG00000182923
3,134515503,3,134485699,134587789,ENSG00000182923
3,134516129,3,134485699,134587789,ENSG00000182923
3,134516323,3,134485699,134587789,ENSG00000182923
3,134516948,3,134485699,134587789,ENSG00000182923
3,134517617,3,134485699,134587789,ENSG00000182923
3,134519911,3,134485699,134587789,ENSG00000182923
3,134521572,3,134485699,134587789,ENSG00000182923
3,134523209,3,134485699,134587789,ENSG00000182923
3,134524623,3,134485699,134587789,ENSG00000182923
3,134525313,3,134485699,134587789,ENSG00000182923
3,134525548,3,134485699,134587789,ENSG00000182923
3,134526917,3,134485699,134587789,ENSG00000182923
3,134527024,3,134485699,134587789,ENSG00000182923
3,134528361,3,134485699,134587789,ENSG00000182923
3,134529959,3,134485699,134587789,ENSG00000182923
3,134531057,3,134485699,134587789,ENSG00000182923
3,134531483,3,134485699,134587789,ENSG00000182923
3,134532342,3,134485699,134587789,ENSG00000182923
3,134536149,3,134485699,134587789,ENSG00000182923
3,134537658,3,134485699,134587789,ENSG00000182923
3,134542018,3,134485699,134587789,ENSG00000182923
3,134542500,3,134485699,134587789,ENSG00000182923
3,134542595,3,134485699,134587789,ENSG00000182923
3,134542812,3,134485699,134587789,ENSG00000182923
3,134546907,3,134485699,134587789,ENSG00000182923
3,134550699,3,134485699,134587789,ENSG00000182923
3,134551314,3,134485699,134587789,ENSG00000182923
3,134552390,3,134485699,134587789,ENSG00000182923
3,134553779,3,134485699,134587789,ENSG00000182923
3,134554185,3,134485699,134587789,ENSG00000182923
3,134555349,3,134485699,134587789,ENSG00000182923
3,134555496,3,134485699,134587789,ENSG00000182923
3,134555878,3,134485699,134587789,ENSG00000182923
3,134556759,3,134485699,134587789,ENSG00000182923
3,134558459,3,134485699,134587789,ENSG00000182923
3,134562106,3,134485699,134587789,ENSG00000182923
3,134565925,3,134485699,134587789,ENSG00000182923
3,134571637,3,134485699,134587789,ENSG00000182923
3,134571638,3,134485699,134587789,ENSG00000182923
3,134572521,3,134485699,134587789,ENSG00000182923
3,134573071,3,134485699,134587789,ENSG00000182923
3,134512409,3,134485699,134587789,ENSG00000182923
3,134514396,3,134485699,134587789,ENSG00000182923
3,134517128,3,134485699,134587789,ENSG00000182923
3,134517464,3,134485699,134587789,ENSG00000182923
3,134524033,3,134485699,134587789,ENSG00000182923
3,134526592,3,134485699,134587789,ENSG00000182923
3,134533543,3,134485699,134587789,ENSG00000182923
3,134536147,3,134485699,134587789,ENSG00000182923
3,134542281,3,134485699,134587789,ENSG00000182923
3,134547282,3,134485699,134587789,ENSG00000182923
3,134547479,3,134485699,134587789,ENSG00000182923
3,134548650,3,134485699,134587789,ENSG00000182923
3,134548677,3,134485699,134587789,ENSG00000182923
3,134549895,3,134485699,134587789,ENSG00000182923
3,134551505,3,134485699,134587789,ENSG00000182923
3,134551626,3,134485699,134587789,ENSG00000182923
3,134553941,3,134485699,134587789,ENSG00000182923
3,134555563,3,134485699,134587789,ENSG00000182923
3,134558353,3,134485699,134587789,ENSG00000182923
3,134560355,3,134485699,134587789,ENSG00000182923
3,134563564,3,134485699,134587789,ENSG00000182923
3,134570253,3,134485699,134587789,ENSG00000182923
3,134571018,3,134485699,134587789,ENSG00000182923
3,134572335,3,134485699,134587789,ENSG00000182923
3,134572714,3,134485699,134587789,ENSG00000182923
3,134574449,3,134485699,134587789,ENSG00000182923
3,134575811,3,134485699,134587789,ENSG00000182923
3,134576859,3,134485699,134587789,ENSG00000182923
3,134492480,3,134485699,134587789,ENSG00000182923
3,134497297,3,134485699,134587789,ENSG00000182923
3,134499715,3,134485699,134587789,ENSG00000182923
3,134504169,3,134485699,134587789,ENSG00000182923
3,134504176,3,134485699,134587789,ENSG00000182923
3,134579570,3,134485699,134587789,ENSG00000182923
3,134577117,3,134485699,134587789,ENSG00000182923
3,134481363,3,134485699,134587789,ENSG00000182923
3,134486603,3,134485699,134587789,ENSG00000182923
3,134487078,3,134485699,134587789,ENSG00000182923
3,134487227,3,134485699,134587789,ENSG00000182923
3,134488235,3,134485699,134587789,ENSG00000182923
3,134496199,3,134485699,134587789,ENSG00000182923
3,134496210,3,134485699,134587789,ENSG00000182923
3,134500159,3,134485699,134587789,ENSG00000182923
3,134514078,3,134485699,134587789,ENSG00000182923
3,134514250,3,134485699,134587789,ENSG00000182923
3,134518261,3,134485699,134587789,ENSG00000182923
3,134519499,3,134485699,134587789,ENSG00000182923
3,134520122,3,134485699,134587789,ENSG00000182923
3,134520349,3,134485699,134587789,ENSG00000182923
3,134528389,3,134485699,134587789,ENSG00000182923
3,134533272,3,134485699,134587789,ENSG00000182923
3,134543845,3,134485699,134587789,ENSG00000182923
3,134545149,3,134485699,134587789,ENSG00000182923
3,134546017,3,134485699,134587789,ENSG00000182923
3,134549777,3,134485699,134587789,ENSG00000182923
3,134554304,3,134485699,134587789,ENSG00000182923
3,134568755,3,134485699,134587789,ENSG00000182923
3,134575659,3,134485699,134587789,ENSG00000182923
3,134577001,3,134485699,134587789,ENSG00000182923
3,134577946,3,134485699,134587789,ENSG00000182923
3,134579325,3,134485699,134587789,ENSG00000182923
3,134579829,3,134485699,134587789,ENSG00000182923
3,134493684,3,134485699,134587789,ENSG00000182923
3,134579712,3,134485699,134587789,ENSG00000182923
3,134481840,3,134485699,134587789,ENSG00000182923
3,134481981,3,134485699,134587789,ENSG00000182923
3,134482083,3,134485699,134587789,ENSG00000182923
3,134483664,3,134485699,134587789,ENSG00000182923
3,134486229,3,134485699,134587789,ENSG00000182923
3,134486385,3,134485699,134587789,ENSG00000182923
3,134486389,3,134485699,134587789,ENSG00000182923
3,134487886,3,134485699,134587789,ENSG00000182923
3,134487907,3,134485699,134587789,ENSG00000182923
3,134488003,3,134485699,134587789,ENSG00000182923
3,134489290,3,134485699,134587789,ENSG00000182923
3,134480770,3,134485699,134587789,ENSG00000182923
3,134484505,3,134485699,134587789,ENSG00000182923
3,134494696,3,134485699,134587789,ENSG00000182923
3,134500177,3,134485699,134587789,ENSG00000182923
3,134511024,3,134485699,134587789,ENSG00000182923
3,134513508,3,134485699,134587789,ENSG00000182923
3,134523179,3,134485699,134587789,ENSG00000182923
3,134531257,3,134485699,134587789,ENSG00000182923
3,134536153,3,134485699,134587789,ENSG00000182923
3,134541112,3,134485699,134587789,ENSG00000182923
3,134541753,3,134485699,134587789,ENSG00000182923
3,134552295,3,134485699,134587789,ENSG00000182923
3,134577671,3,134485699,134587789,ENSG00000182923
3,134499855,3,134485699,134587789,ENSG00000182923
17,4536237,17,4498881,4539035,ENSG00000183018
17,4538470,17,4498881,4539035,ENSG00000183018
17,4529593,17,4498881,4539035,ENSG00000183018
17,4537259,17,4498881,4539035,ENSG00000183018
17,4538590,17,4498881,4539035,ENSG00000183018
17,4537612,17,4498881,4539035,ENSG00000183018
17,4536202,17,4498881,4539035,ENSG00000183018
17,4534630,17,4498881,4539035,ENSG00000183018
5,149626863,5,149551947,149634968,ENSG00000183111
5,149627077,5,149551947,149634968,ENSG00000183111
5,149627496,5,149551947,149634968,ENSG00000183111
5,149628403,5,149551947,149634968,ENSG00000183111
5,149619822,5,149551947,149634968,ENSG00000183111
5,149620318,5,149551947,149634968,ENSG00000183111
5,149620476,5,149551947,149634968,ENSG00000183111
5,149620692,5,149551947,149634968,ENSG00000183111
5,149621540,5,149551947,149634968,ENSG00000183111
5,149622387,5,149551947,149634968,ENSG00000183111
5,149624553,5,149551947,149634968,ENSG00000183111
5,149626955,5,149551947,149634968,ENSG00000183111
5,149628186,5,149551947,149634968,ENSG00000183111
5,149629188,5,149551947,149634968,ENSG00000183111
5,149624649,5,149551947,149634968,ENSG00000183111
5,149614039,5,149551947,149634968,ENSG00000183111
5,149614123,5,149551947,149634968,ENSG00000183111
5,149621379,5,149551947,149634968,ENSG00000183111
5,149624288,5,149551947,149634968,ENSG00000183111
5,149625434,5,149551947,149634968,ENSG00000183111
5,149626211,5,149551947,149634968,ENSG00000183111
5,149626772,5,149551947,149634968,ENSG00000183111
5,149625264,5,149551947,149634968,ENSG00000183111
5,149634281,5,149551947,149634968,ENSG00000183111
5,149636958,5,149551947,149634968,ENSG00000183111
5,149615946,5,149551947,149634968,ENSG00000183111
5,149620688,5,149551947,149634968,ENSG00000183111
5,149621988,5,149551947,149634968,ENSG00000183111
5,149618685,5,149551947,149634968,ENSG00000183111
5,149618687,5,149551947,149634968,ENSG00000183111
5,149625135,5,149551947,149634968,ENSG00000183111
5,149616316,5,149551947,149634968,ENSG00000183111
5,149632488,5,149551947,149634968,ENSG00000183111
5,149635994,5,149551947,149634968,ENSG00000183111
5,149627274,5,149551947,149634968,ENSG00000183111
5,149627316,5,149551947,149634968,ENSG00000183111
5,149628439,5,149551947,149634968,ENSG00000183111
5,149638850,5,149551947,149634968,ENSG00000183111
5,149622504,5,149551947,149634968,ENSG00000183111
5,149636995,5,149551947,149634968,ENSG00000183111
5,149615102,5,149551947,149634968,ENSG00000183111
5,149624688,5,149551947,149634968,ENSG00000183111
5,149633219,5,149551947,149634968,ENSG00000183111
5,149637742,5,149551947,149634968,ENSG00000183111
5,149639019,5,149551947,149634968,ENSG00000183111
5,149636045,5,149551947,149634968,ENSG00000183111
5,149601483,5,149551947,149634968,ENSG00000183111
5,149628840,5,149551947,149634968,ENSG00000183111
5,149629458,5,149551947,149634968,ENSG00000183111
5,149637744,5,149551947,149634968,ENSG00000183111
5,149612177,5,149551947,149634968,ENSG00000183111
5,149613041,5,149551947,149634968,ENSG00000183111
5,149600585,5,149551947,149634968,ENSG00000183111
5,149600889,5,149551947,149634968,ENSG00000183111
5,149603051,5,149551947,149634968,ENSG00000183111
5,149606228,5,149551947,149634968,ENSG00000183111
5,149606813,5,149551947,149634968,ENSG00000183111
5,149607890,5,149551947,149634968,ENSG00000183111
5,149610650,5,149551947,149634968,ENSG00000183111
5,149602257,5,149551947,149634968,ENSG00000183111
5,149602987,5,149551947,149634968,ENSG00000183111
5,149604438,5,149551947,149634968,ENSG00000183111
5,149605301,5,149551947,149634968,ENSG00000183111
5,149606436,5,149551947,149634968,ENSG00000183111
5,149599314,5,149551947,149634968,ENSG00000183111
5,149628958,5,149551947,149634968,ENSG00000183111
5,149608537,5,149551947,149634968,ENSG00000183111
5,149598050,5,149551947,149634968,ENSG00000183111
5,149598544,5,149551947,149634968,ENSG00000183111
5,149591063,5,149551947,149634968,ENSG00000183111
5,149592062,5,149551947,149634968,ENSG00000183111
5,149593148,5,149551947,149634968,ENSG00000183111
5,149606980,5,149551947,149634968,ENSG00000183111
5,149591742,5,149551947,149634968,ENSG00000183111
5,149608560,5,149551947,149634968,ENSG00000183111
5,149609260,5,149551947,149634968,ENSG00000183111
5,149609749,5,149551947,149634968,ENSG00000183111
5,149609757,5,149551947,149634968,ENSG00000183111
5,149610444,5,149551947,149634968,ENSG00000183111
2,86997878,2,87002559,87021852,ENSG00000183281
8,143634996,8,143636019,143656418,ENSG00000183309
8,143641368,8,143636019,143656418,ENSG00000183309
8,143642893,8,143636019,143656418,ENSG00000183309
8,143643588,8,143636019,143656418,ENSG00000183309
8,143636398,8,143636019,143656418,ENSG00000183309
8,143636084,8,143636019,143656418,ENSG00000183309
22,42565854,22,42553617,42574382,ENSG00000183569
22,42576584,22,42553617,42574382,ENSG00000183569
22,42571229,22,42553617,42574382,ENSG00000183569
22,42574257,22,42553617,42574382,ENSG00000183569
22,42573124,22,42553617,42574382,ENSG00000183569
22,42578575,22,42553617,42574382,ENSG00000183569
22,42571397,22,42553617,42574382,ENSG00000183569
22,42566569,22,42553617,42574382,ENSG00000183569
22,42575667,22,42553617,42574382,ENSG00000183569
22,42559968,22,42553617,42574382,ENSG00000183569
10,119163827,10,119140767,119165714,ENSG00000183605
10,119161076,10,119140767,119165714,ENSG00000183605
1,25361785,1,25338317,25362361,ENSG00000183726
1,25341420,1,25338317,25362361,ENSG00000183726
1,25336580,1,25338317,25362361,ENSG00000183726
1,25348294,1,25338317,25362361,ENSG00000183726
1,25348422,1,25338317,25362361,ENSG00000183726
1,25350444,1,25338317,25362361,ENSG00000183726
1,25357521,1,25338317,25362361,ENSG00000183726
1,25342223,1,25338317,25362361,ENSG00000183726
1,25351353,1,25338317,25362361,ENSG00000183726
1,25358993,1,25338317,25362361,ENSG00000183726
1,25361410,1,25338317,25362361,ENSG00000183726
1,25341835,1,25338317,25362361,ENSG00000183726
16,15377209,16,15363628,15381047,ENSG00000183793
16,15371563,16,15363628,15381047,ENSG00000183793
14,105180133,14,105172938,105181323,ENSG00000183828
14,105177282,14,105172938,105181323,ENSG00000183828
14,105174123,14,105172938,105181323,ENSG00000183828
14,105175679,14,105172938,105181323,ENSG00000183828
14,105175801,14,105172938,105181323,ENSG00000183828
14,105176302,14,105172938,105181323,ENSG00000183828
14,105177814,14,105172938,105181323,ENSG00000183828
14,105177945,14,105172938,105181323,ENSG00000183828
14,105170793,14,105172938,105181323,ENSG00000183828
14,105172594,14,105172938,105181323,ENSG00000183828
14,105174149,14,105172938,105181323,ENSG00000183828
14,105177315,14,105172938,105181323,ENSG00000183828
14,105172704,14,105172938,105181323,ENSG00000183828
14,105178084,14,105172938,105181323,ENSG00000183828
14,105179842,14,105172938,105181323,ENSG00000183828
14,105175439,14,105172938,105181323,ENSG00000183828
14,105170250,14,105172938,105181323,ENSG00000183828
14,105181663,14,105172938,105181323,ENSG00000183828
14,105182478,14,105172938,105181323,ENSG00000183828
14,105182564,14,105172938,105181323,ENSG00000183828
14,105170819,14,105172938,105181323,ENSG00000183828
14,105170921,14,105172938,105181323,ENSG00000183828
14,105182626,14,105172938,105181323,ENSG00000183828
14,105182269,14,105172938,105181323,ENSG00000183828
14,105182271,14,105172938,105181323,ENSG00000183828
14,105170208,14,105172938,105181323,ENSG00000183828
14,105178045,14,105172938,105181323,ENSG00000183828
14,105173739,14,105172938,105181323,ENSG00000183828
2,238014760,2,237966827,238042782,ENSG00000184182
2,237965667,2,237966827,238042782,ENSG00000184182
2,237966849,2,237966827,238042782,ENSG00000184182
2,237961941,2,237966827,238042782,ENSG00000184182
2,237963852,2,237966827,238042782,ENSG00000184182
2,237993054,2,237966827,238042782,ENSG00000184182
2,238000554,2,237966827,238042782,ENSG00000184182
2,238001425,2,237966827,238042782,ENSG00000184182
2,238013517,2,237966827,238042782,ENSG00000184182
2,238015915,2,237966827,238042782,ENSG00000184182
12,123477935,12,123458088,123473154,ENSG00000184209
12,123453806,12,123458088,123473154,ENSG00000184209
12,123453941,12,123458088,123473154,ENSG00000184209
12,123458429,12,123458088,123473154,ENSG00000184209
12,123465041,12,123458088,123473154,ENSG00000184209
12,123471298,12,123458088,123473154,ENSG00000184209
12,123472202,12,123458088,123473154,ENSG00000184209
12,123473320,12,123458088,123473154,ENSG00000184209
12,123454407,12,123458088,123473154,ENSG00000184209
12,123477890,12,123458088,123473154,ENSG00000184209
12,123474390,12,123458088,123473154,ENSG00000184209
12,123474545,12,123458088,123473154,ENSG00000184209
12,123475927,12,123458088,123473154,ENSG00000184209
12,123454246,12,123458088,123473154,ENSG00000184209
12,123455915,12,123458088,123473154,ENSG00000184209
12,123458667,12,123458088,123473154,ENSG00000184209
12,123461135,12,123458088,123473154,ENSG00000184209
12,123466876,12,123458088,123473154,ENSG00000184209
12,123463203,12,123458088,123473154,ENSG00000184209
12,123464464,12,123458088,123473154,ENSG00000184209
12,123468192,12,123458088,123473154,ENSG00000184209
12,123454774,12,123458088,123473154,ENSG00000184209
12,123455286,12,123458088,123473154,ENSG00000184209
12,123457273,12,123458088,123473154,ENSG00000184209
12,123457385,12,123458088,123473154,ENSG00000184209
12,123461952,12,123458088,123473154,ENSG00000184209
12,123467485,12,123458088,123473154,ENSG00000184209
12,123454187,12,123458088,123473154,ENSG00000184209
12,123454940,12,123458088,123473154,ENSG00000184209
12,123473419,12,123458088,123473154,ENSG00000184209
12,123466769,12,123458088,123473154,ENSG00000184209
12,123459106,12,123458088,123473154,ENSG00000184209
12,123464362,12,123458088,123473154,ENSG00000184209
12,123466933,12,123458088,123473154,ENSG00000184209
12,123468337,12,123458088,123473154,ENSG00000184209
12,123470811,12,123458088,123473154,ENSG00000184209
12,123461859,12,123458088,123473154,ENSG00000184209
13,113808109,13,113759226,113816995,ENSG00000184497
13,113803846,13,113759226,113816995,ENSG00000184497
13,113812132,13,113759226,113816995,ENSG00000184497
13,113795389,13,113759226,113816995,ENSG00000184497
13,113804863,13,113759226,113816995,ENSG00000184497
13,113804012,13,113759226,113816995,ENSG00000184497
13,113798933,13,113759226,113816995,ENSG00000184497
13,113800405,13,113759226,113816995,ENSG00000184497
13,113803039,13,113759226,113816995,ENSG00000184497
13,113803109,13,113759226,113816995,ENSG00000184497
13,113801063,13,113759226,113816995,ENSG00000184497
13,113793603,13,113759226,113816995,ENSG00000184497
13,113799443,13,113759226,113816995,ENSG00000184497
13,113790015,13,113759226,113816995,ENSG00000184497
13,113782804,13,113759226,113816995,ENSG00000184497
13,113790022,13,113759226,113816995,ENSG00000184497
13,113791272,13,113759226,113816995,ENSG00000184497
13,113791989,13,113759226,113816995,ENSG00000184497
4,1983005,4,1982717,2041903,ENSG00000185049
12,132133521,12,132136594,132144319,ENSG00000185163
12,132140560,12,132136594,132144319,ENSG00000185163
12,132133262,12,132136594,132144319,ENSG00000185163
12,132141880,12,132136594,132144319,ENSG00000185163
12,132141098,12,132136594,132144319,ENSG00000185163
12,132148365,12,132136594,132144319,ENSG00000185163
12,132134554,12,132136594,132144319,ENSG00000185163
15,101666047,15,101653596,101724473,ENSG00000185418
15,101666514,15,101653596,101724473,ENSG00000185418
15,101653141,15,101653596,101724473,ENSG00000185418
15,101661144,15,101653596,101724473,ENSG00000185418
15,101652337,15,101653596,101724473,ENSG00000185418
15,101653333,15,101653596,101724473,ENSG00000185418
15,101654200,15,101653596,101724473,ENSG00000185418
15,101654832,15,101653596,101724473,ENSG00000185418
15,101655983,15,101653596,101724473,ENSG00000185418
15,101660518,15,101653596,101724473,ENSG00000185418
15,101669408,15,101653596,101724473,ENSG00000185418
15,101670768,15,101653596,101724473,ENSG00000185418
15,101671451,15,101653596,101724473,ENSG00000185418
15,101673915,15,101653596,101724473,ENSG00000185418
15,101666400,15,101653596,101724473,ENSG00000185418
15,101672591,15,101653596,101724473,ENSG00000185418
15,101683487,15,101653596,101724473,ENSG00000185418
15,101649888,15,101653596,101724473,ENSG00000185418
15,101685418,15,101653596,101724473,ENSG00000185418
15,101657369,15,101653596,101724473,ENSG00000185418
15,101651831,15,101653596,101724473,ENSG00000185418
15,101695884,15,101653596,101724473,ENSG00000185418
15,101653029,15,101653596,101724473,ENSG00000185418
15,101669549,15,101653596,101724473,ENSG00000185418
15,101684398,15,101653596,101724473,ENSG00000185418
15,101704393,15,101653596,101724473,ENSG00000185418
15,101706813,15,101653596,101724473,ENSG00000185418
15,101703151,15,101653596,101724473,ENSG00000185418
15,101691802,15,101653596,101724473,ENSG00000185418
15,101711790,15,101653596,101724473,ENSG00000185418
15,101685213,15,101653596,101724473,ENSG00000185418
15,101719340,15,101653596,101724473,ENSG00000185418
15,101715178,15,101653596,101724473,ENSG00000185418
15,101704229,15,101653596,101724473,ENSG00000185418
15,101716314,15,101653596,101724473,ENSG00000185418
15,101716980,15,101653596,101724473,ENSG00000185418
15,101717017,15,101653596,101724473,ENSG00000185418
15,101728792,15,101653596,101724473,ENSG00000185418
15,101698058,15,101653596,101724473,ENSG00000185418
21,39495090,21,39445855,39515506,ENSG00000185437
21,39495633,21,39445855,39515506,ENSG00000185437
21,39496226,21,39445855,39515506,ENSG00000185437
21,39496368,21,39445855,39515506,ENSG00000185437
21,39497320,21,39445855,39515506,ENSG00000185437
21,39498037,21,39445855,39515506,ENSG00000185437
21,39498709,21,39445855,39515506,ENSG00000185437
21,39498718,21,39445855,39515506,ENSG00000185437
21,39498857,21,39445855,39515506,ENSG00000185437
21,39499113,21,39445855,39515506,ENSG00000185437
21,39499884,21,39445855,39515506,ENSG00000185437
21,39500159,21,39445855,39515506,ENSG00000185437
21,39502166,21,39445855,39515506,ENSG00000185437
21,39503248,21,39445855,39515506,ENSG00000185437
21,39499260,21,39445855,39515506,ENSG00000185437
21,39495707,21,39445855,39515506,ENSG00000185437
21,39481206,21,39445855,39515506,ENSG00000185437
21,39482313,21,39445855,39515506,ENSG00000185437
21,39486830,21,39445855,39515506,ENSG00000185437
21,39488584,21,39445855,39515506,ENSG00000185437
21,39489750,21,39445855,39515506,ENSG00000185437
21,39491235,21,39445855,39515506,ENSG00000185437
21,39491297,21,39445855,39515506,ENSG00000185437
21,39491788,21,39445855,39515506,ENSG00000185437
21,39491809,21,39445855,39515506,ENSG00000185437
21,39500202,21,39445855,39515506,ENSG00000185437
21,39500335,21,39445855,39515506,ENSG00000185437
21,39502259,21,39445855,39515506,ENSG00000185437
21,39508248,21,39445855,39515506,ENSG00000185437
21,39497344,21,39445855,39515506,ENSG00000185437
21,39494160,21,39445855,39515506,ENSG00000185437
21,39480411,21,39445855,39515506,ENSG00000185437
21,39482574,21,39445855,39515506,ENSG00000185437
21,39483331,21,39445855,39515506,ENSG00000185437
21,39485427,21,39445855,39515506,ENSG00000185437
21,39485978,21,39445855,39515506,ENSG00000185437
21,39484471,21,39445855,39515506,ENSG00000185437
21,39485597,21,39445855,39515506,ENSG00000185437
21,39487782,21,39445855,39515506,ENSG00000185437
21,39489601,21,39445855,39515506,ENSG00000185437
21,39490318,21,39445855,39515506,ENSG00000185437
21,39490386,21,39445855,39515506,ENSG00000185437
21,39490653,21,39445855,39515506,ENSG00000185437
21,39490796,21,39445855,39515506,ENSG00000185437
21,39490834,21,39445855,39515506,ENSG00000185437
21,39491075,21,39445855,39515506,ENSG00000185437
21,39511744,21,39445855,39515506,ENSG00000185437
21,39479858,21,39445855,39515506,ENSG00000185437
21,39505879,21,39445855,39515506,ENSG00000185437
21,39510177,21,39445855,39515506,ENSG00000185437
21,39510217,21,39445855,39515506,ENSG00000185437
21,39510222,21,39445855,39515506,ENSG00000185437
21,39518898,21,39445855,39515506,ENSG00000185437
21,39492288,21,39445855,39515506,ENSG00000185437
21,39496137,21,39445855,39515506,ENSG00000185437
21,39496392,21,39445855,39515506,ENSG00000185437
21,39501837,21,39445855,39515506,ENSG00000185437
21,39506682,21,39445855,39515506,ENSG00000185437
21,39508954,21,39445855,39515506,ENSG00000185437
21,39511097,21,39445855,39515506,ENSG00000185437
21,39514889,21,39445855,39515506,ENSG00000185437
21,39503417,21,39445855,39515506,ENSG00000185437
21,39479630,21,39445855,39515506,ENSG00000185437
21,39456219,21,39445855,39515506,ENSG00000185437
21,39456940,21,39445855,39515506,ENSG00000185437
21,39458206,21,39445855,39515506,ENSG00000185437
21,39444705,21,39445855,39515506,ENSG00000185437
21,39445014,21,39445855,39515506,ENSG00000185437
21,39445145,21,39445855,39515506,ENSG00000185437
21,39445201,21,39445855,39515506,ENSG00000185437
21,39445213,21,39445855,39515506,ENSG00000185437
21,39445342,21,39445855,39515506,ENSG00000185437
21,39445430,21,39445855,39515506,ENSG00000185437
21,39445581,21,39445855,39515506,ENSG00000185437
21,39447759,21,39445855,39515506,ENSG00000185437
21,39449277,21,39445855,39515506,ENSG00000185437
21,39451014,21,39445855,39515506,ENSG00000185437
21,39464515,21,39445855,39515506,ENSG00000185437
21,39471777,21,39445855,39515506,ENSG00000185437
21,39490407,21,39445855,39515506,ENSG00000185437
21,39445504,21,39445855,39515506,ENSG00000185437
21,39472374,21,39445855,39515506,ENSG00000185437
21,39468678,21,39445855,39515506,ENSG00000185437
21,39470534,21,39445855,39515506,ENSG00000185437
21,39475085,21,39445855,39515506,ENSG00000185437
21,39466241,21,39445855,39515506,ENSG00000185437
21,39466516,21,39445855,39515506,ENSG00000185437
1,155192276,1,155185824,155192916,ENSG00000185499
1,155194689,1,155185824,155192916,ENSG00000185499
11,62748320,11,62748319,62754184,ENSG00000185670
21,37072590,21,37062846,37073170,ENSG00000185808
21,37071374,21,37062846,37073170,ENSG00000185808
21,37075725,21,37062846,37073170,ENSG00000185808
21,37061219,21,37062846,37073170,ENSG00000185808
21,37064654,21,37062846,37073170,ENSG00000185808
21,37070182,21,37062846,37073170,ENSG00000185808
21,37072769,21,37062846,37073170,ENSG00000185808
21,37072795,21,37062846,37073170,ENSG00000185808
21,37074281,21,37062846,37073170,ENSG00000185808
21,37074321,21,37062846,37073170,ENSG00000185808
21,37074618,21,37062846,37073170,ENSG00000185808
21,37074655,21,37062846,37073170,ENSG00000185808
21,37074740,21,37062846,37073170,ENSG00000185808
21,37074764,21,37062846,37073170,ENSG00000185808
21,37074832,21,37062846,37073170,ENSG00000185808
21,37075123,21,37062846,37073170,ENSG00000185808
21,37075639,21,37062846,37073170,ENSG00000185808
21,37075769,21,37062846,37073170,ENSG00000185808
21,37076300,21,37062846,37073170,ENSG00000185808
21,37076580,21,37062846,37073170,ENSG00000185808
21,37077210,21,37062846,37073170,ENSG00000185808
21,37077708,21,37062846,37073170,ENSG00000185808
21,37077725,21,37062846,37073170,ENSG00000185808
21,37078017,21,37062846,37073170,ENSG00000185808
21,37074019,21,37062846,37073170,ENSG00000185808
21,37060025,21,37062846,37073170,ENSG00000185808
21,37062325,21,37062846,37073170,ENSG00000185808
21,37065463,21,37062846,37073170,ENSG00000185808
21,37068855,21,37062846,37073170,ENSG00000185808
21,37069836,21,37062846,37073170,ENSG00000185808
21,37070082,21,37062846,37073170,ENSG00000185808
21,37059974,21,37062846,37073170,ENSG00000185808
21,37060321,21,37062846,37073170,ENSG00000185808
21,37073754,21,37062846,37073170,ENSG00000185808
21,37075084,21,37062846,37073170,ENSG00000185808
21,37072695,21,37062846,37073170,ENSG00000185808
17,46535099,17,46499780,46579695,ENSG00000185829
17,46532110,17,46499780,46579695,ENSG00000185829
17,46553527,17,46499780,46579695,ENSG00000185829
17,46539865,17,46499780,46579695,ENSG00000185829
17,46548670,17,46499780,46579695,ENSG00000185829
17,46534412,17,46499780,46579695,ENSG00000185829
17,46551498,17,46499780,46579695,ENSG00000185829
17,46543474,17,46499780,46579695,ENSG00000185829
17,46541752,17,46499780,46579695,ENSG00000185829
17,46532132,17,46499780,46579695,ENSG00000185829
17,46542786,17,46499780,46579695,ENSG00000185829
17,46534973,17,46499780,46579695,ENSG00000185829
21,36078827,21,36034541,36079389,ENSG00000185917
21,36064765,21,36034541,36079389,ENSG00000185917
21,36065984,21,36034541,36079389,ENSG00000185917
21,36068594,21,36034541,36079389,ENSG00000185917
21,36077904,21,36034541,36079389,ENSG00000185917
21,36074154,21,36034541,36079389,ENSG00000185917
21,36075413,21,36034541,36079389,ENSG00000185917
21,36045191,21,36034541,36079389,ENSG00000185917
21,36064951,21,36034541,36079389,ENSG00000185917
21,36033787,21,36034541,36079389,ENSG00000185917
21,36034380,21,36034541,36079389,ENSG00000185917
21,36036310,21,36034541,36079389,ENSG00000185917
21,36046909,21,36034541,36079389,ENSG00000185917
21,36047488,21,36034541,36079389,ENSG00000185917
21,36047546,21,36034541,36079389,ENSG00000185917
21,36047804,21,36034541,36079389,ENSG00000185917
21,36050668,21,36034541,36079389,ENSG00000185917
21,36059421,21,36034541,36079389,ENSG00000185917
21,36060858,21,36034541,36079389,ENSG00000185917
21,36071595,21,36034541,36079389,ENSG00000185917
21,36053657,21,36034541,36079389,ENSG00000185917
21,36053673,21,36034541,36079389,ENSG00000185917
21,36032967,21,36034541,36079389,ENSG00000185917
21,36082784,21,36034541,36079389,ENSG00000185917
21,36065268,21,36034541,36079389,ENSG00000185917
21,36071182,21,36034541,36079389,ENSG00000185917
21,36074727,21,36034541,36079389,ENSG00000185917
X,155548462,X,155489011,155719098,ENSG00000185973
X,155549909,X,155489011,155719098,ENSG00000185973
X,155551073,X,155489011,155719098,ENSG00000185973
X,155552039,X,155489011,155719098,ENSG00000185973
X,155548617,X,155489011,155719098,ENSG00000185973
X,155659762,X,155489011,155719098,ENSG00000185973
X,155664319,X,155489011,155719098,ENSG00000185973
X,155668032,X,155489011,155719098,ENSG00000185973
X,155668207,X,155489011,155719098,ENSG00000185973
X,155507307,X,155489011,155719098,ENSG00000185973
X,155507715,X,155489011,155719098,ENSG00000185973
X,155509839,X,155489011,155719098,ENSG00000185973
X,155510518,X,155489011,155719098,ENSG00000185973
X,155523625,X,155489011,155719098,ENSG00000185973
X,155525592,X,155489011,155719098,ENSG00000185973
X,155528511,X,155489011,155719098,ENSG00000185973
X,155528816,X,155489011,155719098,ENSG00000185973
X,155530429,X,155489011,155719098,ENSG00000185973
X,155533707,X,155489011,155719098,ENSG00000185973
X,155536935,X,155489011,155719098,ENSG00000185973
X,155537111,X,155489011,155719098,ENSG00000185973
X,155540629,X,155489011,155719098,ENSG00000185973
X,155545046,X,155489011,155719098,ENSG00000185973
X,155546536,X,155489011,155719098,ENSG00000185973
X,155546849,X,155489011,155719098,ENSG00000185973
X,155546983,X,155489011,155719098,ENSG00000185973
X,155547903,X,155489011,155719098,ENSG00000185973
X,155548258,X,155489011,155719098,ENSG00000185973
X,155556552,X,155489011,155719098,ENSG00000185973
X,155557395,X,155489011,155719098,ENSG00000185973
X,155559835,X,155489011,155719098,ENSG00000185973
X,155574640,X,155489011,155719098,ENSG00000185973
X,155575441,X,155489011,155719098,ENSG00000185973
X,155576250,X,155489011,155719098,ENSG00000185973
X,155579195,X,155489011,155719098,ENSG00000185973
X,155579544,X,155489011,155719098,ENSG00000185973
X,155581516,X,155489011,155719098,ENSG00000185973
X,155581571,X,155489011,155719098,ENSG00000185973
X,155586778,X,155489011,155719098,ENSG00000185973
X,155589342,X,155489011,155719098,ENSG00000185973
X,155589707,X,155489011,155719098,ENSG00000185973
X,155593213,X,155489011,155719098,ENSG00000185973
X,155596004,X,155489011,155719098,ENSG00000185973
X,155597113,X,155489011,155719098,ENSG00000185973
X,155597499,X,155489011,155719098,ENSG00000185973
X,155597619,X,155489011,155719098,ENSG00000185973
X,155600716,X,155489011,155719098,ENSG00000185973
X,155601083,X,155489011,155719098,ENSG00000185973
X,155609426,X,155489011,155719098,ENSG00000185973
X,155614626,X,155489011,155719098,ENSG00000185973
X,155614999,X,155489011,155719098,ENSG00000185973
X,155615443,X,155489011,155719098,ENSG00000185973
X,155616443,X,155489011,155719098,ENSG00000185973
X,155617828,X,155489011,155719098,ENSG00000185973
X,155619098,X,155489011,155719098,ENSG00000185973
X,155620464,X,155489011,155719098,ENSG00000185973
X,155621140,X,155489011,155719098,ENSG00000185973
X,155621862,X,155489011,155719098,ENSG00000185973
X,155625945,X,155489011,155719098,ENSG00000185973
X,155626620,X,155489011,155719098,ENSG00000185973
X,155627048,X,155489011,155719098,ENSG00000185973
X,155627103,X,155489011,155719098,ENSG00000185973
X,155627113,X,155489011,155719098,ENSG00000185973
X,155629064,X,155489011,155719098,ENSG00000185973
X,155630622,X,155489011,155719098,ENSG00000185973
X,155636254,X,155489011,155719098,ENSG00000185973
X,155640536,X,155489011,155719098,ENSG00000185973
X,155642082,X,155489011,155719098,ENSG00000185973
X,155643046,X,155489011,155719098,ENSG00000185973
X,155645176,X,155489011,155719098,ENSG00000185973
X,155645531,X,155489011,155719098,ENSG00000185973
X,155649454,X,155489011,155719098,ENSG00000185973
X,155651008,X,155489011,155719098,ENSG00000185973
X,155651256,X,155489011,155719098,ENSG00000185973
X,155656217,X,155489011,155719098,ENSG00000185973
X,155656672,X,155489011,155719098,ENSG00000185973
X,155657922,X,155489011,155719098,ENSG00000185973
X,155658263,X,155489011,155719098,ENSG00000185973
X,155659061,X,155489011,155719098,ENSG00000185973
X,155661893,X,155489011,155719098,ENSG00000185973
X,155662569,X,155489011,155719098,ENSG00000185973
X,155671056,X,155489011,155719098,ENSG00000185973
X,155672275,X,155489011,155719098,ENSG00000185973
X,155672444,X,155489011,155719098,ENSG00000185973
X,155673457,X,155489011,155719098,ENSG00000185973
X,155673563,X,155489011,155719098,ENSG00000185973
X,155674276,X,155489011,155719098,ENSG00000185973
X,155553000,X,155489011,155719098,ENSG00000185973
X,155553105,X,155489011,155719098,ENSG00000185973
X,155554980,X,155489011,155719098,ENSG00000185973
X,155555185,X,155489011,155719098,ENSG00000185973
X,155555187,X,155489011,155719098,ENSG00000185973
X,155555212,X,155489011,155719098,ENSG00000185973
X,155555215,X,155489011,155719098,ENSG00000185973
X,155551259,X,155489011,155719098,ENSG00000185973
X,155541980,X,155489011,155719098,ENSG00000185973
X,155584486,X,155489011,155719098,ENSG00000185973
X,155613005,X,155489011,155719098,ENSG00000185973
X,155636194,X,155489011,155719098,ENSG00000185973
X,155555430,X,155489011,155719098,ENSG00000185973
X,155555506,X,155489011,155719098,ENSG00000185973
X,155556011,X,155489011,155719098,ENSG00000185973
X,155582576,X,155489011,155719098,ENSG00000185973
X,155555310,X,155489011,155719098,ENSG00000185973
X,155548691,X,155489011,155719098,ENSG00000185973
X,155593566,X,155489011,155719098,ENSG00000185973
X,155625120,X,155489011,155719098,ENSG00000185973
X,155550305,X,155489011,155719098,ENSG00000185973
X,155550622,X,155489011,155719098,ENSG00000185973
X,155668742,X,155489011,155719098,ENSG00000185973
X,155506037,X,155489011,155719098,ENSG00000185973
X,155510519,X,155489011,155719098,ENSG00000185973
X,155524242,X,155489011,155719098,ENSG00000185973
X,155524794,X,155489011,155719098,ENSG00000185973
X,155545002,X,155489011,155719098,ENSG00000185973
X,155546989,X,155489011,155719098,ENSG00000185973
X,155556445,X,155489011,155719098,ENSG00000185973
X,155557041,X,155489011,155719098,ENSG00000185973
X,155559522,X,155489011,155719098,ENSG00000185973
X,155574132,X,155489011,155719098,ENSG00000185973
X,155581131,X,155489011,155719098,ENSG00000185973
X,155596500,X,155489011,155719098,ENSG00000185973
X,155600989,X,155489011,155719098,ENSG00000185973
X,155617174,X,155489011,155719098,ENSG00000185973
X,155643383,X,155489011,155719098,ENSG00000185973
X,155651860,X,155489011,155719098,ENSG00000185973
X,155657647,X,155489011,155719098,ENSG00000185973
X,155670185,X,155489011,155719098,ENSG00000185973
X,155671315,X,155489011,155719098,ENSG00000185973
19,57432329,19,57435325,57447101,ENSG00000186230
19,57438168,19,57435325,57447101,ENSG00000186230
19,57431220,19,57435325,57447101,ENSG00000186230
19,57434452,19,57435325,57447101,ENSG00000186230
19,57440667,19,57435325,57447101,ENSG00000186230
19,57435556,19,57435325,57447101,ENSG00000186230
19,57441145,19,57435325,57447101,ENSG00000186230
1,179082871,1,179082070,179098023,ENSG00000186283
1,179083916,1,179082070,179098023,ENSG00000186283
1,179098949,1,179082070,179098023,ENSG00000186283
1,179102783,1,179082070,179098023,ENSG00000186283
1,145843375,1,145845630,145848954,ENSG00000186364
1,145846884,1,145845630,145848954,ENSG00000186364
1,145846532,1,145845630,145848954,ENSG00000186364
1,145843214,1,145845630,145848954,ENSG00000186364
17,1816751,17,1779485,1830634,ENSG00000186532
17,1831801,17,1779485,1830634,ENSG00000186532
17,1792869,17,1779485,1830634,ENSG00000186532
17,1799482,17,1779485,1830634,ENSG00000186532
17,1801104,17,1779485,1830634,ENSG00000186532
17,1801423,17,1779485,1830634,ENSG00000186532
17,1804336,17,1779485,1830634,ENSG00000186532
17,1805608,17,1779485,1830634,ENSG00000186532
17,1807123,17,1779485,1830634,ENSG00000186532
17,1807298,17,1779485,1830634,ENSG00000186532
17,1810510,17,1779485,1830634,ENSG00000186532
17,1811050,17,1779485,1830634,ENSG00000186532
17,1816657,17,1779485,1830634,ENSG00000186532
17,1816667,17,1779485,1830634,ENSG00000186532
17,1818330,17,1779485,1830634,ENSG00000186532
17,1819019,17,1779485,1830634,ENSG00000186532
17,1819618,17,1779485,1830634,ENSG00000186532
17,1821407,17,1779485,1830634,ENSG00000186532
17,1824551,17,1779485,1830634,ENSG00000186532
17,1825586,17,1779485,1830634,ENSG00000186532
17,1827214,17,1779485,1830634,ENSG00000186532
17,1827235,17,1779485,1830634,ENSG00000186532
17,1817995,17,1779485,1830634,ENSG00000186532
17,1821979,17,1779485,1830634,ENSG00000186532
17,1790848,17,1779485,1830634,ENSG00000186532
17,1790953,17,1779485,1830634,ENSG00000186532
17,1829845,17,1779485,1830634,ENSG00000186532
17,1721921,17,1711447,1717174,ENSG00000186594
22,23318141,22,23179704,23318037,ENSG00000186716
22,23318793,22,23179704,23318037,ENSG00000186716
22,23321585,22,23179704,23318037,ENSG00000186716
22,23291065,22,23179704,23318037,ENSG00000186716
22,23305658,22,23179704,23318037,ENSG00000186716
22,23306726,22,23179704,23318037,ENSG00000186716
22,23299167,22,23179704,23318037,ENSG00000186716
22,23301203,22,23179704,23318037,ENSG00000186716
22,23301060,22,23179704,23318037,ENSG00000186716
22,23293737,22,23179704,23318037,ENSG00000186716
22,23293800,22,23179704,23318037,ENSG00000186716
22,23294152,22,23179704,23318037,ENSG00000186716
22,23294549,22,23179704,23318037,ENSG00000186716
22,23295013,22,23179704,23318037,ENSG00000186716
22,23295477,22,23179704,23318037,ENSG00000186716
22,23291757,22,23179704,23318037,ENSG00000186716
22,23302238,22,23179704,23318037,ENSG00000186716
22,23293931,22,23179704,23318037,ENSG00000186716
22,23291655,22,23179704,23318037,ENSG00000186716
22,23299142,22,23179704,23318037,ENSG00000186716
22,23301025,22,23179704,23318037,ENSG00000186716
22,23299074,22,23179704,23318037,ENSG00000186716
22,23291286,22,23179704,23318037,ENSG00000186716
22,23321867,22,23179704,23318037,ENSG00000186716
22,23290449,22,23179704,23318037,ENSG00000186716
22,23290326,22,23179704,23318037,ENSG00000186716
22,23290434,22,23179704,23318037,ENSG00000186716
22,23290070,22,23179704,23318037,ENSG00000186716
22,23287365,22,23179704,23318037,ENSG00000186716
22,23287415,22,23179704,23318037,ENSG00000186716
22,23318177,22,23179704,23318037,ENSG00000186716
22,23319378,22,23179704,23318037,ENSG00000186716
22,23315308,22,23179704,23318037,ENSG00000186716
22,23286826,22,23179704,23318037,ENSG00000186716
22,23288496,22,23179704,23318037,ENSG00000186716
22,23288503,22,23179704,23318037,ENSG00000186716
22,23288992,22,23179704,23318037,ENSG00000186716
22,23289452,22,23179704,23318037,ENSG00000186716
22,23289614,22,23179704,23318037,ENSG00000186716
22,23289636,22,23179704,23318037,ENSG00000186716
22,23269837,22,23179704,23318037,ENSG00000186716
22,23313032,22,23179704,23318037,ENSG00000186716
22,23312806,22,23179704,23318037,ENSG00000186716
22,23273941,22,23179704,23318037,ENSG00000186716
22,23274087,22,23179704,23318037,ENSG00000186716
22,23275856,22,23179704,23318037,ENSG00000186716
22,23276166,22,23179704,23318037,ENSG00000186716
22,23276617,22,23179704,23318037,ENSG00000186716
22,23276791,22,23179704,23318037,ENSG00000186716
22,23277253,22,23179704,23318037,ENSG00000186716
22,23277274,22,23179704,23318037,ENSG00000186716
22,23277547,22,23179704,23318037,ENSG00000186716
22,23277769,22,23179704,23318037,ENSG00000186716
22,23278306,22,23179704,23318037,ENSG00000186716
22,23278560,22,23179704,23318037,ENSG00000186716
22,23280332,22,23179704,23318037,ENSG00000186716
22,23283363,22,23179704,23318037,ENSG00000186716
22,23283468,22,23179704,23318037,ENSG00000186716
22,23283894,22,23179704,23318037,ENSG00000186716
22,23284350,22,23179704,23318037,ENSG00000186716
22,23284709,22,23179704,23318037,ENSG00000186716
22,23287669,22,23179704,23318037,ENSG00000186716
22,23288430,22,23179704,23318037,ENSG00000186716
22,23289164,22,23179704,23318037,ENSG00000186716
22,23280785,22,23179704,23318037,ENSG00000186716
22,23271839,22,23179704,23318037,ENSG00000186716
22,23278344,22,23179704,23318037,ENSG00000186716
22,23279547,22,23179704,23318037,ENSG00000186716
22,23284462,22,23179704,23318037,ENSG00000186716
22,23319613,22,23179704,23318037,ENSG00000186716
22,23320470,22,23179704,23318037,ENSG00000186716
22,23320484,22,23179704,23318037,ENSG00000186716
22,23310014,22,23179704,23318037,ENSG00000186716
22,23310769,22,23179704,23318037,ENSG00000186716
22,23311693,22,23179704,23318037,ENSG00000186716
22,23315290,22,23179704,23318037,ENSG00000186716
22,23315548,22,23179704,23318037,ENSG00000186716
22,23315687,22,23179704,23318037,ENSG00000186716
22,23315688,22,23179704,23318037,ENSG00000186716
22,23315752,22,23179704,23318037,ENSG00000186716
22,23315820,22,23179704,23318037,ENSG00000186716
22,23321661,22,23179704,23318037,ENSG00000186716
19,54667590,19,54643889,54670359,ENSG00000186818
19,54669422,19,54643889,54670359,ENSG00000186818
19,54667353,19,54643889,54670359,ENSG00000186818
19,54670652,19,54643889,54670359,ENSG00000186818
19,54667792,19,54643889,54670359,ENSG00000186818
19,54667795,19,54643889,54670359,ENSG00000186818
19,54667819,19,54643889,54670359,ENSG00000186818
19,54672953,19,54643889,54670359,ENSG00000186818
19,54673055,19,54643889,54670359,ENSG00000186818
19,54673768,19,54643889,54670359,ENSG00000186818
19,54671981,19,54643889,54670359,ENSG00000186818
10,101021465,10,101007679,101032295,ENSG00000186862
10,101024461,10,101007679,101032295,ENSG00000186862
10,101022891,10,101007679,101032295,ENSG00000186862
10,101022956,10,101007679,101032295,ENSG00000186862
17,46003470,17,45894527,46028334,ENSG00000186868
14,28792768,14,28765640,28823817,ENSG00000186960
14,28775042,14,28765640,28823817,ENSG00000186960
14,28791774,14,28765640,28823817,ENSG00000186960
22,29225139,22,29205896,29259597,ENSG00000186998
11,61398269,11,61392393,61398866,ENSG00000187049
11,61398834,11,61392393,61398866,ENSG00000187049
11,61399988,11,61392393,61398866,ENSG00000187049
10,4978213,10,4963253,4983283,ENSG00000187134
17,15702348,17,15699577,15720787,ENSG00000187607
17,15702383,17,15699577,15720787,ENSG00000187607
17,15698218,17,15699577,15720787,ENSG00000187607
17,15701938,17,15699577,15720787,ENSG00000187607
17,15703968,17,15699577,15720787,ENSG00000187607
17,15697451,17,15699577,15720787,ENSG00000187607
17,15697137,17,15699577,15720787,ENSG00000187607
17,15698613,17,15699577,15720787,ENSG00000187607
17,15697583,17,15699577,15720787,ENSG00000187607
17,15705073,17,15699577,15720787,ENSG00000187607
17,15703323,17,15699577,15720787,ENSG00000187607
17,15694895,17,15699577,15720787,ENSG00000187607
17,15704880,17,15699577,15720787,ENSG00000187607
17,15697252,17,15699577,15720787,ENSG00000187607
17,15698815,17,15699577,15720787,ENSG00000187607
14,23988804,14,23969874,24006408,ENSG00000187630
14,23989543,14,23969874,24006408,ENSG00000187630
14,23991925,14,23969874,24006408,ENSG00000187630
14,23994705,14,23969874,24006408,ENSG00000187630
14,23995305,14,23969874,24006408,ENSG00000187630
14,23971220,14,23969874,24006408,ENSG00000187630
14,23971863,14,23969874,24006408,ENSG00000187630
14,23972562,14,23969874,24006408,ENSG00000187630
14,23973386,14,23969874,24006408,ENSG00000187630
14,23973404,14,23969874,24006408,ENSG00000187630
14,24000929,14,23969874,24006408,ENSG00000187630
14,24001481,14,23969874,24006408,ENSG00000187630
14,23993160,14,23969874,24006408,ENSG00000187630
14,23966463,14,23969874,24006408,ENSG00000187630
14,23975840,14,23969874,24006408,ENSG00000187630
14,23976959,14,23969874,24006408,ENSG00000187630
14,23976965,14,23969874,24006408,ENSG00000187630
14,23977127,14,23969874,24006408,ENSG00000187630
14,24001022,14,23969874,24006408,ENSG00000187630
14,24008733,14,23969874,24006408,ENSG00000187630
14,23977784,14,23969874,24006408,ENSG00000187630
14,23978154,14,23969874,24006408,ENSG00000187630
14,24009590,14,23969874,24006408,ENSG00000187630
14,23967302,14,23969874,24006408,ENSG00000187630
14,23987326,14,23969874,24006408,ENSG00000187630
22,50257479,22,50245450,50261716,ENSG00000188130
22,50251893,22,50245450,50261716,ENSG00000188130
7,100148578,7,100148912,100155944,ENSG00000188186
7,100149507,7,100148912,100155944,ENSG00000188186
7,100149755,7,100148912,100155944,ENSG00000188186
7,100153394,7,100148912,100155944,ENSG00000188186
7,100153658,7,100148912,100155944,ENSG00000188186
7,100155498,7,100148912,100155944,ENSG00000188186
7,100156247,7,100148912,100155944,ENSG00000188186
7,100158880,7,100148912,100155944,ENSG00000188186
7,100159989,7,100148912,100155944,ENSG00000188186
7,100160513,7,100148912,100155944,ENSG00000188186
7,100144470,7,100148912,100155944,ENSG00000188186
7,100146949,7,100148912,100155944,ENSG00000188186
10,45820978,10,45825594,45853875,ENSG00000188234
10,45824674,10,45825594,45853875,ENSG00000188234
10,45842203,10,45825594,45853875,ENSG00000188234
10,45846570,10,45825594,45853875,ENSG00000188234
10,45838876,10,45825594,45853875,ENSG00000188234
10,45842273,10,45825594,45853875,ENSG00000188234
10,45822524,10,45825594,45853875,ENSG00000188234
10,45837798,10,45825594,45853875,ENSG00000188234
10,45833828,10,45825594,45853875,ENSG00000188234
10,45825365,10,45825594,45853875,ENSG00000188234
10,45831842,10,45825594,45853875,ENSG00000188234
13,75546591,13,75525214,75549439,ENSG00000188243
13,75549320,13,75525214,75549439,ENSG00000188243
13,75549505,13,75525214,75549439,ENSG00000188243
13,75549542,13,75525214,75549439,ENSG00000188243
13,75521137,13,75525214,75549439,ENSG00000188243
13,75521158,13,75525214,75549439,ENSG00000188243
13,75550015,13,75525214,75549439,ENSG00000188243
13,75522223,13,75525214,75549439,ENSG00000188243
13,75552032,13,75525214,75549439,ENSG00000188243
13,75523155,13,75525214,75549439,ENSG00000188243
13,75530701,13,75525214,75549439,ENSG00000188243
13,75527727,13,75525214,75549439,ENSG00000188243
13,75543104,13,75525214,75549439,ENSG00000188243
13,75540059,13,75525214,75549439,ENSG00000188243
13,75540602,13,75525214,75549439,ENSG00000188243
13,75535155,13,75525214,75549439,ENSG00000188243
13,75542350,13,75525214,75549439,ENSG00000188243
1,1004716,1,998962,1000172,ENSG00000188290
1,1000731,1,998962,1000172,ENSG00000188290
1,999842,1,998962,1000172,ENSG00000188290
1,995371,1,998962,1000172,ENSG00000188290
1,998410,1,998962,1000172,ENSG00000188290
1,1004625,1,998962,1000172,ENSG00000188290
1,995982,1,998962,1000172,ENSG00000188290
1,995786,1,998962,1000172,ENSG00000188290
1,995153,1,998962,1000172,ENSG00000188290
1,995187,1,998962,1000172,ENSG00000188290
2,208168636,2,208165343,208190030,ENSG00000188674
2,208168414,2,208165343,208190030,ENSG00000188674
2,208167437,2,208165343,208190030,ENSG00000188674
10,125787754,10,125784980,125823288,ENSG00000188690
10,125796685,10,125784980,125823288,ENSG00000188690
10,125826500,10,125784980,125823288,ENSG00000188690
10,125806785,10,125784980,125823288,ENSG00000188690
10,125807238,10,125784980,125823288,ENSG00000188690
10,125809799,10,125784980,125823288,ENSG00000188690
10,125809986,10,125784980,125823288,ENSG00000188690
10,125811921,10,125784980,125823288,ENSG00000188690
10,125812149,10,125784980,125823288,ENSG00000188690
10,125814265,10,125784980,125823288,ENSG00000188690
10,125814644,10,125784980,125823288,ENSG00000188690
10,125815374,10,125784980,125823288,ENSG00000188690
10,125820156,10,125784980,125823288,ENSG00000188690
10,125790546,10,125784980,125823288,ENSG00000188690
10,125787223,10,125784980,125823288,ENSG00000188690
10,125788305,10,125784980,125823288,ENSG00000188690
10,125790025,10,125784980,125823288,ENSG00000188690
10,125785806,10,125784980,125823288,ENSG00000188690
10,125786582,10,125784980,125823288,ENSG00000188690
10,125786088,10,125784980,125823288,ENSG00000188690
10,125786138,10,125784980,125823288,ENSG00000188690
10,125817294,10,125784980,125823288,ENSG00000188690
10,125798316,10,125784980,125823288,ENSG00000188690
10,125808382,10,125784980,125823288,ENSG00000188690
10,125811710,10,125784980,125823288,ENSG00000188690
10,125794381,10,125784980,125823288,ENSG00000188690
10,125780997,10,125784980,125823288,ENSG00000188690
10,125786600,10,125784980,125823288,ENSG00000188690
10,125823221,10,125784980,125823288,ENSG00000188690
10,125797772,10,125784980,125823288,ENSG00000188690
10,125798602,10,125784980,125823288,ENSG00000188690
10,125799204,10,125784980,125823288,ENSG00000188690
10,125800358,10,125784980,125823288,ENSG00000188690
10,125802120,10,125784980,125823288,ENSG00000188690
10,125802596,10,125784980,125823288,ENSG00000188690
10,125803163,10,125784980,125823288,ENSG00000188690
10,125803327,10,125784980,125823288,ENSG00000188690
10,125803337,10,125784980,125823288,ENSG00000188690
10,125815450,10,125784980,125823288,ENSG00000188690
10,125798960,10,125784980,125823288,ENSG00000188690
10,125807790,10,125784980,125823288,ENSG00000188690
10,125813778,10,125784980,125823288,ENSG00000188690
10,125819078,10,125784980,125823288,ENSG00000188690
10,125820725,10,125784980,125823288,ENSG00000188690
10,125823187,10,125784980,125823288,ENSG00000188690
10,125795004,10,125784980,125823288,ENSG00000188690
10,125795974,10,125784980,125823288,ENSG00000188690
10,125796048,10,125784980,125823288,ENSG00000188690
10,125796084,10,125784980,125823288,ENSG00000188690
10,125799246,10,125784980,125823288,ENSG00000188690
10,125795634,10,125784980,125823288,ENSG00000188690
10,125795665,10,125784980,125823288,ENSG00000188690
10,125818983,10,125784980,125823288,ENSG00000188690
10,125797860,10,125784980,125823288,ENSG00000188690
10,125799231,10,125784980,125823288,ENSG00000188690
10,125795395,10,125784980,125823288,ENSG00000188690
10,125793568,10,125784980,125823288,ENSG00000188690
10,125815820,10,125784980,125823288,ENSG00000188690
10,125794195,10,125784980,125823288,ENSG00000188690
7,23693421,7,23680130,23703249,ENSG00000188732
7,23693453,7,23680130,23703249,ENSG00000188732
7,23706802,7,23680130,23703249,ENSG00000188732
7,23706966,7,23680130,23703249,ENSG00000188732
7,23706453,7,23680130,23703249,ENSG00000188732
7,23698176,7,23680130,23703249,ENSG00000188732
7,23688341,7,23680130,23703249,ENSG00000188732
7,23692169,7,23680130,23703249,ENSG00000188732
7,23696262,7,23680130,23703249,ENSG00000188732
7,23682520,7,23680130,23703249,ENSG00000188732
7,23677652,7,23680130,23703249,ENSG00000188732
7,23677925,7,23680130,23703249,ENSG00000188732
7,23680147,7,23680130,23703249,ENSG00000188732
7,23681954,7,23680130,23703249,ENSG00000188732
7,23676297,7,23680130,23703249,ENSG00000188732
7,23679703,7,23680130,23703249,ENSG00000188732
7,23680160,7,23680130,23703249,ENSG00000188732
7,23680869,7,23680130,23703249,ENSG00000188732
7,23681366,7,23680130,23703249,ENSG00000188732
7,23683593,7,23680130,23703249,ENSG00000188732
7,23697056,7,23680130,23703249,ENSG00000188732
7,23697004,7,23680130,23703249,ENSG00000188732
7,23679320,7,23680130,23703249,ENSG00000188732
7,23684221,7,23680130,23703249,ENSG00000188732
7,23702324,7,23680130,23703249,ENSG00000188732
7,23704930,7,23680130,23703249,ENSG00000188732
7,23677848,7,23680130,23703249,ENSG00000188732
7,23681101,7,23680130,23703249,ENSG00000188732
3,195567882,3,195568705,195584033,ENSG00000189058
3,195566320,3,195568705,195584033,ENSG00000189058
3,195564486,3,195568705,195584033,ENSG00000189058
3,195564800,3,195568705,195584033,ENSG00000189058
3,195565215,3,195568705,195584033,ENSG00000189058
4,76278751,4,76214040,76283783,ENSG00000189157
4,76281251,4,76214040,76283783,ENSG00000189157
4,76256664,4,76214040,76283783,ENSG00000189157
4,76255371,4,76214040,76283783,ENSG00000189157
4,76263242,4,76214040,76283783,ENSG00000189157
4,76265609,4,76214040,76283783,ENSG00000189157
4,76265659,4,76214040,76283783,ENSG00000189157
4,76266473,4,76214040,76283783,ENSG00000189157
4,76258365,4,76214040,76283783,ENSG00000189157
4,76259459,4,76214040,76283783,ENSG00000189157
4,76259787,4,76214040,76283783,ENSG00000189157
4,76260170,4,76214040,76283783,ENSG00000189157
4,76260284,4,76214040,76283783,ENSG00000189157
4,76260391,4,76214040,76283783,ENSG00000189157
4,76260851,4,76214040,76283783,ENSG00000189157
4,76261573,4,76214040,76283783,ENSG00000189157
4,76265771,4,76214040,76283783,ENSG00000189157
4,76265879,4,76214040,76283783,ENSG00000189157
4,76273320,4,76214040,76283783,ENSG00000189157
4,76267460,4,76214040,76283783,ENSG00000189157
4,76267091,4,76214040,76283783,ENSG00000189157
1,153624641,1,153618779,153634412,ENSG00000189171
1,153622147,1,153618779,153634412,ENSG00000189171
1,153627648,1,153618779,153634412,ENSG00000189171
1,153614832,1,153618779,153634412,ENSG00000189171
1,153615864,1,153618779,153634412,ENSG00000189171
1,153617113,1,153618779,153634412,ENSG00000189171
1,153619294,1,153618779,153634412,ENSG00000189171
1,153620057,1,153618779,153634412,ENSG00000189171
1,153621888,1,153618779,153634412,ENSG00000189171
1,153622905,1,153618779,153634412,ENSG00000189171
22,42508774,22,42507982,42519800,ENSG00000189306
22,42513137,22,42507982,42519800,ENSG00000189306
22,42517645,22,42507982,42519800,ENSG00000189306
22,42517728,22,42507982,42519800,ENSG00000189306
22,42516841,22,42507982,42519800,ENSG00000189306
22,42516842,22,42507982,42519800,ENSG00000189306
22,42513109,22,42507982,42519800,ENSG00000189306
22,42510952,22,42507982,42519800,ENSG00000189306
22,42520209,22,42507982,42519800,ENSG00000189306
22,42507846,22,42507982,42519800,ENSG00000189306
22,42507883,22,42507982,42519800,ENSG00000189306
22,42507573,22,42507982,42519800,ENSG00000189306
22,42516792,22,42507982,42519800,ENSG00000189306
22,42506272,22,42507982,42519800,ENSG00000189306
22,42506866,22,42507982,42519800,ENSG00000189306
22,42506532,22,42507982,42519800,ENSG00000189306
1,1660683,1,1659529,1692795,ENSG00000189339
1,1658866,1,1659529,1692795,ENSG00000189339
1,1659114,1,1659529,1692795,ENSG00000189339
1,1659220,1,1659529,1692795,ENSG00000189339
1,1661420,1,1659529,1692795,ENSG00000189339
1,1671148,1,1659529,1692795,ENSG00000189339
1,1668108,1,1659529,1692795,ENSG00000189339
22,40860798,22,40857077,40932815,ENSG00000196236
22,40876139,22,40857077,40932815,ENSG00000196236
22,40901301,22,40857077,40932815,ENSG00000196236
22,40919590,22,40857077,40932815,ENSG00000196236
22,40921079,22,40857077,40932815,ENSG00000196236
22,40895726,22,40857077,40932815,ENSG00000196236
22,40906969,22,40857077,40932815,ENSG00000196236
22,40887980,22,40857077,40932815,ENSG00000196236
22,40902871,22,40857077,40932815,ENSG00000196236
22,40919079,22,40857077,40932815,ENSG00000196236
22,40929064,22,40857077,40932815,ENSG00000196236
22,40872921,22,40857077,40932815,ENSG00000196236
22,40853518,22,40857077,40932815,ENSG00000196236
19,21408233,19,21397119,21427577,ENSG00000196268
19,21431912,19,21397119,21427577,ENSG00000196268
19,21431906,19,21397119,21427577,ENSG00000196268
19,21401562,19,21397119,21427577,ENSG00000196268
19,21401665,19,21397119,21427577,ENSG00000196268
19,21401706,19,21397119,21427577,ENSG00000196268
19,21396736,19,21397119,21427577,ENSG00000196268
19,21398845,19,21397119,21427577,ENSG00000196268
19,21403995,19,21397119,21427577,ENSG00000196268
19,21406324,19,21397119,21427577,ENSG00000196268
19,21411756,19,21397119,21427577,ENSG00000196268
19,21412734,19,21397119,21427577,ENSG00000196268
19,21413525,19,21397119,21427577,ENSG00000196268
19,21414016,19,21397119,21427577,ENSG00000196268
19,21415360,19,21397119,21427577,ENSG00000196268
19,21417760,19,21397119,21427577,ENSG00000196268
19,21417875,19,21397119,21427577,ENSG00000196268
19,21418452,19,21397119,21427577,ENSG00000196268
19,21419855,19,21397119,21427577,ENSG00000196268
19,21421657,19,21397119,21427577,ENSG00000196268
19,21423627,19,21397119,21427577,ENSG00000196268
19,21430195,19,21397119,21427577,ENSG00000196268
19,21430880,19,21397119,21427577,ENSG00000196268
19,21392568,19,21397119,21427577,ENSG00000196268
19,21402196,19,21397119,21427577,ENSG00000196268
19,21402482,19,21397119,21427577,ENSG00000196268
19,21403434,19,21397119,21427577,ENSG00000196268
19,21393761,19,21397119,21427577,ENSG00000196268
19,37688311,19,37668579,37676393,ENSG00000196381
19,37692331,19,37668579,37676393,ENSG00000196381
19,37693361,19,37668579,37676393,ENSG00000196381
19,37694975,19,37668579,37676393,ENSG00000196381
19,37674401,19,37668579,37676393,ENSG00000196381
19,37689779,19,37668579,37676393,ENSG00000196381
19,37673307,19,37668579,37676393,ENSG00000196381
19,37673368,19,37668579,37676393,ENSG00000196381
19,37678754,19,37668579,37676393,ENSG00000196381
19,37682513,19,37668579,37676393,ENSG00000196381
19,37684731,19,37668579,37676393,ENSG00000196381
X,101524668,X,101418287,101533459,ENSG00000196440
X,101529220,X,101418287,101533459,ENSG00000196440
X,101529224,X,101418287,101533459,ENSG00000196440
X,101488050,X,101418287,101533459,ENSG00000196440
X,101490838,X,101418287,101533459,ENSG00000196440
X,101498423,X,101418287,101533459,ENSG00000196440
X,101498935,X,101418287,101533459,ENSG00000196440
X,101499937,X,101418287,101533459,ENSG00000196440
X,101512107,X,101418287,101533459,ENSG00000196440
X,101512139,X,101418287,101533459,ENSG00000196440
X,101524333,X,101418287,101533459,ENSG00000196440
X,101527283,X,101418287,101533459,ENSG00000196440
X,101537646,X,101418287,101533459,ENSG00000196440
X,101513605,X,101418287,101533459,ENSG00000196440
X,101514923,X,101418287,101533459,ENSG00000196440
X,101517504,X,101418287,101533459,ENSG00000196440
X,101488839,X,101418287,101533459,ENSG00000196440
X,101499162,X,101418287,101533459,ENSG00000196440
X,101502674,X,101418287,101533459,ENSG00000196440
X,101505116,X,101418287,101533459,ENSG00000196440
X,101505639,X,101418287,101533459,ENSG00000196440
X,101528759,X,101418287,101533459,ENSG00000196440
X,101524677,X,101418287,101533459,ENSG00000196440
X,101526528,X,101418287,101533459,ENSG00000196440
X,101530931,X,101418287,101533459,ENSG00000196440
X,101538181,X,101418287,101533459,ENSG00000196440
X,101498876,X,101418287,101533459,ENSG00000196440
X,101471332,X,101418287,101533459,ENSG00000196440
X,101486860,X,101418287,101533459,ENSG00000196440
X,101494598,X,101418287,101533459,ENSG00000196440
X,101516068,X,101418287,101533459,ENSG00000196440
X,101519572,X,101418287,101533459,ENSG00000196440
X,101523287,X,101418287,101533459,ENSG00000196440
X,101523876,X,101418287,101533459,ENSG00000196440
X,101487285,X,101418287,101533459,ENSG00000196440
X,101434744,X,101418287,101533459,ENSG00000196440
X,101438433,X,101418287,101533459,ENSG00000196440
X,101440149,X,101418287,101533459,ENSG00000196440
X,101440605,X,101418287,101533459,ENSG00000196440
X,101446667,X,101418287,101533459,ENSG00000196440
X,101446999,X,101418287,101533459,ENSG00000196440
X,101447896,X,101418287,101533459,ENSG00000196440
X,101448833,X,101418287,101533459,ENSG00000196440
X,101449143,X,101418287,101533459,ENSG00000196440
X,101456064,X,101418287,101533459,ENSG00000196440
X,101457434,X,101418287,101533459,ENSG00000196440
X,101431733,X,101418287,101533459,ENSG00000196440
X,101487564,X,101418287,101533459,ENSG00000196440
X,101475167,X,101418287,101533459,ENSG00000196440
X,101434704,X,101418287,101533459,ENSG00000196440
X,101437631,X,101418287,101533459,ENSG00000196440
X,101438117,X,101418287,101533459,ENSG00000196440
X,101438694,X,101418287,101533459,ENSG00000196440
X,101439329,X,101418287,101533459,ENSG00000196440
X,101439982,X,101418287,101533459,ENSG00000196440
X,101440499,X,101418287,101533459,ENSG00000196440
X,101442740,X,101418287,101533459,ENSG00000196440
X,101442957,X,101418287,101533459,ENSG00000196440
X,101443419,X,101418287,101533459,ENSG00000196440
X,101444364,X,101418287,101533459,ENSG00000196440
X,101445401,X,101418287,101533459,ENSG00000196440
X,101456541,X,101418287,101533459,ENSG00000196440
X,101431023,X,101418287,101533459,ENSG00000196440
X,101431058,X,101418287,101533459,ENSG00000196440
X,101431294,X,101418287,101533459,ENSG00000196440
X,101431634,X,101418287,101533459,ENSG00000196440
X,101454705,X,101418287,101533459,ENSG00000196440
12,132920374,12,132918306,132956306,ENSG00000196458
7,22811361,7,22812628,22822849,ENSG00000196683
7,22821522,7,22812628,22822849,ENSG00000196683
7,22814146,7,22812628,22822849,ENSG00000196683
7,22814832,7,22812628,22822849,ENSG00000196683
7,22816674,7,22812628,22822849,ENSG00000196683
7,22817185,7,22812628,22822849,ENSG00000196683
7,22818063,7,22812628,22822849,ENSG00000196683
7,22818532,7,22812628,22822849,ENSG00000196683
7,22818871,7,22812628,22822849,ENSG00000196683
7,22820796,7,22812628,22822849,ENSG00000196683
7,22820876,7,22812628,22822849,ENSG00000196683
7,22822120,7,22812628,22822849,ENSG00000196683
7,22824205,7,22812628,22822849,ENSG00000196683
7,22825135,7,22812628,22822849,ENSG00000196683
X,154356650,X,154348524,154374634,ENSG00000196924
X,154347454,X,154348524,154374634,ENSG00000196924
X,154357797,X,154348524,154374634,ENSG00000196924
X,154348764,X,154348524,154374634,ENSG00000196924
X,154348765,X,154348524,154374634,ENSG00000196924
X,154347950,X,154348524,154374634,ENSG00000196924
X,154349931,X,154348524,154374634,ENSG00000196924
X,154354335,X,154348524,154374634,ENSG00000196924
X,154353564,X,154348524,154374634,ENSG00000196924
X,154353830,X,154348524,154374634,ENSG00000196924
X,154355526,X,154348524,154374634,ENSG00000196924
X,154356517,X,154348524,154374634,ENSG00000196924
7,64829281,7,64794388,64833681,ENSG00000197008
7,64833775,7,64794388,64833681,ENSG00000197008
7,64809818,7,64794388,64833681,ENSG00000197008
7,64825056,7,64794388,64833681,ENSG00000197008
7,64826533,7,64794388,64833681,ENSG00000197008
7,64831244,7,64794388,64833681,ENSG00000197008
7,64832317,7,64794388,64833681,ENSG00000197008
7,64832839,7,64794388,64833681,ENSG00000197008
7,64833197,7,64794388,64833681,ENSG00000197008
7,64833353,7,64794388,64833681,ENSG00000197008
7,64834913,7,64794388,64833681,ENSG00000197008
7,64835209,7,64794388,64833681,ENSG00000197008
7,64825466,7,64794388,64833681,ENSG00000197008
7,64827910,7,64794388,64833681,ENSG00000197008
7,64828656,7,64794388,64833681,ENSG00000197008
7,64830866,7,64794388,64833681,ENSG00000197008
7,64799736,7,64794388,64833681,ENSG00000197008
7,64824352,7,64794388,64833681,ENSG00000197008
7,64800313,7,64794388,64833681,ENSG00000197008
7,64801471,7,64794388,64833681,ENSG00000197008
7,64807378,7,64794388,64833681,ENSG00000197008
7,64809985,7,64794388,64833681,ENSG00000197008
7,64810329,7,64794388,64833681,ENSG00000197008
7,64815872,7,64794388,64833681,ENSG00000197008
7,64818881,7,64794388,64833681,ENSG00000197008
7,64829106,7,64794388,64833681,ENSG00000197008
7,64824581,7,64794388,64833681,ENSG00000197008
7,64814139,7,64794388,64833681,ENSG00000197008
7,64794523,7,64794388,64833681,ENSG00000197008
7,64793682,7,64794388,64833681,ENSG00000197008
7,64795603,7,64794388,64833681,ENSG00000197008
7,64797004,7,64794388,64833681,ENSG00000197008
7,64798727,7,64794388,64833681,ENSG00000197008
7,64800206,7,64794388,64833681,ENSG00000197008
7,64801895,7,64794388,64833681,ENSG00000197008
7,64814312,7,64794388,64833681,ENSG00000197008
7,64815473,7,64794388,64833681,ENSG00000197008
7,64819113,7,64794388,64833681,ENSG00000197008
7,64821703,7,64794388,64833681,ENSG00000197008
7,64825406,7,64794388,64833681,ENSG00000197008
7,64833884,7,64794388,64833681,ENSG00000197008
7,64838154,7,64794388,64833681,ENSG00000197008
7,64794413,7,64794388,64833681,ENSG00000197008
7,64797695,7,64794388,64833681,ENSG00000197008
7,64800969,7,64794388,64833681,ENSG00000197008
7,64824124,7,64794388,64833681,ENSG00000197008
7,64812697,7,64794388,64833681,ENSG00000197008
7,64813626,7,64794388,64833681,ENSG00000197008
7,64837262,7,64794388,64833681,ENSG00000197008
7,64792473,7,64794388,64833681,ENSG00000197008
7,64837607,7,64794388,64833681,ENSG00000197008
7,64836625,7,64794388,64833681,ENSG00000197008
7,64796454,7,64794388,64833681,ENSG00000197008
7,64804184,7,64794388,64833681,ENSG00000197008
7,64835748,7,64794388,64833681,ENSG00000197008
7,64836415,7,64794388,64833681,ENSG00000197008
7,64838026,7,64794388,64833681,ENSG00000197008
7,64838208,7,64794388,64833681,ENSG00000197008
7,64838467,7,64794388,64833681,ENSG00000197008
16,31761339,16,31713229,31794869,ENSG00000197302
16,31708731,16,31713229,31794869,ENSG00000197302
16,31710964,16,31713229,31794869,ENSG00000197302
16,31711093,16,31713229,31794869,ENSG00000197302
16,31720887,16,31713229,31794869,ENSG00000197302
16,31720910,16,31713229,31794869,ENSG00000197302
16,31722289,16,31713229,31794869,ENSG00000197302
16,31728242,16,31713229,31794869,ENSG00000197302
16,31734121,16,31713229,31794869,ENSG00000197302
16,31757296,16,31713229,31794869,ENSG00000197302
16,31760749,16,31713229,31794869,ENSG00000197302
16,31768867,16,31713229,31794869,ENSG00000197302
16,31789210,16,31713229,31794869,ENSG00000197302
16,31793612,16,31713229,31794869,ENSG00000197302
11,68886714,11,68891276,68903835,ENSG00000197345
11,68887306,11,68891276,68903835,ENSG00000197345
11,68887595,11,68891276,68903835,ENSG00000197345
11,68888609,11,68891276,68903835,ENSG00000197345
11,68889301,11,68891276,68903835,ENSG00000197345
11,68890266,11,68891276,68903835,ENSG00000197345
11,68890830,11,68891276,68903835,ENSG00000197345
11,68892020,11,68891276,68903835,ENSG00000197345
11,68894608,11,68891276,68903835,ENSG00000197345
11,68894699,11,68891276,68903835,ENSG00000197345
11,68898586,11,68891276,68903835,ENSG00000197345
11,68899730,11,68891276,68903835,ENSG00000197345
11,68900740,11,68891276,68903835,ENSG00000197345
11,68900969,11,68891276,68903835,ENSG00000197345
11,68902028,11,68891276,68903835,ENSG00000197345
11,68903636,11,68891276,68903835,ENSG00000197345
11,68903812,11,68891276,68903835,ENSG00000197345
11,68905332,11,68891276,68903835,ENSG00000197345
11,68906735,11,68891276,68903835,ENSG00000197345
11,68891935,11,68891276,68903835,ENSG00000197345
11,68894107,11,68891276,68903835,ENSG00000197345
11,68891742,11,68891276,68903835,ENSG00000197345
11,68894555,11,68891276,68903835,ENSG00000197345
11,68902219,11,68891276,68903835,ENSG00000197345
11,68902835,11,68891276,68903835,ENSG00000197345
11,68903244,11,68891276,68903835,ENSG00000197345
9,137081079,9,137077517,137084539,ENSG00000197355
5,132491183,5,132410636,132488702,ENSG00000197536
5,132491188,5,132410636,132488702,ENSG00000197536
5,132492133,5,132410636,132488702,ENSG00000197536
5,132478572,5,132410636,132488702,ENSG00000197536
5,132480395,5,132410636,132488702,ENSG00000197536
5,132480549,5,132410636,132488702,ENSG00000197536
5,132480836,5,132410636,132488702,ENSG00000197536
5,132481019,5,132410636,132488702,ENSG00000197536
5,132481024,5,132410636,132488702,ENSG00000197536
5,132482083,5,132410636,132488702,ENSG00000197536
5,132482137,5,132410636,132488702,ENSG00000197536
5,132482268,5,132410636,132488702,ENSG00000197536
5,132482509,5,132410636,132488702,ENSG00000197536
5,132482862,5,132410636,132488702,ENSG00000197536
5,132482939,5,132410636,132488702,ENSG00000197536
5,132482957,5,132410636,132488702,ENSG00000197536
5,132483078,5,132410636,132488702,ENSG00000197536
5,132483434,5,132410636,132488702,ENSG00000197536
5,132484108,5,132410636,132488702,ENSG00000197536
5,132484278,5,132410636,132488702,ENSG00000197536
5,132484285,5,132410636,132488702,ENSG00000197536
5,132484583,5,132410636,132488702,ENSG00000197536
5,132485132,5,132410636,132488702,ENSG00000197536
5,132485496,5,132410636,132488702,ENSG00000197536
5,132485554,5,132410636,132488702,ENSG00000197536
5,132485856,5,132410636,132488702,ENSG00000197536
5,132485866,5,132410636,132488702,ENSG00000197536
5,132485941,5,132410636,132488702,ENSG00000197536
5,132485950,5,132410636,132488702,ENSG00000197536
5,132486046,5,132410636,132488702,ENSG00000197536
5,132486096,5,132410636,132488702,ENSG00000197536
5,132486174,5,132410636,132488702,ENSG00000197536
5,132486363,5,132410636,132488702,ENSG00000197536
5,132486380,5,132410636,132488702,ENSG00000197536
5,132486441,5,132410636,132488702,ENSG00000197536
5,132486532,5,132410636,132488702,ENSG00000197536
5,132487495,5,132410636,132488702,ENSG00000197536
5,132488170,5,132410636,132488702,ENSG00000197536
5,132488794,5,132410636,132488702,ENSG00000197536
5,132493605,5,132410636,132488702,ENSG00000197536
5,132479312,5,132410636,132488702,ENSG00000197536
5,132479665,5,132410636,132488702,ENSG00000197536
5,132478399,5,132410636,132488702,ENSG00000197536
5,132477719,5,132410636,132488702,ENSG00000197536
5,132482293,5,132410636,132488702,ENSG00000197536
5,132484106,5,132410636,132488702,ENSG00000197536
5,132487827,5,132410636,132488702,ENSG00000197536
5,132488372,5,132410636,132488702,ENSG00000197536
5,132490618,5,132410636,132488702,ENSG00000197536
5,132491073,5,132410636,132488702,ENSG00000197536
5,132491373,5,132410636,132488702,ENSG00000197536
5,132491499,5,132410636,132488702,ENSG00000197536
5,132491960,5,132410636,132488702,ENSG00000197536
5,132483136,5,132410636,132488702,ENSG00000197536
5,132484229,5,132410636,132488702,ENSG00000197536
5,132477658,5,132410636,132488702,ENSG00000197536
5,132492083,5,132410636,132488702,ENSG00000197536
5,132490150,5,132410636,132488702,ENSG00000197536
5,132477527,5,132410636,132488702,ENSG00000197536
5,132477205,5,132410636,132488702,ENSG00000197536
5,132477512,5,132410636,132488702,ENSG00000197536
5,132461855,5,132410636,132488702,ENSG00000197536
5,132481211,5,132410636,132488702,ENSG00000197536
5,132488235,5,132410636,132488702,ENSG00000197536
5,132461230,5,132410636,132488702,ENSG00000197536
5,132477342,5,132410636,132488702,ENSG00000197536
5,132454924,5,132410636,132488702,ENSG00000197536
7,149833805,7,149776042,149833829,ENSG00000197558
7,149837127,7,149776042,149833829,ENSG00000197558
7,149836794,7,149776042,149833829,ENSG00000197558
11,112176733,11,112175510,112224699,ENSG00000197580
11,112179603,11,112175510,112224699,ENSG00000197580
11,112171474,11,112175510,112224699,ENSG00000197580
11,112184633,11,112175510,112224699,ENSG00000197580
11,112216378,11,112175510,112224699,ENSG00000197580
11,112220576,11,112175510,112224699,ENSG00000197580
11,112222645,11,112175510,112224699,ENSG00000197580
11,112224316,11,112175510,112224699,ENSG00000197580
11,112224896,11,112175510,112224699,ENSG00000197580
11,112224976,11,112175510,112224699,ENSG00000197580
11,112225638,11,112175510,112224699,ENSG00000197580
11,112227869,11,112175510,112224699,ENSG00000197580
11,112227603,11,112175510,112224699,ENSG00000197580
11,112227651,11,112175510,112224699,ENSG00000197580
11,112224961,11,112175510,112224699,ENSG00000197580
11,112225914,11,112175510,112224699,ENSG00000197580
11,112225812,11,112175510,112224699,ENSG00000197580
2,210001635,2,210002565,210022260,ENSG00000197713
2,210025035,2,210002565,210022260,ENSG00000197713
2,210010114,2,210002565,210022260,ENSG00000197713
2,210013393,2,210002565,210022260,ENSG00000197713
2,210016169,2,210002565,210022260,ENSG00000197713
16,89486152,16,89490719,89557766,ENSG00000197912
16,89488691,16,89490719,89557766,ENSG00000197912
16,89494159,16,89490719,89557766,ENSG00000197912
16,89501996,16,89490719,89557766,ENSG00000197912
16,89502807,16,89490719,89557766,ENSG00000197912
16,89509200,16,89490719,89557766,ENSG00000197912
16,89509608,16,89490719,89557766,ENSG00000197912
16,89512668,16,89490719,89557766,ENSG00000197912
16,89514276,16,89490719,89557766,ENSG00000197912
16,89516534,16,89490719,89557766,ENSG00000197912
16,89517777,16,89490719,89557766,ENSG00000197912
16,89520080,16,89490719,89557766,ENSG00000197912
16,89520184,16,89490719,89557766,ENSG00000197912
16,89520587,16,89490719,89557766,ENSG00000197912
16,89524417,16,89490719,89557766,ENSG00000197912
16,89525645,16,89490719,89557766,ENSG00000197912
16,89525930,16,89490719,89557766,ENSG00000197912
16,89526282,16,89490719,89557766,ENSG00000197912
16,89531436,16,89490719,89557766,ENSG00000197912
16,89534826,16,89490719,89557766,ENSG00000197912
16,89535076,16,89490719,89557766,ENSG00000197912
16,89535084,16,89490719,89557766,ENSG00000197912
16,89535146,16,89490719,89557766,ENSG00000197912
16,89535582,16,89490719,89557766,ENSG00000197912
16,89535620,16,89490719,89557766,ENSG00000197912
16,89543270,16,89490719,89557766,ENSG00000197912
16,89543286,16,89490719,89557766,ENSG00000197912
16,89543613,16,89490719,89557766,ENSG00000197912
16,89546230,16,89490719,89557766,ENSG00000197912
16,89546629,16,89490719,89557766,ENSG00000197912
16,89546715,16,89490719,89557766,ENSG00000197912
16,89546825,16,89490719,89557766,ENSG00000197912
16,89547122,16,89490719,89557766,ENSG00000197912
16,89548925,16,89490719,89557766,ENSG00000197912
16,89549045,16,89490719,89557766,ENSG00000197912
16,89549747,16,89490719,89557766,ENSG00000197912
16,89549759,16,89490719,89557766,ENSG00000197912
16,89549770,16,89490719,89557766,ENSG00000197912
16,89549824,16,89490719,89557766,ENSG00000197912
16,89550150,16,89490719,89557766,ENSG00000197912
16,89550317,16,89490719,89557766,ENSG00000197912
16,89550364,16,89490719,89557766,ENSG00000197912
16,89550382,16,89490719,89557766,ENSG00000197912
16,89550656,16,89490719,89557766,ENSG00000197912
16,89551065,16,89490719,89557766,ENSG00000197912
16,89551110,16,89490719,89557766,ENSG00000197912
16,89553740,16,89490719,89557766,ENSG00000197912
16,89553920,16,89490719,89557766,ENSG00000197912
16,89556116,16,89490719,89557766,ENSG00000197912
16,89557582,16,89490719,89557766,ENSG00000197912
16,89558166,16,89490719,89557766,ENSG00000197912
16,89561052,16,89490719,89557766,ENSG00000197912
16,89561263,16,89490719,89557766,ENSG00000197912
16,89561973,16,89490719,89557766,ENSG00000197912
16,89562213,16,89490719,89557766,ENSG00000197912
16,89562462,16,89490719,89557766,ENSG00000197912
16,89562662,16,89490719,89557766,ENSG00000197912
16,89500876,16,89490719,89557766,ENSG00000197912
16,89541271,16,89490719,89557766,ENSG00000197912
16,89492297,16,89490719,89557766,ENSG00000197912
16,89503419,16,89490719,89557766,ENSG00000197912
16,89503220,16,89490719,89557766,ENSG00000197912
16,89504227,16,89490719,89557766,ENSG00000197912
16,89500960,16,89490719,89557766,ENSG00000197912
16,89488906,16,89490719,89557766,ENSG00000197912
16,89488693,16,89490719,89557766,ENSG00000197912
16,89502909,16,89490719,89557766,ENSG00000197912
16,89503231,16,89490719,89557766,ENSG00000197912
16,89503631,16,89490719,89557766,ENSG00000197912
16,89495663,16,89490719,89557766,ENSG00000197912
16,89496108,16,89490719,89557766,ENSG00000197912
16,89498761,16,89490719,89557766,ENSG00000197912
16,89499346,16,89490719,89557766,ENSG00000197912
16,89496702,16,89490719,89557766,ENSG00000197912
16,89496715,16,89490719,89557766,ENSG00000197912
16,89496854,16,89490719,89557766,ENSG00000197912
16,89498587,16,89490719,89557766,ENSG00000197912
16,89505793,16,89490719,89557766,ENSG00000197912
16,89505000,16,89490719,89557766,ENSG00000197912
16,89530813,16,89490719,89557766,ENSG00000197912
16,89493907,16,89490719,89557766,ENSG00000197912
16,89532352,16,89490719,89557766,ENSG00000197912
16,89493205,16,89490719,89557766,ENSG00000197912
16,89493801,16,89490719,89557766,ENSG00000197912
16,89535064,16,89490719,89557766,ENSG00000197912
16,89505407,16,89490719,89557766,ENSG00000197912
16,89508277,16,89490719,89557766,ENSG00000197912
16,89486307,16,89490719,89557766,ENSG00000197912
16,89487216,16,89490719,89557766,ENSG00000197912
16,89549631,16,89490719,89557766,ENSG00000197912
16,89503913,16,89490719,89557766,ENSG00000197912
16,89487299,16,89490719,89557766,ENSG00000197912
16,89487955,16,89490719,89557766,ENSG00000197912
16,89502105,16,89490719,89557766,ENSG00000197912
16,89506697,16,89490719,89557766,ENSG00000197912
16,89506822,16,89490719,89557766,ENSG00000197912
16,89506817,16,89490719,89557766,ENSG00000197912
16,89506257,16,89490719,89557766,ENSG00000197912
16,89493770,16,89490719,89557766,ENSG00000197912
16,89539087,16,89490719,89557766,ENSG00000197912
16,89502467,16,89490719,89557766,ENSG00000197912
16,89535485,16,89490719,89557766,ENSG00000197912
16,89528853,16,89490719,89557766,ENSG00000197912
16,89533122,16,89490719,89557766,ENSG00000197912
16,89533823,16,89490719,89557766,ENSG00000197912
16,89506808,16,89490719,89557766,ENSG00000197912
16,89508187,16,89490719,89557766,ENSG00000197912
16,89529108,16,89490719,89557766,ENSG00000197912
16,89532833,16,89490719,89557766,ENSG00000197912
16,89534310,16,89490719,89557766,ENSG00000197912
16,89534394,16,89490719,89557766,ENSG00000197912
16,89535598,16,89490719,89557766,ENSG00000197912
16,89529315,16,89490719,89557766,ENSG00000197912
16,89529698,16,89490719,89557766,ENSG00000197912
16,89530649,16,89490719,89557766,ENSG00000197912
16,89531468,16,89490719,89557766,ENSG00000197912
16,89532944,16,89490719,89557766,ENSG00000197912
16,89532947,16,89490719,89557766,ENSG00000197912
16,89533769,16,89490719,89557766,ENSG00000197912
16,89509678,16,89490719,89557766,ENSG00000197912
16,89510358,16,89490719,89557766,ENSG00000197912
16,89510638,16,89490719,89557766,ENSG00000197912
16,89510958,16,89490719,89557766,ENSG00000197912
16,89514445,16,89490719,89557766,ENSG00000197912
16,89514828,16,89490719,89557766,ENSG00000197912
16,89515516,16,89490719,89557766,ENSG00000197912
16,89535745,16,89490719,89557766,ENSG00000197912
16,89535741,16,89490719,89557766,ENSG00000197912
16,89537178,16,89490719,89557766,ENSG00000197912
16,89508168,16,89490719,89557766,ENSG00000197912
16,89515181,16,89490719,89557766,ENSG00000197912
16,89538202,16,89490719,89557766,ENSG00000197912
16,89528218,16,89490719,89557766,ENSG00000197912
16,89521030,16,89490719,89557766,ENSG00000197912
16,89521463,16,89490719,89557766,ENSG00000197912
16,89528323,16,89490719,89557766,ENSG00000197912
16,89507758,16,89490719,89557766,ENSG00000197912
16,89519076,16,89490719,89557766,ENSG00000197912
16,89519406,16,89490719,89557766,ENSG00000197912
16,89522717,16,89490719,89557766,ENSG00000197912
16,89523760,16,89490719,89557766,ENSG00000197912
16,89511733,16,89490719,89557766,ENSG00000197912
16,89512715,16,89490719,89557766,ENSG00000197912
16,89513388,16,89490719,89557766,ENSG00000197912
16,89513463,16,89490719,89557766,ENSG00000197912
16,89514448,16,89490719,89557766,ENSG00000197912
16,89514628,16,89490719,89557766,ENSG00000197912
16,89514808,16,89490719,89557766,ENSG00000197912
16,89509363,16,89490719,89557766,ENSG00000197912
16,89510255,16,89490719,89557766,ENSG00000197912
16,89512348,16,89490719,89557766,ENSG00000197912
16,89537290,16,89490719,89557766,ENSG00000197912
16,89529101,16,89490719,89557766,ENSG00000197912
16,89486534,16,89490719,89557766,ENSG00000197912
16,89521920,16,89490719,89557766,ENSG00000197912
16,89521171,16,89490719,89557766,ENSG00000197912
16,89524259,16,89490719,89557766,ENSG00000197912
16,89517220,16,89490719,89557766,ENSG00000197912
16,89507281,16,89490719,89557766,ENSG00000197912
16,89519219,16,89490719,89557766,ENSG00000197912
16,89519594,16,89490719,89557766,ENSG00000197912
16,89519602,16,89490719,89557766,ENSG00000197912
16,89520622,16,89490719,89557766,ENSG00000197912
16,89522080,16,89490719,89557766,ENSG00000197912
16,89523652,16,89490719,89557766,ENSG00000197912
16,89523835,16,89490719,89557766,ENSG00000197912
16,89541827,16,89490719,89557766,ENSG00000197912
16,89525669,16,89490719,89557766,ENSG00000197912
16,89491791,16,89490719,89557766,ENSG00000197912
16,89516276,16,89490719,89557766,ENSG00000197912
16,89516781,16,89490719,89557766,ENSG00000197912
16,89517170,16,89490719,89557766,ENSG00000197912
16,89517202,16,89490719,89557766,ENSG00000197912
16,89533192,16,89490719,89557766,ENSG00000197912
16,89511649,16,89490719,89557766,ENSG00000197912
16,89520879,16,89490719,89557766,ENSG00000197912
16,89546965,16,89490719,89557766,ENSG00000197912
16,89540734,16,89490719,89557766,ENSG00000197912
16,89542833,16,89490719,89557766,ENSG00000197912
16,89526214,16,89490719,89557766,ENSG00000197912
16,89523000,16,89490719,89557766,ENSG00000197912
16,89522488,16,89490719,89557766,ENSG00000197912
16,89518769,16,89490719,89557766,ENSG00000197912
16,89556997,16,89490719,89557766,ENSG00000197912
16,89520251,16,89490719,89557766,ENSG00000197912
16,89552122,16,89490719,89557766,ENSG00000197912
16,89543164,16,89490719,89557766,ENSG00000197912
16,89530306,16,89490719,89557766,ENSG00000197912
12,93490930,12,93467514,93516214,ENSG00000198015
12,93505082,12,93467514,93516214,ENSG00000198015
12,93511432,12,93467514,93516214,ENSG00000198015
12,93516721,12,93467514,93516214,ENSG00000198015
12,93472064,12,93467514,93516214,ENSG00000198015
12,93489363,12,93467514,93516214,ENSG00000198015
12,93505751,12,93467514,93516214,ENSG00000198015
12,93465994,12,93467514,93516214,ENSG00000198015
12,93474154,12,93467514,93516214,ENSG00000198015
12,93464567,12,93467514,93516214,ENSG00000198015
12,93465779,12,93467514,93516214,ENSG00000198015
12,93466176,12,93467514,93516214,ENSG00000198015
12,93467477,12,93467514,93516214,ENSG00000198015
12,93467697,12,93467514,93516214,ENSG00000198015
12,93467825,12,93467514,93516214,ENSG00000198015
12,93468307,12,93467514,93516214,ENSG00000198015
12,93468970,12,93467514,93516214,ENSG00000198015
12,93469386,12,93467514,93516214,ENSG00000198015
12,93469649,12,93467514,93516214,ENSG00000198015
12,93470119,12,93467514,93516214,ENSG00000198015
12,93471455,12,93467514,93516214,ENSG00000198015
12,93471549,12,93467514,93516214,ENSG00000198015
12,93471560,12,93467514,93516214,ENSG00000198015
12,93471796,12,93467514,93516214,ENSG00000198015
12,93472358,12,93467514,93516214,ENSG00000198015
12,93474861,12,93467514,93516214,ENSG00000198015
12,93474991,12,93467514,93516214,ENSG00000198015
12,93475663,12,93467514,93516214,ENSG00000198015
12,93466840,12,93467514,93516214,ENSG00000198015
12,93471056,12,93467514,93516214,ENSG00000198015
12,93470698,12,93467514,93516214,ENSG00000198015
12,93472330,12,93467514,93516214,ENSG00000198015
12,93467060,12,93467514,93516214,ENSG00000198015
12,93479174,12,93467514,93516214,ENSG00000198015
12,93479815,12,93467514,93516214,ENSG00000198015
12,93481263,12,93467514,93516214,ENSG00000198015
12,93481343,12,93467514,93516214,ENSG00000198015
12,93482334,12,93467514,93516214,ENSG00000198015
12,93487345,12,93467514,93516214,ENSG00000198015
12,93489364,12,93467514,93516214,ENSG00000198015
12,93494571,12,93467514,93516214,ENSG00000198015
12,93494763,12,93467514,93516214,ENSG00000198015
12,93499734,12,93467514,93516214,ENSG00000198015
12,93504877,12,93467514,93516214,ENSG00000198015
12,93507821,12,93467514,93516214,ENSG00000198015
12,93511272,12,93467514,93516214,ENSG00000198015
12,93517705,12,93467514,93516214,ENSG00000198015
12,93521062,12,93467514,93516214,ENSG00000198015
12,93480312,12,93467514,93516214,ENSG00000198015
12,93480519,12,93467514,93516214,ENSG00000198015
12,93481070,12,93467514,93516214,ENSG00000198015
12,93482118,12,93467514,93516214,ENSG00000198015
12,93482923,12,93467514,93516214,ENSG00000198015
12,93484015,12,93467514,93516214,ENSG00000198015
12,93484112,12,93467514,93516214,ENSG00000198015
12,93484333,12,93467514,93516214,ENSG00000198015
12,93484841,12,93467514,93516214,ENSG00000198015
12,93485563,12,93467514,93516214,ENSG00000198015
12,93486672,12,93467514,93516214,ENSG00000198015
12,93486842,12,93467514,93516214,ENSG00000198015
12,93488132,12,93467514,93516214,ENSG00000198015
12,93488917,12,93467514,93516214,ENSG00000198015
12,93489313,12,93467514,93516214,ENSG00000198015
12,93489524,12,93467514,93516214,ENSG00000198015
12,93489589,12,93467514,93516214,ENSG00000198015
12,93490424,12,93467514,93516214,ENSG00000198015
12,93490526,12,93467514,93516214,ENSG00000198015
12,93491269,12,93467514,93516214,ENSG00000198015
12,93491886,12,93467514,93516214,ENSG00000198015
12,93494818,12,93467514,93516214,ENSG00000198015
12,93495839,12,93467514,93516214,ENSG00000198015
12,93496040,12,93467514,93516214,ENSG00000198015
12,93496213,12,93467514,93516214,ENSG00000198015
12,93499618,12,93467514,93516214,ENSG00000198015
12,93499629,12,93467514,93516214,ENSG00000198015
12,93501003,12,93467514,93516214,ENSG00000198015
12,93501047,12,93467514,93516214,ENSG00000198015
12,93502989,12,93467514,93516214,ENSG00000198015
12,93504473,12,93467514,93516214,ENSG00000198015
12,93504748,12,93467514,93516214,ENSG00000198015
12,93506517,12,93467514,93516214,ENSG00000198015
12,93508032,12,93467514,93516214,ENSG00000198015
12,93509474,12,93467514,93516214,ENSG00000198015
12,93512192,12,93467514,93516214,ENSG00000198015
12,93512515,12,93467514,93516214,ENSG00000198015
12,93514271,12,93467514,93516214,ENSG00000198015
12,93514837,12,93467514,93516214,ENSG00000198015
12,93516532,12,93467514,93516214,ENSG00000198015
12,93519896,12,93467514,93516214,ENSG00000198015
12,93520842,12,93467514,93516214,ENSG00000198015
12,93480928,12,93467514,93516214,ENSG00000198015
2,190201957,2,190189735,190344193,ENSG00000198130
2,190202187,2,190189735,190344193,ENSG00000198130
2,190202244,2,190189735,190344193,ENSG00000198130
2,190204708,2,190189735,190344193,ENSG00000198130
2,190204750,2,190189735,190344193,ENSG00000198130
2,190204963,2,190189735,190344193,ENSG00000198130
2,190259372,2,190189735,190344193,ENSG00000198130
2,190203040,2,190189735,190344193,ENSG00000198130
2,190203739,2,190189735,190344193,ENSG00000198130
2,190210010,2,190189735,190344193,ENSG00000198130
2,190210294,2,190189735,190344193,ENSG00000198130
2,190211137,2,190189735,190344193,ENSG00000198130
2,190212538,2,190189735,190344193,ENSG00000198130
2,190213309,2,190189735,190344193,ENSG00000198130
2,190215024,2,190189735,190344193,ENSG00000198130
2,190216151,2,190189735,190344193,ENSG00000198130
2,190216292,2,190189735,190344193,ENSG00000198130
2,190217468,2,190189735,190344193,ENSG00000198130
2,190217755,2,190189735,190344193,ENSG00000198130
2,190218339,2,190189735,190344193,ENSG00000198130
2,190219148,2,190189735,190344193,ENSG00000198130
2,190220095,2,190189735,190344193,ENSG00000198130
2,190220259,2,190189735,190344193,ENSG00000198130
2,190220384,2,190189735,190344193,ENSG00000198130
2,190220472,2,190189735,190344193,ENSG00000198130
2,190221294,2,190189735,190344193,ENSG00000198130
2,190221615,2,190189735,190344193,ENSG00000198130
2,190221815,2,190189735,190344193,ENSG00000198130
2,190222457,2,190189735,190344193,ENSG00000198130
2,190223854,2,190189735,190344193,ENSG00000198130
2,190224215,2,190189735,190344193,ENSG00000198130
2,190224632,2,190189735,190344193,ENSG00000198130
2,190225111,2,190189735,190344193,ENSG00000198130
2,190226285,2,190189735,190344193,ENSG00000198130
2,190226549,2,190189735,190344193,ENSG00000198130
2,190227308,2,190189735,190344193,ENSG00000198130
2,190228047,2,190189735,190344193,ENSG00000198130
2,190228513,2,190189735,190344193,ENSG00000198130
2,190228539,2,190189735,190344193,ENSG00000198130
2,190228928,2,190189735,190344193,ENSG00000198130
2,190229219,2,190189735,190344193,ENSG00000198130
2,190230780,2,190189735,190344193,ENSG00000198130
2,190231012,2,190189735,190344193,ENSG00000198130
2,190231200,2,190189735,190344193,ENSG00000198130
2,190231331,2,190189735,190344193,ENSG00000198130
2,190231348,2,190189735,190344193,ENSG00000198130
2,190231678,2,190189735,190344193,ENSG00000198130
2,190232442,2,190189735,190344193,ENSG00000198130
2,190233602,2,190189735,190344193,ENSG00000198130
2,190234769,2,190189735,190344193,ENSG00000198130
2,190235233,2,190189735,190344193,ENSG00000198130
2,190235527,2,190189735,190344193,ENSG00000198130
2,190235997,2,190189735,190344193,ENSG00000198130
2,190236361,2,190189735,190344193,ENSG00000198130
2,190237141,2,190189735,190344193,ENSG00000198130
2,190237202,2,190189735,190344193,ENSG00000198130
2,190238091,2,190189735,190344193,ENSG00000198130
2,190241970,2,190189735,190344193,ENSG00000198130
2,190242262,2,190189735,190344193,ENSG00000198130
2,190243365,2,190189735,190344193,ENSG00000198130
2,190243710,2,190189735,190344193,ENSG00000198130
2,190244474,2,190189735,190344193,ENSG00000198130
2,190244722,2,190189735,190344193,ENSG00000198130
2,190244807,2,190189735,190344193,ENSG00000198130
2,190245144,2,190189735,190344193,ENSG00000198130
2,190247229,2,190189735,190344193,ENSG00000198130
2,190247858,2,190189735,190344193,ENSG00000198130
2,190248071,2,190189735,190344193,ENSG00000198130
2,190248283,2,190189735,190344193,ENSG00000198130
2,190248929,2,190189735,190344193,ENSG00000198130
2,190249090,2,190189735,190344193,ENSG00000198130
2,190249093,2,190189735,190344193,ENSG00000198130
2,190249336,2,190189735,190344193,ENSG00000198130
2,190249503,2,190189735,190344193,ENSG00000198130
2,190249509,2,190189735,190344193,ENSG00000198130
2,190251082,2,190189735,190344193,ENSG00000198130
2,190251105,2,190189735,190344193,ENSG00000198130
2,190251712,2,190189735,190344193,ENSG00000198130
2,190252480,2,190189735,190344193,ENSG00000198130
2,190252914,2,190189735,190344193,ENSG00000198130
2,190252927,2,190189735,190344193,ENSG00000198130
2,190253854,2,190189735,190344193,ENSG00000198130
2,190254573,2,190189735,190344193,ENSG00000198130
2,190256574,2,190189735,190344193,ENSG00000198130
2,190258242,2,190189735,190344193,ENSG00000198130
2,190258603,2,190189735,190344193,ENSG00000198130
2,190259556,2,190189735,190344193,ENSG00000198130
2,190259705,2,190189735,190344193,ENSG00000198130
2,190260142,2,190189735,190344193,ENSG00000198130
2,190261520,2,190189735,190344193,ENSG00000198130
2,190262711,2,190189735,190344193,ENSG00000198130
2,190262846,2,190189735,190344193,ENSG00000198130
2,190262847,2,190189735,190344193,ENSG00000198130
2,190262984,2,190189735,190344193,ENSG00000198130
2,190263111,2,190189735,190344193,ENSG00000198130
2,190264116,2,190189735,190344193,ENSG00000198130
2,190264249,2,190189735,190344193,ENSG00000198130
2,190264529,2,190189735,190344193,ENSG00000198130
2,190265311,2,190189735,190344193,ENSG00000198130
2,190266958,2,190189735,190344193,ENSG00000198130
2,190266965,2,190189735,190344193,ENSG00000198130
2,190267633,2,190189735,190344193,ENSG00000198130
2,190267842,2,190189735,190344193,ENSG00000198130
2,190268120,2,190189735,190344193,ENSG00000198130
2,190268352,2,190189735,190344193,ENSG00000198130
2,190268789,2,190189735,190344193,ENSG00000198130
2,190269317,2,190189735,190344193,ENSG00000198130
2,190271657,2,190189735,190344193,ENSG00000198130
2,190272005,2,190189735,190344193,ENSG00000198130
2,190272435,2,190189735,190344193,ENSG00000198130
2,190272774,2,190189735,190344193,ENSG00000198130
2,190273292,2,190189735,190344193,ENSG00000198130
2,190274614,2,190189735,190344193,ENSG00000198130
2,190274992,2,190189735,190344193,ENSG00000198130
2,190278383,2,190189735,190344193,ENSG00000198130
2,190278392,2,190189735,190344193,ENSG00000198130
2,190279283,2,190189735,190344193,ENSG00000198130
2,190280103,2,190189735,190344193,ENSG00000198130
2,190280639,2,190189735,190344193,ENSG00000198130
2,190281457,2,190189735,190344193,ENSG00000198130
2,190281831,2,190189735,190344193,ENSG00000198130
2,190282296,2,190189735,190344193,ENSG00000198130
2,190282905,2,190189735,190344193,ENSG00000198130
2,190284596,2,190189735,190344193,ENSG00000198130
2,190285410,2,190189735,190344193,ENSG00000198130
2,190285617,2,190189735,190344193,ENSG00000198130
2,190288194,2,190189735,190344193,ENSG00000198130
2,190288825,2,190189735,190344193,ENSG00000198130
2,190288830,2,190189735,190344193,ENSG00000198130
2,190288864,2,190189735,190344193,ENSG00000198130
2,190289810,2,190189735,190344193,ENSG00000198130
2,190290962,2,190189735,190344193,ENSG00000198130
2,190293050,2,190189735,190344193,ENSG00000198130
2,190294130,2,190189735,190344193,ENSG00000198130
2,190294506,2,190189735,190344193,ENSG00000198130
2,190295165,2,190189735,190344193,ENSG00000198130
2,190295728,2,190189735,190344193,ENSG00000198130
2,190296337,2,190189735,190344193,ENSG00000198130
2,190296896,2,190189735,190344193,ENSG00000198130
2,190297119,2,190189735,190344193,ENSG00000198130
2,190297356,2,190189735,190344193,ENSG00000198130
2,190297563,2,190189735,190344193,ENSG00000198130
2,190298250,2,190189735,190344193,ENSG00000198130
2,190298554,2,190189735,190344193,ENSG00000198130
2,190299097,2,190189735,190344193,ENSG00000198130
2,190299433,2,190189735,190344193,ENSG00000198130
2,190300509,2,190189735,190344193,ENSG00000198130
2,190300939,2,190189735,190344193,ENSG00000198130
2,190302602,2,190189735,190344193,ENSG00000198130
2,190302915,2,190189735,190344193,ENSG00000198130
2,190302952,2,190189735,190344193,ENSG00000198130
2,190304198,2,190189735,190344193,ENSG00000198130
2,190305031,2,190189735,190344193,ENSG00000198130
2,190306288,2,190189735,190344193,ENSG00000198130
2,190306377,2,190189735,190344193,ENSG00000198130
2,190306710,2,190189735,190344193,ENSG00000198130
2,190306932,2,190189735,190344193,ENSG00000198130
2,190307538,2,190189735,190344193,ENSG00000198130
2,190308874,2,190189735,190344193,ENSG00000198130
2,190312256,2,190189735,190344193,ENSG00000198130
2,190317563,2,190189735,190344193,ENSG00000198130
2,190304977,2,190189735,190344193,ENSG00000198130
2,190305222,2,190189735,190344193,ENSG00000198130
2,190197305,2,190189735,190344193,ENSG00000198130
2,190275561,2,190189735,190344193,ENSG00000198130
2,190276153,2,190189735,190344193,ENSG00000198130
2,190276867,2,190189735,190344193,ENSG00000198130
2,190258114,2,190189735,190344193,ENSG00000198130
2,190200027,2,190189735,190344193,ENSG00000198130
2,190200510,2,190189735,190344193,ENSG00000198130
2,190299502,2,190189735,190344193,ENSG00000198130
2,190197469,2,190189735,190344193,ENSG00000198130
2,190200869,2,190189735,190344193,ENSG00000198130
2,190207562,2,190189735,190344193,ENSG00000198130
2,190208473,2,190189735,190344193,ENSG00000198130
2,190209198,2,190189735,190344193,ENSG00000198130
2,190213437,2,190189735,190344193,ENSG00000198130
2,190196682,2,190189735,190344193,ENSG00000198130
2,190196907,2,190189735,190344193,ENSG00000198130
2,190199330,2,190189735,190344193,ENSG00000198130
2,190343621,2,190189735,190344193,ENSG00000198130
2,190199547,2,190189735,190344193,ENSG00000198130
2,190201056,2,190189735,190344193,ENSG00000198130
2,190198579,2,190189735,190344193,ENSG00000198130
2,190198719,2,190189735,190344193,ENSG00000198130
2,190199037,2,190189735,190344193,ENSG00000198130
2,190346887,2,190189735,190344193,ENSG00000198130
2,190347505,2,190189735,190344193,ENSG00000198130
2,190348263,2,190189735,190344193,ENSG00000198130
2,190348938,2,190189735,190344193,ENSG00000198130
2,190196061,2,190189735,190344193,ENSG00000198130
2,190298980,2,190189735,190344193,ENSG00000198130
19,58276870,19,58228594,58277495,ENSG00000198131
12,104338461,12,104215779,104350307,ENSG00000198431
12,104287064,12,104215779,104350307,ENSG00000198431
12,104287650,12,104215779,104350307,ENSG00000198431
12,104290510,12,104215779,104350307,ENSG00000198431
12,104301231,12,104215779,104350307,ENSG00000198431
12,104302740,12,104215779,104350307,ENSG00000198431
19,57858374,19,57849859,57865117,ENSG00000198466
19,57861683,19,57849859,57865117,ENSG00000198466
19,57862762,19,57849859,57865117,ENSG00000198466
19,57853825,19,57849859,57865117,ENSG00000198466
19,57845252,19,57849859,57865117,ENSG00000198466
19,57846178,19,57849859,57865117,ENSG00000198466
19,57868618,19,57849859,57865117,ENSG00000198466
19,57869017,19,57849859,57865117,ENSG00000198466
19,57869021,19,57849859,57865117,ENSG00000198466
19,57869023,19,57849859,57865117,ENSG00000198466
19,57869028,19,57849859,57865117,ENSG00000198466
19,57869032,19,57849859,57865117,ENSG00000198466
19,57869033,19,57849859,57865117,ENSG00000198466
19,57864342,19,57849859,57865117,ENSG00000198466
19,57867322,19,57849859,57865117,ENSG00000198466
19,57865116,19,57849859,57865117,ENSG00000198466
19,57849960,19,57849859,57865117,ENSG00000198466
19,57868969,19,57849859,57865117,ENSG00000198466
19,57869510,19,57849859,57865117,ENSG00000198466
19,57869989,19,57849859,57865117,ENSG00000198466
19,57846752,19,57849859,57865117,ENSG00000198466
19,57847176,19,57849859,57865117,ENSG00000198466
19,57849966,19,57849859,57865117,ENSG00000198466
19,57850801,19,57849859,57865117,ENSG00000198466
19,57852094,19,57849859,57865117,ENSG00000198466
19,57852105,19,57849859,57865117,ENSG00000198466
19,57852138,19,57849859,57865117,ENSG00000198466
19,57852143,19,57849859,57865117,ENSG00000198466
19,57852185,19,57849859,57865117,ENSG00000198466
19,57852188,19,57849859,57865117,ENSG00000198466
19,57852198,19,57849859,57865117,ENSG00000198466
19,57852202,19,57849859,57865117,ENSG00000198466
19,57852208,19,57849859,57865117,ENSG00000198466
19,57852217,19,57849859,57865117,ENSG00000198466
19,57852222,19,57849859,57865117,ENSG00000198466
19,57862267,19,57849859,57865117,ENSG00000198466
19,57867803,19,57849859,57865117,ENSG00000198466
19,57864640,19,57849859,57865117,ENSG00000198466
19,57850234,19,57849859,57865117,ENSG00000198466
19,57850181,19,57849859,57865117,ENSG00000198466
19,57868524,19,57849859,57865117,ENSG00000198466
9,35690533,9,35681992,35690056,ENSG00000198467
20,34737712,20,34689097,34825651,ENSG00000198646
20,34735036,20,34689097,34825651,ENSG00000198646
20,34794862,20,34689097,34825651,ENSG00000198646
20,34804480,20,34689097,34825651,ENSG00000198646
20,34807618,20,34689097,34825651,ENSG00000198646
20,34714996,20,34689097,34825651,ENSG00000198646
20,34721005,20,34689097,34825651,ENSG00000198646
20,34728742,20,34689097,34825651,ENSG00000198646
20,34731584,20,34689097,34825651,ENSG00000198646
20,34753326,20,34689097,34825651,ENSG00000198646
20,34759428,20,34689097,34825651,ENSG00000198646
20,34767458,20,34689097,34825651,ENSG00000198646
20,34769912,20,34689097,34825651,ENSG00000198646
20,34770142,20,34689097,34825651,ENSG00000198646
20,34782463,20,34689097,34825651,ENSG00000198646
20,34783734,20,34689097,34825651,ENSG00000198646
20,34789762,20,34689097,34825651,ENSG00000198646
20,34825373,20,34689097,34825651,ENSG00000198646
20,34758244,20,34689097,34825651,ENSG00000198646
20,34786599,20,34689097,34825651,ENSG00000198646
20,34819912,20,34689097,34825651,ENSG00000198646
20,34820334,20,34689097,34825651,ENSG00000198646
20,34717416,20,34689097,34825651,ENSG00000198646
20,34748282,20,34689097,34825651,ENSG00000198646
20,34753885,20,34689097,34825651,ENSG00000198646
20,34783959,20,34689097,34825651,ENSG00000198646
20,34803338,20,34689097,34825651,ENSG00000198646
20,34732251,20,34689097,34825651,ENSG00000198646
20,34798627,20,34689097,34825651,ENSG00000198646
20,34813256,20,34689097,34825651,ENSG00000198646
20,34813904,20,34689097,34825651,ENSG00000198646
20,34814428,20,34689097,34825651,ENSG00000198646
20,34817424,20,34689097,34825651,ENSG00000198646
20,34817861,20,34689097,34825651,ENSG00000198646
20,34818536,20,34689097,34825651,ENSG00000198646
20,34826006,20,34689097,34825651,ENSG00000198646
20,34828017,20,34689097,34825651,ENSG00000198646
20,34828860,20,34689097,34825651,ENSG00000198646
20,34701343,20,34689097,34825651,ENSG00000198646
20,34731232,20,34689097,34825651,ENSG00000198646
20,34790645,20,34689097,34825651,ENSG00000198646
20,34790949,20,34689097,34825651,ENSG00000198646
20,34797002,20,34689097,34825651,ENSG00000198646
20,34807065,20,34689097,34825651,ENSG00000198646
20,34817460,20,34689097,34825651,ENSG00000198646
20,34705089,20,34689097,34825651,ENSG00000198646
20,34815026,20,34689097,34825651,ENSG00000198646
20,34821118,20,34689097,34825651,ENSG00000198646
20,34823622,20,34689097,34825651,ENSG00000198646
20,34828733,20,34689097,34825651,ENSG00000198646
20,34695845,20,34689097,34825651,ENSG00000198646
20,34704323,20,34689097,34825651,ENSG00000198646
20,34704973,20,34689097,34825651,ENSG00000198646
20,34707141,20,34689097,34825651,ENSG00000198646
20,34700851,20,34689097,34825651,ENSG00000198646
20,34771098,20,34689097,34825651,ENSG00000198646
20,34719100,20,34689097,34825651,ENSG00000198646
20,34745236,20,34689097,34825651,ENSG00000198646
20,34768738,20,34689097,34825651,ENSG00000198646
20,34797299,20,34689097,34825651,ENSG00000198646
20,34813110,20,34689097,34825651,ENSG00000198646
20,34816127,20,34689097,34825651,ENSG00000198646
20,34725762,20,34689097,34825651,ENSG00000198646
20,34688946,20,34689097,34825651,ENSG00000198646
20,34689927,20,34689097,34825651,ENSG00000198646
20,34693758,20,34689097,34825651,ENSG00000198646
20,34693932,20,34689097,34825651,ENSG00000198646
20,34700603,20,34689097,34825651,ENSG00000198646
20,34700707,20,34689097,34825651,ENSG00000198646
20,34725936,20,34689097,34825651,ENSG00000198646
20,34740220,20,34689097,34825651,ENSG00000198646
20,34759525,20,34689097,34825651,ENSG00000198646
20,34772982,20,34689097,34825651,ENSG00000198646
20,34776852,20,34689097,34825651,ENSG00000198646
20,34778667,20,34689097,34825651,ENSG00000198646
20,34778678,20,34689097,34825651,ENSG00000198646
20,34778838,20,34689097,34825651,ENSG00000198646
20,34786299,20,34689097,34825651,ENSG00000198646
20,34788520,20,34689097,34825651,ENSG00000198646
20,34819901,20,34689097,34825651,ENSG00000198646
20,34820233,20,34689097,34825651,ENSG00000198646
20,34685599,20,34689097,34825651,ENSG00000198646
20,34754674,20,34689097,34825651,ENSG00000198646
20,34756792,20,34689097,34825651,ENSG00000198646
20,34768708,20,34689097,34825651,ENSG00000198646
20,34807137,20,34689097,34825651,ENSG00000198646
20,34769845,20,34689097,34825651,ENSG00000198646
20,34770696,20,34689097,34825651,ENSG00000198646
20,34706549,20,34689097,34825651,ENSG00000198646
20,34722823,20,34689097,34825651,ENSG00000198646
20,34723195,20,34689097,34825651,ENSG00000198646
20,34729858,20,34689097,34825651,ENSG00000198646
20,34747722,20,34689097,34825651,ENSG00000198646
20,34758753,20,34689097,34825651,ENSG00000198646
20,34785053,20,34689097,34825651,ENSG00000198646
20,34786010,20,34689097,34825651,ENSG00000198646
20,34790930,20,34689097,34825651,ENSG00000198646
20,34815706,20,34689097,34825651,ENSG00000198646
20,34824219,20,34689097,34825651,ENSG00000198646
20,34690451,20,34689097,34825651,ENSG00000198646
20,34690638,20,34689097,34825651,ENSG00000198646
20,34821547,20,34689097,34825651,ENSG00000198646
20,34699978,20,34689097,34825651,ENSG00000198646
20,34686665,20,34689097,34825651,ENSG00000198646
20,34689049,20,34689097,34825651,ENSG00000198646
20,34693800,20,34689097,34825651,ENSG00000198646
20,34693847,20,34689097,34825651,ENSG00000198646
20,34694471,20,34689097,34825651,ENSG00000198646
20,34699104,20,34689097,34825651,ENSG00000198646
20,34694976,20,34689097,34825651,ENSG00000198646
20,34695640,20,34689097,34825651,ENSG00000198646
20,34696966,20,34689097,34825651,ENSG00000198646
20,34697249,20,34689097,34825651,ENSG00000198646
20,34697701,20,34689097,34825651,ENSG00000198646
20,34697710,20,34689097,34825651,ENSG00000198646
20,34687725,20,34689097,34825651,ENSG00000198646
20,34694770,20,34689097,34825651,ENSG00000198646
20,34694776,20,34689097,34825651,ENSG00000198646
20,34690297,20,34689097,34825651,ENSG00000198646
20,34691800,20,34689097,34825651,ENSG00000198646
20,34699621,20,34689097,34825651,ENSG00000198646
20,34694394,20,34689097,34825651,ENSG00000198646
20,34693032,20,34689097,34825651,ENSG00000198646
20,34699274,20,34689097,34825651,ENSG00000198646
6,4118745,6,4115693,4135597,ENSG00000198721
6,4112813,6,4115693,4135597,ENSG00000198721
6,4116028,6,4115693,4135597,ENSG00000198721
6,4118440,6,4115693,4135597,ENSG00000198721
6,4119762,6,4115693,4135597,ENSG00000198721
6,4119947,6,4115693,4135597,ENSG00000198721
6,4121597,6,4115693,4135597,ENSG00000198721
6,4125421,6,4115693,4135597,ENSG00000198721
6,4126682,6,4115693,4135597,ENSG00000198721
6,4127019,6,4115693,4135597,ENSG00000198721
6,4127496,6,4115693,4135597,ENSG00000198721
6,4133621,6,4115693,4135597,ENSG00000198721
6,4117080,6,4115693,4135597,ENSG00000198721
6,4120331,6,4115693,4135597,ENSG00000198721
6,4120333,6,4115693,4135597,ENSG00000198721
6,4122015,6,4115693,4135597,ENSG00000198721
6,4125707,6,4115693,4135597,ENSG00000198721
6,4114554,6,4115693,4135597,ENSG00000198721
6,4112889,6,4115693,4135597,ENSG00000198721
6,4113977,6,4115693,4135597,ENSG00000198721
6,4118555,6,4115693,4135597,ENSG00000198721
6,4118817,6,4115693,4135597,ENSG00000198721
6,4119470,6,4115693,4135597,ENSG00000198721
6,4120449,6,4115693,4135597,ENSG00000198721
6,4135028,6,4115693,4135597,ENSG00000198721
6,4118750,6,4115693,4135597,ENSG00000198721
6,4114013,6,4115693,4135597,ENSG00000198721
6,4115524,6,4115693,4135597,ENSG00000198721
6,4134991,6,4115693,4135597,ENSG00000198721
6,4121099,6,4115693,4135597,ENSG00000198721
6,4112007,6,4115693,4135597,ENSG00000198721
6,4119282,6,4115693,4135597,ENSG00000198721
6,4125863,6,4115693,4135597,ENSG00000198721
6,4126529,6,4115693,4135597,ENSG00000198721
6,4113695,6,4115693,4135597,ENSG00000198721
3,108590862,3,108589705,108694840,ENSG00000198919
3,108598527,3,108589705,108694840,ENSG00000198919
3,108586455,3,108589705,108694840,ENSG00000198919
3,108605547,3,108589705,108694840,ENSG00000198919
3,108606837,3,108589705,108694840,ENSG00000198919
3,108617245,3,108589705,108694840,ENSG00000198919
3,108654175,3,108589705,108694840,ENSG00000198919
3,108651107,3,108589705,108694840,ENSG00000198919
3,108601009,3,108589705,108694840,ENSG00000198919
3,108603235,3,108589705,108694840,ENSG00000198919
3,108631843,3,108589705,108694840,ENSG00000198919
3,108639789,3,108589705,108694840,ENSG00000198919
3,108654885,3,108589705,108694840,ENSG00000198919
3,108667964,3,108589705,108694840,ENSG00000198919
3,108685847,3,108589705,108694840,ENSG00000198919
3,108691594,3,108589705,108694840,ENSG00000198919
3,108626796,3,108589705,108694840,ENSG00000198919
3,108670434,3,108589705,108694840,ENSG00000198919
3,108695048,3,108589705,108694840,ENSG00000198919
3,108695748,3,108589705,108694840,ENSG00000198919
1,244834651,1,244835616,244845057,ENSG00000203667
1,244830518,1,244835616,244845057,ENSG00000203667
1,244830656,1,244835616,244845057,ENSG00000203667
1,244832569,1,244835616,244845057,ENSG00000203667
X,140772660,X,140709562,140793215,ENSG00000203930
10,49997938,10,49982190,50011654,ENSG00000204149
10,49999294,10,49982190,50011654,ENSG00000204149
10,49979946,10,49982190,50011654,ENSG00000204149
10,49980107,10,49982190,50011654,ENSG00000204149
10,49980918,10,49982190,50011654,ENSG00000204149
10,49982697,10,49982190,50011654,ENSG00000204149
10,49987359,10,49982190,50011654,ENSG00000204149
10,49988768,10,49982190,50011654,ENSG00000204149
10,49988961,10,49982190,50011654,ENSG00000204149
10,49989586,10,49982190,50011654,ENSG00000204149
10,49990351,10,49982190,50011654,ENSG00000204149
10,50001312,10,49982190,50011654,ENSG00000204149
10,50004003,10,49982190,50011654,ENSG00000204149
10,50005269,10,49982190,50011654,ENSG00000204149
10,50008914,10,49982190,50011654,ENSG00000204149
10,50010879,10,49982190,50011654,ENSG00000204149
10,50015341,10,49982190,50011654,ENSG00000204149
10,49994826,10,49982190,50011654,ENSG00000204149
10,49991231,10,49982190,50011654,ENSG00000204149
6,32823522,6,32821833,32838739,ENSG00000204267
6,32825746,6,32821833,32838739,ENSG00000204267
6,32820930,6,32821833,32838739,ENSG00000204267
6,32829338,6,32821833,32838739,ENSG00000204267
6,32828188,6,32821833,32838739,ENSG00000204267
6,32828242,6,32821833,32838739,ENSG00000204267
6,32828280,6,32821833,32838739,ENSG00000204267
6,32828281,6,32821833,32838739,ENSG00000204267
6,32828367,6,32821833,32838739,ENSG00000204267
6,32828569,6,32821833,32838739,ENSG00000204267
6,32828876,6,32821833,32838739,ENSG00000204267
6,32828974,6,32821833,32838739,ENSG00000204267
6,32828744,6,32821833,32838739,ENSG00000204267
6,32828677,6,32821833,32838739,ENSG00000204267
6,32828908,6,32821833,32838739,ENSG00000204267
6,32816843,6,32821833,32838739,ENSG00000204267
6,32816976,6,32821833,32838739,ENSG00000204267
6,31967615,6,31969810,31972290,ENSG00000204348
6,31970343,6,31969810,31972290,ENSG00000204348
6,31976956,6,31969810,31972290,ENSG00000204348
6,31977107,6,31969810,31972290,ENSG00000204348
6,31675474,6,31676684,31684040,ENSG00000204428
6,31680626,6,31676684,31684040,ENSG00000204428
6,31685343,6,31676684,31684040,ENSG00000204428
6,31686955,6,31676684,31684040,ENSG00000204428
6,31682815,6,31676684,31684040,ENSG00000204428
6,31672741,6,31676684,31684040,ENSG00000204428
6,31411338,6,31399784,31415315,ENSG00000204520
6,31146796,6,31142439,31158238,ENSG00000204536
6,31149801,6,31142439,31158238,ENSG00000204536
6,31154349,6,31142439,31158238,ENSG00000204536
6,31157381,6,31142439,31158238,ENSG00000204536
6,31157792,6,31142439,31158238,ENSG00000204536
6,31158475,6,31142439,31158238,ENSG00000204536
6,31159013,6,31142439,31158238,ENSG00000204536
6,31160467,6,31142439,31158238,ENSG00000204536
6,31140495,6,31142439,31158238,ENSG00000204536
6,31142033,6,31142439,31158238,ENSG00000204536
6,31142169,6,31142439,31158238,ENSG00000204536
6,31142170,6,31142439,31158238,ENSG00000204536
6,31142614,6,31142439,31158238,ENSG00000204536
6,31144331,6,31142439,31158238,ENSG00000204536
6,31144825,6,31142439,31158238,ENSG00000204536
6,31145306,6,31142439,31158238,ENSG00000204536
6,31146163,6,31142439,31158238,ENSG00000204536
6,31146405,6,31142439,31158238,ENSG00000204536
6,31147923,6,31142439,31158238,ENSG00000204536
6,31148365,6,31142439,31158238,ENSG00000204536
6,31149411,6,31142439,31158238,ENSG00000204536
6,31150242,6,31142439,31158238,ENSG00000204536
6,31151165,6,31142439,31158238,ENSG00000204536
6,31151603,6,31142439,31158238,ENSG00000204536
6,31146968,6,31142439,31158238,ENSG00000204536
6,31147664,6,31142439,31158238,ENSG00000204536
6,31159167,6,31142439,31158238,ENSG00000204536
6,31139540,6,31142439,31158238,ENSG00000204536
6,31154097,6,31142439,31158238,ENSG00000204536
6,31138632,6,31142439,31158238,ENSG00000204536
6,31148469,6,31142439,31158238,ENSG00000204536
6,31148433,6,31142439,31158238,ENSG00000204536
6,31162816,6,31142439,31158238,ENSG00000204536
6,31157072,6,31142439,31158238,ENSG00000204536
6,31152092,6,31142439,31158238,ENSG00000204536
6,31149298,6,31142439,31158238,ENSG00000204536
6,31151812,6,31142439,31158238,ENSG00000204536
6,31138491,6,31142439,31158238,ENSG00000204536
6,31154538,6,31142439,31158238,ENSG00000204536
6,31159825,6,31142439,31158238,ENSG00000204536
6,31138866,6,31142439,31158238,ENSG00000204536
6,31158000,6,31142439,31158238,ENSG00000204536
6,31138722,6,31142439,31158238,ENSG00000204536
6,31152199,6,31142439,31158238,ENSG00000204536
6,31152837,6,31142439,31158238,ENSG00000204536
6,31139956,6,31142439,31158238,ENSG00000204536
6,31140830,6,31142439,31158238,ENSG00000204536
6,31142894,6,31142439,31158238,ENSG00000204536
6,31145437,6,31142439,31158238,ENSG00000204536
6,31147934,6,31142439,31158238,ENSG00000204536
6,31150734,6,31142439,31158238,ENSG00000204536
6,31141683,6,31142439,31158238,ENSG00000204536
6,31139116,6,31142439,31158238,ENSG00000204536
6,31143898,6,31142439,31158238,ENSG00000204536
6,31144298,6,31142439,31158238,ENSG00000204536
6,31148749,6,31142439,31158238,ENSG00000204536
6,31139410,6,31142439,31158238,ENSG00000204536
6,31139310,6,31142439,31158238,ENSG00000204536
6,31139468,6,31142439,31158238,ENSG00000204536
6,31139481,6,31142439,31158238,ENSG00000204536
6,31140708,6,31142439,31158238,ENSG00000204536
6,31143403,6,31142439,31158238,ENSG00000204536
6,31146242,6,31142439,31158238,ENSG00000204536
6,31147123,6,31142439,31158238,ENSG00000204536
6,31147827,6,31142439,31158238,ENSG00000204536
6,31148097,6,31142439,31158238,ENSG00000204536
6,31160775,6,31142439,31158238,ENSG00000204536
7,98220336,7,98214624,98252232,ENSG00000205356
7,98221510,7,98214624,98252232,ENSG00000205356
5,70047743,5,70025251,70043113,ENSG00000205572
12,25190582,12,25195216,25209645,ENSG00000205707
12,25192070,12,25195216,25209645,ENSG00000205707
12,25193683,12,25195216,25209645,ENSG00000205707
12,25195882,12,25195216,25209645,ENSG00000205707
12,25196383,12,25195216,25209645,ENSG00000205707
12,25200100,12,25195216,25209645,ENSG00000205707
12,25200583,12,25195216,25209645,ENSG00000205707
12,25200658,12,25195216,25209645,ENSG00000205707
12,25204640,12,25195216,25209645,ENSG00000205707
12,25205716,12,25195216,25209645,ENSG00000205707
12,25205894,12,25195216,25209645,ENSG00000205707
12,25206009,12,25195216,25209645,ENSG00000205707
12,25206394,12,25195216,25209645,ENSG00000205707
12,25206418,12,25195216,25209645,ENSG00000205707
12,25206530,12,25195216,25209645,ENSG00000205707
12,25209283,12,25195216,25209645,ENSG00000205707
12,25212741,12,25195216,25209645,ENSG00000205707
12,25212817,12,25195216,25209645,ENSG00000205707
12,25212827,12,25195216,25209645,ENSG00000205707
12,25212834,12,25195216,25209645,ENSG00000205707
12,25205728,12,25195216,25209645,ENSG00000205707
12,25202389,12,25195216,25209645,ENSG00000205707
12,25206907,12,25195216,25209645,ENSG00000205707
12,25209618,12,25195216,25209645,ENSG00000205707
12,25204694,12,25195216,25209645,ENSG00000205707
12,25210884,12,25195216,25209645,ENSG00000205707
12,25195738,12,25195216,25209645,ENSG00000205707
12,25197506,12,25195216,25209645,ENSG00000205707
3,113292103,3,113286930,113441610,ENSG00000206530
3,113293950,3,113286930,113441610,ENSG00000206530
3,113294127,3,113286930,113441610,ENSG00000206530
3,113295001,3,113286930,113441610,ENSG00000206530
3,113295446,3,113286930,113441610,ENSG00000206530
3,113296589,3,113286930,113441610,ENSG00000206530
3,113295217,3,113286930,113441610,ENSG00000206530
3,113293483,3,113286930,113441610,ENSG00000206530
3,113296706,3,113286930,113441610,ENSG00000206530
3,113304149,3,113286930,113441610,ENSG00000206530
3,113296346,3,113286930,113441610,ENSG00000206530
3,113297109,3,113286930,113441610,ENSG00000206530
3,113302015,3,113286930,113441610,ENSG00000206530
3,113291619,3,113286930,113441610,ENSG00000206530
3,113305171,3,113286930,113441610,ENSG00000206530
3,113299552,3,113286930,113441610,ENSG00000206530
3,113299857,3,113286930,113441610,ENSG00000206530
3,113301394,3,113286930,113441610,ENSG00000206530
3,113302066,3,113286930,113441610,ENSG00000206530
3,113301228,3,113286930,113441610,ENSG00000206530
3,113301296,3,113286930,113441610,ENSG00000206530
3,113302197,3,113286930,113441610,ENSG00000206530
3,113303463,3,113286930,113441610,ENSG00000206530
3,113304828,3,113286930,113441610,ENSG00000206530
3,113324567,3,113286930,113441610,ENSG00000206530
3,113345547,3,113286930,113441610,ENSG00000206530
3,113349716,3,113286930,113441610,ENSG00000206530
3,113362004,3,113286930,113441610,ENSG00000206530
3,113370834,3,113286930,113441610,ENSG00000206530
3,113375154,3,113286930,113441610,ENSG00000206530
3,113377656,3,113286930,113441610,ENSG00000206530
3,113380115,3,113286930,113441610,ENSG00000206530
3,113381495,3,113286930,113441610,ENSG00000206530
3,113407196,3,113286930,113441610,ENSG00000206530
3,113380614,3,113286930,113441610,ENSG00000206530
3,113291456,3,113286930,113441610,ENSG00000206530
3,113397212,3,113286930,113441610,ENSG00000206530
3,113398982,3,113286930,113441610,ENSG00000206530
3,113404481,3,113286930,113441610,ENSG00000206530
3,113409495,3,113286930,113441610,ENSG00000206530
3,113426795,3,113286930,113441610,ENSG00000206530
3,113440894,3,113286930,113441610,ENSG00000206530
3,113443248,3,113286930,113441610,ENSG00000206530
3,113445262,3,113286930,113441610,ENSG00000206530
3,113390499,3,113286930,113441610,ENSG00000206530
3,113319095,3,113286930,113441610,ENSG00000206530
3,113324359,3,113286930,113441610,ENSG00000206530
3,113313864,3,113286930,113441610,ENSG00000206530
3,113316634,3,113286930,113441610,ENSG00000206530
11,65009569,11,65014160,65022184,ENSG00000213465
11,65010754,11,65014160,65022184,ENSG00000213465
11,65011386,11,65014160,65022184,ENSG00000213465
11,65021526,11,65014160,65022184,ENSG00000213465
11,65021605,11,65014160,65022184,ENSG00000213465
11,65021722,11,65014160,65022184,ENSG00000213465
11,65022667,11,65014160,65022184,ENSG00000213465
11,65024113,11,65014160,65022184,ENSG00000213465
11,65025072,11,65014160,65022184,ENSG00000213465
5,140532639,5,140537340,140557677,ENSG00000213523
5,140536078,5,140537340,140557677,ENSG00000213523
5,140542376,5,140537340,140557677,ENSG00000213523
5,140546347,5,140537340,140557677,ENSG00000213523
5,140552043,5,140537340,140557677,ENSG00000213523
5,140552044,5,140537340,140557677,ENSG00000213523
5,140552191,5,140537340,140557677,ENSG00000213523
5,140552194,5,140537340,140557677,ENSG00000213523
5,140552345,5,140537340,140557677,ENSG00000213523
5,140557561,5,140537340,140557677,ENSG00000213523
5,140556654,5,140537340,140557677,ENSG00000213523
5,140535173,5,140537340,140557677,ENSG00000213523
5,140557175,5,140537340,140557677,ENSG00000213523
5,140560648,5,140537340,140557677,ENSG00000213523
5,140557395,5,140537340,140557677,ENSG00000213523
5,140545130,5,140537340,140557677,ENSG00000213523
5,140548087,5,140537340,140557677,ENSG00000213523
5,140561733,5,140537340,140557677,ENSG00000213523
20,35626801,20,35626031,35664956,ENSG00000214078
20,35623804,20,35626031,35664956,ENSG00000214078
20,35624381,20,35626031,35664956,ENSG00000214078
20,35626446,20,35626031,35664956,ENSG00000214078
20,35628354,20,35626031,35664956,ENSG00000214078
20,35628088,20,35626031,35664956,ENSG00000214078
20,35629461,20,35626031,35664956,ENSG00000214078
20,35630069,20,35626031,35664956,ENSG00000214078
20,35631574,20,35626031,35664956,ENSG00000214078
20,35632072,20,35626031,35664956,ENSG00000214078
20,35636976,20,35626031,35664956,ENSG00000214078
20,35640758,20,35626031,35664956,ENSG00000214078
20,35640944,20,35626031,35664956,ENSG00000214078
20,35641024,20,35626031,35664956,ENSG00000214078
20,35645356,20,35626031,35664956,ENSG00000214078
20,35651460,20,35626031,35664956,ENSG00000214078
20,35655095,20,35626031,35664956,ENSG00000214078
20,35656907,20,35626031,35664956,ENSG00000214078
20,35659780,20,35626031,35664956,ENSG00000214078
20,35660144,20,35626031,35664956,ENSG00000214078
20,35660969,20,35626031,35664956,ENSG00000214078
20,35661138,20,35626031,35664956,ENSG00000214078
20,35661139,20,35626031,35664956,ENSG00000214078
20,35664084,20,35626031,35664956,ENSG00000214078
20,35664732,20,35626031,35664956,ENSG00000214078
20,35634890,20,35626031,35664956,ENSG00000214078
7,77694481,7,77657659,77697074,ENSG00000214293
7,77685303,7,77657659,77697074,ENSG00000214293
7,77695158,7,77657659,77697074,ENSG00000214293
7,77695178,7,77657659,77697074,ENSG00000214293
7,77695265,7,77657659,77697074,ENSG00000214293
7,77697093,7,77657659,77697074,ENSG00000214293
7,77676949,7,77657659,77697074,ENSG00000214293
7,77677077,7,77657659,77697074,ENSG00000214293
7,77655528,7,77657659,77697074,ENSG00000214293
7,77659870,7,77657659,77697074,ENSG00000214293
7,77662324,7,77657659,77697074,ENSG00000214293
7,77666800,7,77657659,77697074,ENSG00000214293
7,77668460,7,77657659,77697074,ENSG00000214293
7,77669435,7,77657659,77697074,ENSG00000214293
7,77673079,7,77657659,77697074,ENSG00000214293
7,77683157,7,77657659,77697074,ENSG00000214293
7,77663504,7,77657659,77697074,ENSG00000214293
7,77701112,7,77657659,77697074,ENSG00000214293
7,77685327,7,77657659,77697074,ENSG00000214293
7,77685501,7,77657659,77697074,ENSG00000214293
7,77691071,7,77657659,77697074,ENSG00000214293
7,77678978,7,77657659,77697074,ENSG00000214293
7,77680405,7,77657659,77697074,ENSG00000214293
10,87367307,10,87357720,87370695,ENSG00000214562
10,87367434,10,87357720,87370695,ENSG00000214562
10,87353563,10,87357720,87370695,ENSG00000214562
10,87372572,10,87357720,87370695,ENSG00000214562
10,87373312,10,87357720,87370695,ENSG00000214562
10,87368396,10,87357720,87370695,ENSG00000214562
10,87358094,10,87357720,87370695,ENSG00000214562
10,87374624,10,87357720,87370695,ENSG00000214562
7,26395858,7,26394088,26497975,ENSG00000214870
7,26397154,7,26394088,26497975,ENSG00000214870
7,26399032,7,26394088,26497975,ENSG00000214870
7,26399079,7,26394088,26497975,ENSG00000214870
7,26399108,7,26394088,26497975,ENSG00000214870
7,26399711,7,26394088,26497975,ENSG00000214870
7,26400555,7,26394088,26497975,ENSG00000214870
7,26401088,7,26394088,26497975,ENSG00000214870
17,15971833,17,15976560,15999717,ENSG00000214941
17,15972621,17,15976560,15999717,ENSG00000214941
17,15973341,17,15976560,15999717,ENSG00000214941
17,15974060,17,15976560,15999717,ENSG00000214941
17,15975989,17,15976560,15999717,ENSG00000214941
17,15976020,17,15976560,15999717,ENSG00000214941
17,15976596,17,15976560,15999717,ENSG00000214941
17,15977837,17,15976560,15999717,ENSG00000214941
17,15978414,17,15976560,15999717,ENSG00000214941
17,15978426,17,15976560,15999717,ENSG00000214941
17,15978502,17,15976560,15999717,ENSG00000214941
17,15979608,17,15976560,15999717,ENSG00000214941
17,15980495,17,15976560,15999717,ENSG00000214941
17,15980653,17,15976560,15999717,ENSG00000214941
17,15980913,17,15976560,15999717,ENSG00000214941
17,15981247,17,15976560,15999717,ENSG00000214941
17,15981317,17,15976560,15999717,ENSG00000214941
17,15983269,17,15976560,15999717,ENSG00000214941
17,15983696,17,15976560,15999717,ENSG00000214941
17,15984475,17,15976560,15999717,ENSG00000214941
17,15984994,17,15976560,15999717,ENSG00000214941
17,15985134,17,15976560,15999717,ENSG00000214941
17,15985219,17,15976560,15999717,ENSG00000214941
17,15985265,17,15976560,15999717,ENSG00000214941
17,15985275,17,15976560,15999717,ENSG00000214941
17,15986079,17,15976560,15999717,ENSG00000214941
17,15987696,17,15976560,15999717,ENSG00000214941
17,15987905,17,15976560,15999717,ENSG00000214941
17,15989127,17,15976560,15999717,ENSG00000214941
17,15989815,17,15976560,15999717,ENSG00000214941
17,15990177,17,15976560,15999717,ENSG00000214941
17,15990247,17,15976560,15999717,ENSG00000214941
17,15991475,17,15976560,15999717,ENSG00000214941
17,15992358,17,15976560,15999717,ENSG00000214941
17,15993277,17,15976560,15999717,ENSG00000214941
17,15993458,17,15976560,15999717,ENSG00000214941
17,15995374,17,15976560,15999717,ENSG00000214941
17,15995673,17,15976560,15999717,ENSG00000214941
17,15995927,17,15976560,15999717,ENSG00000214941
17,15996557,17,15976560,15999717,ENSG00000214941
17,16000288,17,15976560,15999717,ENSG00000214941
17,16001876,17,15976560,15999717,ENSG00000214941
17,16003077,17,15976560,15999717,ENSG00000214941
17,16003078,17,15976560,15999717,ENSG00000214941
17,16003332,17,15976560,15999717,ENSG00000214941
17,16003598,17,15976560,15999717,ENSG00000214941
15,34571423,15,34525095,34588503,ENSG00000215252
15,34564431,15,34525095,34588503,ENSG00000215252
15,34567839,15,34525095,34588503,ENSG00000215252
1,22026921,1,22024558,22031223,ENSG00000218510
1,22027331,1,22024558,22031223,ENSG00000218510
1,22027342,1,22024558,22031223,ENSG00000218510
1,22027381,1,22024558,22031223,ENSG00000218510
1,22027753,1,22024558,22031223,ENSG00000218510
1,22028044,1,22024558,22031223,ENSG00000218510
1,22028094,1,22024558,22031223,ENSG00000218510
1,22028304,1,22024558,22031223,ENSG00000218510
1,22028373,1,22024558,22031223,ENSG00000218510
1,22028796,1,22024558,22031223,ENSG00000218510
1,22029085,1,22024558,22031223,ENSG00000218510
1,22029231,1,22024558,22031223,ENSG00000218510
1,22029605,1,22024558,22031223,ENSG00000218510
1,22029645,1,22024558,22031223,ENSG00000218510
1,22029662,1,22024558,22031223,ENSG00000218510
1,22030134,1,22024558,22031223,ENSG00000218510
1,22030147,1,22024558,22031223,ENSG00000218510
1,22030316,1,22024558,22031223,ENSG00000218510
1,22030395,1,22024558,22031223,ENSG00000218510
1,22030412,1,22024558,22031223,ENSG00000218510
1,22030724,1,22024558,22031223,ENSG00000218510
2,37213212,2,37196488,37216193,ENSG00000218739
2,37205084,2,37196488,37216193,ENSG00000218739
2,37197960,2,37196488,37216193,ENSG00000218739
2,37201600,2,37196488,37216193,ENSG00000218739
2,37208163,2,37196488,37216193,ENSG00000218739
2,37195122,2,37196488,37216193,ENSG00000218739
2,37217474,2,37196488,37216193,ENSG00000218739
2,37211850,2,37196488,37216193,ENSG00000218739
2,37217630,2,37196488,37216193,ENSG00000218739
2,37204497,2,37196488,37216193,ENSG00000218739
2,37204503,2,37196488,37216193,ENSG00000218739
2,37220801,2,37196488,37216193,ENSG00000218739
2,37198486,2,37196488,37216193,ENSG00000218739
2,37210534,2,37196488,37216193,ENSG00000218739
2,37196344,2,37196488,37216193,ENSG00000218739
17,7014479,17,7012417,7014532,ENSG00000219200
2,24072983,2,24076526,24169640,ENSG00000219626
2,24075328,2,24076526,24169640,ENSG00000219626
2,24143959,2,24076526,24169640,ENSG00000219626
2,24144252,2,24076526,24169640,ENSG00000219626
2,24144335,2,24076526,24169640,ENSG00000219626
2,24144405,2,24076526,24169640,ENSG00000219626
2,24144670,2,24076526,24169640,ENSG00000219626
2,24144958,2,24076526,24169640,ENSG00000219626
2,24145124,2,24076526,24169640,ENSG00000219626
2,24145879,2,24076526,24169640,ENSG00000219626
2,24146149,2,24076526,24169640,ENSG00000219626
2,24148821,2,24076526,24169640,ENSG00000219626
2,24149092,2,24076526,24169640,ENSG00000219626
2,24149269,2,24076526,24169640,ENSG00000219626
2,24149579,2,24076526,24169640,ENSG00000219626
2,24149945,2,24076526,24169640,ENSG00000219626
2,24150280,2,24076526,24169640,ENSG00000219626
2,24150633,2,24076526,24169640,ENSG00000219626
2,24150799,2,24076526,24169640,ENSG00000219626
2,24151444,2,24076526,24169640,ENSG00000219626
2,24151687,2,24076526,24169640,ENSG00000219626
2,24151768,2,24076526,24169640,ENSG00000219626
2,24152360,2,24076526,24169640,ENSG00000219626
2,24152593,2,24076526,24169640,ENSG00000219626
2,24159160,2,24076526,24169640,ENSG00000219626
2,24159676,2,24076526,24169640,ENSG00000219626
2,24160189,2,24076526,24169640,ENSG00000219626
2,24164663,2,24076526,24169640,ENSG00000219626
2,24165740,2,24076526,24169640,ENSG00000219626
2,24166496,2,24076526,24169640,ENSG00000219626
2,24167648,2,24076526,24169640,ENSG00000219626
2,24168260,2,24076526,24169640,ENSG00000219626
2,24169749,2,24076526,24169640,ENSG00000219626
2,24171635,2,24076526,24169640,ENSG00000219626
2,24173811,2,24076526,24169640,ENSG00000219626
2,24104988,2,24076526,24169640,ENSG00000219626
2,24117159,2,24076526,24169640,ENSG00000219626
2,24119635,2,24076526,24169640,ENSG00000219626
2,24122837,2,24076526,24169640,ENSG00000219626
2,24125226,2,24076526,24169640,ENSG00000219626
2,24126348,2,24076526,24169640,ENSG00000219626
2,24129528,2,24076526,24169640,ENSG00000219626
2,24129954,2,24076526,24169640,ENSG00000219626
2,24129955,2,24076526,24169640,ENSG00000219626
2,24130040,2,24076526,24169640,ENSG00000219626
2,24130342,2,24076526,24169640,ENSG00000219626
2,24134787,2,24076526,24169640,ENSG00000219626
2,24141687,2,24076526,24169640,ENSG00000219626
2,24128037,2,24076526,24169640,ENSG00000219626
2,24134593,2,24076526,24169640,ENSG00000219626
2,24100740,2,24076526,24169640,ENSG00000219626
2,24102935,2,24076526,24169640,ENSG00000219626
2,24135782,2,24076526,24169640,ENSG00000219626
2,24139092,2,24076526,24169640,ENSG00000219626
2,24152702,2,24076526,24169640,ENSG00000219626
2,24078062,2,24076526,24169640,ENSG00000219626
2,24082642,2,24076526,24169640,ENSG00000219626
2,24087235,2,24076526,24169640,ENSG00000219626
2,24094957,2,24076526,24169640,ENSG00000219626
2,24094980,2,24076526,24169640,ENSG00000219626
2,24096462,2,24076526,24169640,ENSG00000219626
2,24097657,2,24076526,24169640,ENSG00000219626
2,24099157,2,24076526,24169640,ENSG00000219626
2,24099163,2,24076526,24169640,ENSG00000219626
2,24100105,2,24076526,24169640,ENSG00000219626
2,24107669,2,24076526,24169640,ENSG00000219626
2,24108990,2,24076526,24169640,ENSG00000219626
2,24090262,2,24076526,24169640,ENSG00000219626
2,24114724,2,24076526,24169640,ENSG00000219626
2,24126809,2,24076526,24169640,ENSG00000219626
2,24141139,2,24076526,24169640,ENSG00000219626
2,24143262,2,24076526,24169640,ENSG00000219626
2,24149797,2,24076526,24169640,ENSG00000219626
2,24152141,2,24076526,24169640,ENSG00000219626
5,160404221,5,160393148,160400054,ENSG00000221886
5,160397457,5,160393148,160400054,ENSG00000221886
5,160399667,5,160393148,160400054,ENSG00000221886
5,160403596,5,160393148,160400054,ENSG00000221886
5,160392100,5,160393148,160400054,ENSG00000221886
5,160396092,5,160393148,160400054,ENSG00000221886
5,160398791,5,160393148,160400054,ENSG00000221886
19,52366799,19,52369917,52385795,ENSG00000221923
19,52377012,19,52369917,52385795,ENSG00000221923
19,52377359,19,52369917,52385795,ENSG00000221923
19,52378107,19,52369917,52385795,ENSG00000221923
19,52378601,19,52369917,52385795,ENSG00000221923
19,52379032,19,52369917,52385795,ENSG00000221923
19,52379109,19,52369917,52385795,ENSG00000221923
19,52379222,19,52369917,52385795,ENSG00000221923
19,52379267,19,52369917,52385795,ENSG00000221923
19,52379552,19,52369917,52385795,ENSG00000221923
19,52379571,19,52369917,52385795,ENSG00000221923
19,52379870,19,52369917,52385795,ENSG00000221923
19,52380230,19,52369917,52385795,ENSG00000221923
19,52380322,19,52369917,52385795,ENSG00000221923
19,52380517,19,52369917,52385795,ENSG00000221923
19,52380577,19,52369917,52385795,ENSG00000221923
19,52380770,19,52369917,52385795,ENSG00000221923
19,52380825,19,52369917,52385795,ENSG00000221923
19,52381633,19,52369917,52385795,ENSG00000221923
19,52381756,19,52369917,52385795,ENSG00000221923
19,52381832,19,52369917,52385795,ENSG00000221923
19,52381851,19,52369917,52385795,ENSG00000221923
19,52382071,19,52369917,52385795,ENSG00000221923
19,52382095,19,52369917,52385795,ENSG00000221923
19,52382142,19,52369917,52385795,ENSG00000221923
19,52382168,19,52369917,52385795,ENSG00000221923
19,52382606,19,52369917,52385795,ENSG00000221923
19,52382884,19,52369917,52385795,ENSG00000221923
19,52383423,19,52369917,52385795,ENSG00000221923
19,52383613,19,52369917,52385795,ENSG00000221923
19,52383634,19,52369917,52385795,ENSG00000221923
19,52383652,19,52369917,52385795,ENSG00000221923
19,52383892,19,52369917,52385795,ENSG00000221923
19,52383993,19,52369917,52385795,ENSG00000221923
19,52384174,19,52369917,52385795,ENSG00000221923
19,52384184,19,52369917,52385795,ENSG00000221923
19,52384957,19,52369917,52385795,ENSG00000221923
19,52384992,19,52369917,52385795,ENSG00000221923
19,52385367,19,52369917,52385795,ENSG00000221923
19,52386757,19,52369917,52385795,ENSG00000221923
19,52390220,19,52369917,52385795,ENSG00000221923
19,52390739,19,52369917,52385795,ENSG00000221923
19,52388007,19,52369917,52385795,ENSG00000221923
19,52370365,19,52369917,52385795,ENSG00000221923
19,52377513,19,52369917,52385795,ENSG00000221923
19,52376330,19,52369917,52385795,ENSG00000221923
19,52377938,19,52369917,52385795,ENSG00000221923
19,52373965,19,52369917,52385795,ENSG00000221923
17,15668833,17,15627960,15684311,ENSG00000221926
17,15669339,17,15627960,15684311,ENSG00000221926
17,15676580,17,15627960,15684311,ENSG00000221926
17,15668555,17,15627960,15684311,ENSG00000221926
17,15675538,17,15627960,15684311,ENSG00000221926
17,15683986,17,15627960,15684311,ENSG00000221926
17,15684031,17,15627960,15684311,ENSG00000221926
17,15684089,17,15627960,15684311,ENSG00000221926
21,20762840,21,20651450,20803816,ENSG00000224924
21,20763315,21,20651450,20803816,ENSG00000224924
21,20765324,21,20651450,20803816,ENSG00000224924
21,20765451,21,20651450,20803816,ENSG00000224924
21,20739389,21,20651450,20803816,ENSG00000224924
21,20759614,21,20651450,20803816,ENSG00000224924
21,20759617,21,20651450,20803816,ENSG00000224924
21,20759680,21,20651450,20803816,ENSG00000224924
14,100911399,14,100883057,101038859,ENSG00000225746
14,100911742,14,100883057,101038859,ENSG00000225746
14,100913136,14,100883057,101038859,ENSG00000225746
14,100914090,14,100883057,101038859,ENSG00000225746
14,100914644,14,100883057,101038859,ENSG00000225746
14,100914839,14,100883057,101038859,ENSG00000225746
14,100915227,14,100883057,101038859,ENSG00000225746
14,100918430,14,100883057,101038859,ENSG00000225746
14,100918833,14,100883057,101038859,ENSG00000225746
14,100919018,14,100883057,101038859,ENSG00000225746
14,100919460,14,100883057,101038859,ENSG00000225746
14,100919936,14,100883057,101038859,ENSG00000225746
14,100926955,14,100883057,101038859,ENSG00000225746
14,100928604,14,100883057,101038859,ENSG00000225746
14,100932867,14,100883057,101038859,ENSG00000225746
14,100933450,14,100883057,101038859,ENSG00000225746
14,100933653,14,100883057,101038859,ENSG00000225746
14,100933733,14,100883057,101038859,ENSG00000225746
14,100934410,14,100883057,101038859,ENSG00000225746
14,100935514,14,100883057,101038859,ENSG00000225746
14,100935611,14,100883057,101038859,ENSG00000225746
14,100935970,14,100883057,101038859,ENSG00000225746
14,100936735,14,100883057,101038859,ENSG00000225746
14,100936738,14,100883057,101038859,ENSG00000225746
14,100937342,14,100883057,101038859,ENSG00000225746
14,100937793,14,100883057,101038859,ENSG00000225746
14,100939674,14,100883057,101038859,ENSG00000225746
14,100939878,14,100883057,101038859,ENSG00000225746
14,100939879,14,100883057,101038859,ENSG00000225746
14,100942524,14,100883057,101038859,ENSG00000225746
14,100945836,14,100883057,101038859,ENSG00000225746
14,100947979,14,100883057,101038859,ENSG00000225746
14,100947998,14,100883057,101038859,ENSG00000225746
14,100948132,14,100883057,101038859,ENSG00000225746
14,100948657,14,100883057,101038859,ENSG00000225746
14,100951319,14,100883057,101038859,ENSG00000225746
14,100953582,14,100883057,101038859,ENSG00000225746
14,100954235,14,100883057,101038859,ENSG00000225746
14,100955651,14,100883057,101038859,ENSG00000225746
14,100956035,14,100883057,101038859,ENSG00000225746
14,100958343,14,100883057,101038859,ENSG00000225746
14,100962632,14,100883057,101038859,ENSG00000225746
14,100963231,14,100883057,101038859,ENSG00000225746
14,100963322,14,100883057,101038859,ENSG00000225746
14,100963599,14,100883057,101038859,ENSG00000225746
14,100964857,14,100883057,101038859,ENSG00000225746
14,100965698,14,100883057,101038859,ENSG00000225746
14,100966103,14,100883057,101038859,ENSG00000225746
14,100969034,14,100883057,101038859,ENSG00000225746
14,100973579,14,100883057,101038859,ENSG00000225746
14,100975676,14,100883057,101038859,ENSG00000225746
14,100975881,14,100883057,101038859,ENSG00000225746
14,100976282,14,100883057,101038859,ENSG00000225746
14,100976952,14,100883057,101038859,ENSG00000225746
14,100981180,14,100883057,101038859,ENSG00000225746
14,100962741,14,100883057,101038859,ENSG00000225746
14,100997654,14,100883057,101038859,ENSG00000225746
14,100978675,14,100883057,101038859,ENSG00000225746
14,100967215,14,100883057,101038859,ENSG00000225746
14,100970368,14,100883057,101038859,ENSG00000225746
14,100973533,14,100883057,101038859,ENSG00000225746
14,100974143,14,100883057,101038859,ENSG00000225746
14,100924119,14,100883057,101038859,ENSG00000225746
14,100991065,14,100883057,101038859,ENSG00000225746
14,100997923,14,100883057,101038859,ENSG00000225746
14,100998278,14,100883057,101038859,ENSG00000225746
14,100970232,14,100883057,101038859,ENSG00000225746
14,101002925,14,100883057,101038859,ENSG00000225746
14,100904794,14,100883057,101038859,ENSG00000225746
14,100909088,14,100883057,101038859,ENSG00000225746
14,100922375,14,100883057,101038859,ENSG00000225746
14,100913259,14,100883057,101038859,ENSG00000225746
14,100927153,14,100883057,101038859,ENSG00000225746
14,100945319,14,100883057,101038859,ENSG00000225746
14,100945616,14,100883057,101038859,ENSG00000225746
14,100948140,14,100883057,101038859,ENSG00000225746
14,100954157,14,100883057,101038859,ENSG00000225746
14,100959991,14,100883057,101038859,ENSG00000225746
14,100960042,14,100883057,101038859,ENSG00000225746
14,100979485,14,100883057,101038859,ENSG00000225746
14,100982496,14,100883057,101038859,ENSG00000225746
14,100985107,14,100883057,101038859,ENSG00000225746
14,100985292,14,100883057,101038859,ENSG00000225746
14,100986237,14,100883057,101038859,ENSG00000225746
14,100988463,14,100883057,101038859,ENSG00000225746
14,100994665,14,100883057,101038859,ENSG00000225746
14,100992304,14,100883057,101038859,ENSG00000225746
14,100984601,14,100883057,101038859,ENSG00000225746
14,100992723,14,100883057,101038859,ENSG00000225746
14,100976355,14,100883057,101038859,ENSG00000225746
14,100969822,14,100883057,101038859,ENSG00000225746
14,100971605,14,100883057,101038859,ENSG00000225746
14,100997667,14,100883057,101038859,ENSG00000225746
19,37249949,19,37251448,37267879,ENSG00000226686
19,37246948,19,37251448,37267879,ENSG00000226686
19,37264893,19,37251448,37267879,ENSG00000226686
19,37256897,19,37251448,37267879,ENSG00000226686
19,37269101,19,37251448,37267879,ENSG00000226686
2,97665171,2,97664217,97703066,ENSG00000228486
2,97669772,2,97664217,97703066,ENSG00000228486
2,97676529,2,97664217,97703066,ENSG00000228486
2,97683520,2,97664217,97703066,ENSG00000228486
2,97694802,2,97664217,97703066,ENSG00000228486
2,97698446,2,97664217,97703066,ENSG00000228486
2,97701308,2,97664217,97703066,ENSG00000228486
2,97671020,2,97664217,97703066,ENSG00000228486
2,97673376,2,97664217,97703066,ENSG00000228486
2,97659551,2,97664217,97703066,ENSG00000228486
2,97660056,2,97664217,97703066,ENSG00000228486
2,97666321,2,97664217,97703066,ENSG00000228486
2,97663592,2,97664217,97703066,ENSG00000228486
2,97677520,2,97664217,97703066,ENSG00000228486
2,97691360,2,97664217,97703066,ENSG00000228486
2,97701222,2,97664217,97703066,ENSG00000228486
2,97703574,2,97664217,97703066,ENSG00000228486
2,97703723,2,97664217,97703066,ENSG00000228486
2,97693419,2,97664217,97703066,ENSG00000228486
2,97706284,2,97664217,97703066,ENSG00000228486
17,46289502,17,46274184,46361766,ENSG00000228696
17,46291560,17,46274184,46361766,ENSG00000228696
17,46280981,17,46274184,46361766,ENSG00000228696
17,46281984,17,46274184,46361766,ENSG00000228696
17,46281792,17,46274184,46361766,ENSG00000228696
17,46281914,17,46274184,46361766,ENSG00000228696
17,46285520,17,46274184,46361766,ENSG00000228696
17,46288210,17,46274184,46361766,ENSG00000228696
17,46291264,17,46274184,46361766,ENSG00000228696
17,46332650,17,46274184,46361766,ENSG00000228696
17,46288124,17,46274184,46361766,ENSG00000228696
19,36316114,19,36259540,36331770,ENSG00000232677
19,36322182,19,36259540,36331770,ENSG00000232677
19,36334127,19,36259540,36331770,ENSG00000232677
19,36317211,19,36259540,36331770,ENSG00000232677
19,36317449,19,36259540,36331770,ENSG00000232677
19,36318104,19,36259540,36331770,ENSG00000232677
19,36319971,19,36259540,36331770,ENSG00000232677
19,36321920,19,36259540,36331770,ENSG00000232677
19,36324608,19,36259540,36331770,ENSG00000232677
19,36328268,19,36259540,36331770,ENSG00000232677
19,36318358,19,36259540,36331770,ENSG00000232677
16,11976326,16,11927259,11976643,ENSG00000234719
16,11976350,16,11927259,11976643,ENSG00000234719
16,11976565,16,11927259,11976643,ENSG00000234719
16,11976629,16,11927259,11976643,ENSG00000234719
16,11977356,16,11927259,11976643,ENSG00000234719
16,11977484,16,11927259,11976643,ENSG00000234719
16,11978304,16,11927259,11976643,ENSG00000234719
16,11978346,16,11927259,11976643,ENSG00000234719
16,11979497,16,11927259,11976643,ENSG00000234719
16,11980101,16,11927259,11976643,ENSG00000234719
16,11975388,16,11927259,11976643,ENSG00000234719
16,11975314,16,11927259,11976643,ENSG00000234719
16,11954689,16,11927259,11976643,ENSG00000234719
16,11958247,16,11927259,11976643,ENSG00000234719
16,11975112,16,11927259,11976643,ENSG00000234719
16,11926838,16,11927259,11976643,ENSG00000234719
16,11958626,16,11927259,11976643,ENSG00000234719
16,11961334,16,11927259,11976643,ENSG00000234719
16,11964760,16,11927259,11976643,ENSG00000234719
16,11952342,16,11927259,11976643,ENSG00000234719
16,11947911,16,11927259,11976643,ENSG00000234719
16,11941627,16,11927259,11976643,ENSG00000234719
16,11964975,16,11927259,11976643,ENSG00000234719
16,11945489,16,11927259,11976643,ENSG00000234719
16,11974850,16,11927259,11976643,ENSG00000234719
16,11968053,16,11927259,11976643,ENSG00000234719
16,11968539,16,11927259,11976643,ENSG00000234719
16,11943076,16,11927259,11976643,ENSG00000234719
16,11968055,16,11927259,11976643,ENSG00000234719
16,11953021,16,11927259,11976643,ENSG00000234719
16,11945012,16,11927259,11976643,ENSG00000234719
16,11948573,16,11927259,11976643,ENSG00000234719
16,11950444,16,11927259,11976643,ENSG00000234719
16,11949655,16,11927259,11976643,ENSG00000234719
16,11951821,16,11927259,11976643,ENSG00000234719
16,11965879,16,11927259,11976643,ENSG00000234719
16,11940469,16,11927259,11976643,ENSG00000234719
2,61141125,2,61145068,61164828,ENSG00000237651
2,61141218,2,61145068,61164828,ENSG00000237651
2,61141397,2,61145068,61164828,ENSG00000237651
2,61142024,2,61145068,61164828,ENSG00000237651
2,61142025,2,61145068,61164828,ENSG00000237651
2,61143684,2,61145068,61164828,ENSG00000237651
2,61144301,2,61145068,61164828,ENSG00000237651
2,61144343,2,61145068,61164828,ENSG00000237651
2,61144372,2,61145068,61164828,ENSG00000237651
2,61144566,2,61145068,61164828,ENSG00000237651
2,61144588,2,61145068,61164828,ENSG00000237651
2,61144623,2,61145068,61164828,ENSG00000237651
2,61145163,2,61145068,61164828,ENSG00000237651
2,61145372,2,61145068,61164828,ENSG00000237651
2,61146385,2,61145068,61164828,ENSG00000237651
2,61147014,2,61145068,61164828,ENSG00000237651
2,61147148,2,61145068,61164828,ENSG00000237651
2,61147367,2,61145068,61164828,ENSG00000237651
2,61147928,2,61145068,61164828,ENSG00000237651
2,61149328,2,61145068,61164828,ENSG00000237651
2,61149559,2,61145068,61164828,ENSG00000237651
2,61149661,2,61145068,61164828,ENSG00000237651
2,61149774,2,61145068,61164828,ENSG00000237651
2,61149873,2,61145068,61164828,ENSG00000237651
2,61150531,2,61145068,61164828,ENSG00000237651
2,61150884,2,61145068,61164828,ENSG00000237651
2,61151051,2,61145068,61164828,ENSG00000237651
2,61151165,2,61145068,61164828,ENSG00000237651
2,61151681,2,61145068,61164828,ENSG00000237651
2,61152151,2,61145068,61164828,ENSG00000237651
2,61152398,2,61145068,61164828,ENSG00000237651
2,61152490,2,61145068,61164828,ENSG00000237651
2,61152709,2,61145068,61164828,ENSG00000237651
2,61152809,2,61145068,61164828,ENSG00000237651
2,61152953,2,61145068,61164828,ENSG00000237651
2,61153373,2,61145068,61164828,ENSG00000237651
2,61153487,2,61145068,61164828,ENSG00000237651
2,61153883,2,61145068,61164828,ENSG00000237651
2,61154393,2,61145068,61164828,ENSG00000237651
2,61155202,2,61145068,61164828,ENSG00000237651
2,61155308,2,61145068,61164828,ENSG00000237651
2,61155624,2,61145068,61164828,ENSG00000237651
2,61155834,2,61145068,61164828,ENSG00000237651
2,61156027,2,61145068,61164828,ENSG00000237651
2,61157179,2,61145068,61164828,ENSG00000237651
2,61157352,2,61145068,61164828,ENSG00000237651
2,61157620,2,61145068,61164828,ENSG00000237651
2,61157771,2,61145068,61164828,ENSG00000237651
2,61157965,2,61145068,61164828,ENSG00000237651
2,61157970,2,61145068,61164828,ENSG00000237651
2,61158113,2,61145068,61164828,ENSG00000237651
2,61160119,2,61145068,61164828,ENSG00000237651
2,61160253,2,61145068,61164828,ENSG00000237651
2,61160701,2,61145068,61164828,ENSG00000237651
2,61160736,2,61145068,61164828,ENSG00000237651
2,61161220,2,61145068,61164828,ENSG00000237651
2,61161255,2,61145068,61164828,ENSG00000237651
2,61162602,2,61145068,61164828,ENSG00000237651
2,61162664,2,61145068,61164828,ENSG00000237651
2,61163656,2,61145068,61164828,ENSG00000237651
2,61164170,2,61145068,61164828,ENSG00000237651
2,61166040,2,61145068,61164828,ENSG00000237651
2,61166755,2,61145068,61164828,ENSG00000237651
2,61167162,2,61145068,61164828,ENSG00000237651
2,61168880,2,61145068,61164828,ENSG00000237651
2,61169058,2,61145068,61164828,ENSG00000237651
2,61169065,2,61145068,61164828,ENSG00000237651
2,61169404,2,61145068,61164828,ENSG00000237651
2,61169631,2,61145068,61164828,ENSG00000237651
2,61161438,2,61145068,61164828,ENSG00000237651
2,61146795,2,61145068,61164828,ENSG00000237651
2,61163370,2,61145068,61164828,ENSG00000237651
2,61161029,2,61145068,61164828,ENSG00000237651
2,61168871,2,61145068,61164828,ENSG00000237651
4,15691138,4,15681662,15690447,ENSG00000237765
4,15692635,4,15681662,15690447,ENSG00000237765
4,15693748,4,15681662,15690447,ENSG00000237765
4,15696203,4,15681662,15690447,ENSG00000237765
4,15697434,4,15681662,15690447,ENSG00000237765
4,15697727,4,15681662,15690447,ENSG00000237765
4,15699293,4,15681662,15690447,ENSG00000237765
4,15700207,4,15681662,15690447,ENSG00000237765
4,15704843,4,15681662,15690447,ENSG00000237765
17,46532110,17,46511508,46556910,ENSG00000238083
17,46539865,17,46511508,46556910,ENSG00000238083
17,46535099,17,46511508,46556910,ENSG00000238083
17,46548670,17,46511508,46556910,ENSG00000238083
17,46553527,17,46511508,46556910,ENSG00000238083
17,46542786,17,46511508,46556910,ENSG00000238083
17,46543474,17,46511508,46556910,ENSG00000238083
17,46541752,17,46511508,46556910,ENSG00000238083
17,46534973,17,46511508,46556910,ENSG00000238083
17,46532132,17,46511508,46556910,ENSG00000238083
17,46551498,17,46511508,46556910,ENSG00000238083
17,46534412,17,46511508,46556910,ENSG00000238083
6,30345491,6,30345131,30346884,ENSG00000241370
6,30346339,6,30345131,30346884,ENSG00000241370
6,30347234,6,30345131,30346884,ENSG00000241370
6,30345563,6,30345131,30346884,ENSG00000241370
21,33907930,21,33903453,33915814,ENSG00000241837
21,33909089,21,33903453,33915814,ENSG00000241837
21,33912430,21,33903453,33915814,ENSG00000241837
21,33917413,21,33903453,33915814,ENSG00000241837
21,33916942,21,33903453,33915814,ENSG00000241837
21,33900805,21,33903453,33915814,ENSG00000241837
21,33920361,21,33903453,33915814,ENSG00000241837
21,33906615,21,33903453,33915814,ENSG00000241837
21,33908809,21,33903453,33915814,ENSG00000241837
21,33902895,21,33903453,33915814,ENSG00000241837
21,33910534,21,33903453,33915814,ENSG00000241837
21,33908879,21,33903453,33915814,ENSG00000241837
21,33913197,21,33903453,33915814,ENSG00000241837
21,33908326,21,33903453,33915814,ENSG00000241837
21,33900088,21,33903453,33915814,ENSG00000241837
21,33902624,21,33903453,33915814,ENSG00000241837
21,33912198,21,33903453,33915814,ENSG00000241837
21,33902431,21,33903453,33915814,ENSG00000241837
21,33909437,21,33903453,33915814,ENSG00000241837
21,33902206,21,33903453,33915814,ENSG00000241837
21,33902813,21,33903453,33915814,ENSG00000241837
21,33902937,21,33903453,33915814,ENSG00000241837
21,33903905,21,33903453,33915814,ENSG00000241837
21,33905836,21,33903453,33915814,ENSG00000241837
21,33911251,21,33903453,33915814,ENSG00000241837
22,42801891,22,42796502,42858106,ENSG00000242247
22,42857980,22,42796502,42858106,ENSG00000242247
22,42859176,22,42796502,42858106,ENSG00000242247
22,42795313,22,42796502,42858106,ENSG00000242247
22,42810340,22,42796502,42858106,ENSG00000242247
22,42821143,22,42796502,42858106,ENSG00000242247
22,42827089,22,42796502,42858106,ENSG00000242247
22,42830272,22,42796502,42858106,ENSG00000242247
22,42831266,22,42796502,42858106,ENSG00000242247
22,42837259,22,42796502,42858106,ENSG00000242247
22,42840122,22,42796502,42858106,ENSG00000242247
22,42847950,22,42796502,42858106,ENSG00000242247
22,42849339,22,42796502,42858106,ENSG00000242247
22,42850140,22,42796502,42858106,ENSG00000242247
22,42794811,22,42796502,42858106,ENSG00000242247
22,42822457,22,42796502,42858106,ENSG00000242247
22,42824011,22,42796502,42858106,ENSG00000242247
22,42826236,22,42796502,42858106,ENSG00000242247
22,42850242,22,42796502,42858106,ENSG00000242247
22,42853029,22,42796502,42858106,ENSG00000242247
22,42810944,22,42796502,42858106,ENSG00000242247
22,42854563,22,42796502,42858106,ENSG00000242247
22,42796474,22,42796502,42858106,ENSG00000242247
22,42797909,22,42796502,42858106,ENSG00000242247
22,42799290,22,42796502,42858106,ENSG00000242247
22,42799691,22,42796502,42858106,ENSG00000242247
22,42801853,22,42796502,42858106,ENSG00000242247
22,42802253,22,42796502,42858106,ENSG00000242247
22,42834621,22,42796502,42858106,ENSG00000242247
17,51160591,17,51165435,51171744,ENSG00000243678
17,51166498,17,51165435,51171744,ENSG00000243678
17,51171825,17,51165435,51171744,ENSG00000243678
17,51166443,17,51165435,51171744,ENSG00000243678
17,51167386,17,51165435,51171744,ENSG00000243678
15,41833036,15,41837775,41848147,ENSG00000243708
15,41836370,15,41837775,41848147,ENSG00000243708
15,41836960,15,41837775,41848147,ENSG00000243708
15,41841304,15,41837775,41848147,ENSG00000243708
15,41835536,15,41837775,41848147,ENSG00000243708
15,41845575,15,41837775,41848147,ENSG00000243708
15,41834581,15,41837775,41848147,ENSG00000243708
15,41834385,15,41837775,41848147,ENSG00000243708
15,41834527,15,41837775,41848147,ENSG00000243708
9,136786363,9,136791344,136793317,ENSG00000244187
9,136786370,9,136791344,136793317,ENSG00000244187
9,136786518,9,136791344,136793317,ENSG00000244187
9,136786574,9,136791344,136793317,ENSG00000244187
9,136787347,9,136791344,136793317,ENSG00000244187
9,136788476,9,136791344,136793317,ENSG00000244187
9,136788772,9,136791344,136793317,ENSG00000244187
9,136789545,9,136791344,136793317,ENSG00000244187
9,136789969,9,136791344,136793317,ENSG00000244187
9,136790529,9,136791344,136793317,ENSG00000244187
9,136791837,9,136791344,136793317,ENSG00000244187
9,136789140,9,136791344,136793317,ENSG00000244187
9,136788448,9,136791344,136793317,ENSG00000244187
9,136791156,9,136791344,136793317,ENSG00000244187
9,136792104,9,136791344,136793317,ENSG00000244187
9,136792497,9,136791344,136793317,ENSG00000244187
9,136791220,9,136791344,136793317,ENSG00000244187
9,136796388,9,136791344,136793317,ENSG00000244187
9,136795353,9,136791344,136793317,ENSG00000244187
6,31978837,6,31982057,32002681,ENSG00000244731
5,78356373,5,78360611,78480739,ENSG00000245556
5,78360254,5,78360611,78480739,ENSG00000245556
5,78360947,5,78360611,78480739,ENSG00000245556
5,78363375,5,78360611,78480739,ENSG00000245556
5,78364979,5,78360611,78480739,ENSG00000245556
5,78365316,5,78360611,78480739,ENSG00000245556
5,78343706,5,78360611,78480739,ENSG00000245556
5,78346511,5,78360611,78480739,ENSG00000245556
19,41396189,19,41397808,41425002,ENSG00000248098
5,174532895,5,174336250,174532457,ENSG00000249306
5,174527566,5,174336250,174532457,ENSG00000249306
5,174527214,5,174336250,174532457,ENSG00000249306
5,174527275,5,174336250,174532457,ENSG00000249306
5,174533550,5,174336250,174532457,ENSG00000249306
5,174530115,5,174336250,174532457,ENSG00000249306
5,174524026,5,174336250,174532457,ENSG00000249306
5,174448002,5,174336250,174532457,ENSG00000249306
4,133070524,4,133149294,133208606,ENSG00000250241
4,133070744,4,133149294,133208606,ENSG00000250241
4,133071026,4,133149294,133208606,ENSG00000250241
4,133072423,4,133149294,133208606,ENSG00000250241
4,133072987,4,133149294,133208606,ENSG00000250241
4,133073130,4,133149294,133208606,ENSG00000250241
4,133073452,4,133149294,133208606,ENSG00000250241
4,133073826,4,133149294,133208606,ENSG00000250241
4,133075097,4,133149294,133208606,ENSG00000250241
4,133075326,4,133149294,133208606,ENSG00000250241
4,133075800,4,133149294,133208606,ENSG00000250241
4,133077843,4,133149294,133208606,ENSG00000250241
4,133078402,4,133149294,133208606,ENSG00000250241
4,133079364,4,133149294,133208606,ENSG00000250241
4,133079521,4,133149294,133208606,ENSG00000250241
4,133079541,4,133149294,133208606,ENSG00000250241
4,133079610,4,133149294,133208606,ENSG00000250241
4,133080289,4,133149294,133208606,ENSG00000250241
4,133080298,4,133149294,133208606,ENSG00000250241
4,133080373,4,133149294,133208606,ENSG00000250241
4,133081200,4,133149294,133208606,ENSG00000250241
4,133081446,4,133149294,133208606,ENSG00000250241
4,133082075,4,133149294,133208606,ENSG00000250241
4,133082152,4,133149294,133208606,ENSG00000250241
4,133084118,4,133149294,133208606,ENSG00000250241
4,133084328,4,133149294,133208606,ENSG00000250241
4,133084342,4,133149294,133208606,ENSG00000250241
4,133084379,4,133149294,133208606,ENSG00000250241
4,133084506,4,133149294,133208606,ENSG00000250241
4,133084759,4,133149294,133208606,ENSG00000250241
4,133084829,4,133149294,133208606,ENSG00000250241
4,133085012,4,133149294,133208606,ENSG00000250241
4,133085531,4,133149294,133208606,ENSG00000250241
4,133085556,4,133149294,133208606,ENSG00000250241
4,133085809,4,133149294,133208606,ENSG00000250241
4,133085916,4,133149294,133208606,ENSG00000250241
4,133085992,4,133149294,133208606,ENSG00000250241
4,133086013,4,133149294,133208606,ENSG00000250241
4,133086093,4,133149294,133208606,ENSG00000250241
4,133086138,4,133149294,133208606,ENSG00000250241
4,133086192,4,133149294,133208606,ENSG00000250241
4,133098265,4,133149294,133208606,ENSG00000250241
4,133099045,4,133149294,133208606,ENSG00000250241
4,133115662,4,133149294,133208606,ENSG00000250241
4,133116636,4,133149294,133208606,ENSG00000250241
4,133117055,4,133149294,133208606,ENSG00000250241
4,133118270,4,133149294,133208606,ENSG00000250241
4,133118541,4,133149294,133208606,ENSG00000250241
4,133119263,4,133149294,133208606,ENSG00000250241
4,133120831,4,133149294,133208606,ENSG00000250241
4,133122259,4,133149294,133208606,ENSG00000250241
4,133123290,4,133149294,133208606,ENSG00000250241
4,133123479,4,133149294,133208606,ENSG00000250241
4,133123505,4,133149294,133208606,ENSG00000250241
4,133124180,4,133149294,133208606,ENSG00000250241
4,133124819,4,133149294,133208606,ENSG00000250241
4,133125098,4,133149294,133208606,ENSG00000250241
4,133125768,4,133149294,133208606,ENSG00000250241
4,133125775,4,133149294,133208606,ENSG00000250241
4,133126612,4,133149294,133208606,ENSG00000250241
4,133127149,4,133149294,133208606,ENSG00000250241
4,133127865,4,133149294,133208606,ENSG00000250241
4,133128806,4,133149294,133208606,ENSG00000250241
4,133129253,4,133149294,133208606,ENSG00000250241
4,133133664,4,133149294,133208606,ENSG00000250241
4,133134116,4,133149294,133208606,ENSG00000250241
4,133139129,4,133149294,133208606,ENSG00000250241
4,133141863,4,133149294,133208606,ENSG00000250241
4,133142080,4,133149294,133208606,ENSG00000250241
4,133142204,4,133149294,133208606,ENSG00000250241
4,133142601,4,133149294,133208606,ENSG00000250241
4,133142819,4,133149294,133208606,ENSG00000250241
4,133131203,4,133149294,133208606,ENSG00000250241
4,133103686,4,133149294,133208606,ENSG00000250241
4,133105878,4,133149294,133208606,ENSG00000250241
4,133110757,4,133149294,133208606,ENSG00000250241
4,133131340,4,133149294,133208606,ENSG00000250241
4,133101802,4,133149294,133208606,ENSG00000250241
4,133107523,4,133149294,133208606,ENSG00000250241
4,133110719,4,133149294,133208606,ENSG00000250241
4,133089227,4,133149294,133208606,ENSG00000250241
4,133095505,4,133149294,133208606,ENSG00000250241
4,133095513,4,133149294,133208606,ENSG00000250241
4,133095508,4,133149294,133208606,ENSG00000250241
4,133116615,4,133149294,133208606,ENSG00000250241
4,133119246,4,133149294,133208606,ENSG00000250241
4,133119472,4,133149294,133208606,ENSG00000250241
4,133119496,4,133149294,133208606,ENSG00000250241
4,133120548,4,133149294,133208606,ENSG00000250241
4,133123550,4,133149294,133208606,ENSG00000250241
4,133126683,4,133149294,133208606,ENSG00000250241
4,133128761,4,133149294,133208606,ENSG00000250241
4,133132728,4,133149294,133208606,ENSG00000250241
4,133133757,4,133149294,133208606,ENSG00000250241
4,133134504,4,133149294,133208606,ENSG00000250241
4,133134621,4,133149294,133208606,ENSG00000250241
4,133135324,4,133149294,133208606,ENSG00000250241
4,133136177,4,133149294,133208606,ENSG00000250241
4,133136371,4,133149294,133208606,ENSG00000250241
4,133136575,4,133149294,133208606,ENSG00000250241
4,133137043,4,133149294,133208606,ENSG00000250241
4,133137505,4,133149294,133208606,ENSG00000250241
4,133137771,4,133149294,133208606,ENSG00000250241
4,133138890,4,133149294,133208606,ENSG00000250241
4,133140670,4,133149294,133208606,ENSG00000250241
4,133141041,4,133149294,133208606,ENSG00000250241
4,133141049,4,133149294,133208606,ENSG00000250241
4,133143912,4,133149294,133208606,ENSG00000250241
4,133144847,4,133149294,133208606,ENSG00000250241
4,133145284,4,133149294,133208606,ENSG00000250241
4,133133304,4,133149294,133208606,ENSG00000250241
4,133141634,4,133149294,133208606,ENSG00000250241
4,133101087,4,133149294,133208606,ENSG00000250241
4,133103453,4,133149294,133208606,ENSG00000250241
4,133105154,4,133149294,133208606,ENSG00000250241
4,133105616,4,133149294,133208606,ENSG00000250241
4,133106968,4,133149294,133208606,ENSG00000250241
4,133109387,4,133149294,133208606,ENSG00000250241
4,133111764,4,133149294,133208606,ENSG00000250241
4,133111883,4,133149294,133208606,ENSG00000250241
4,133114059,4,133149294,133208606,ENSG00000250241
4,133070449,4,133149294,133208606,ENSG00000250241
4,133070877,4,133149294,133208606,ENSG00000250241
4,133076336,4,133149294,133208606,ENSG00000250241
4,133084313,4,133149294,133208606,ENSG00000250241
4,133086679,4,133149294,133208606,ENSG00000250241
4,133087716,4,133149294,133208606,ENSG00000250241
4,133090591,4,133149294,133208606,ENSG00000250241
4,133090937,4,133149294,133208606,ENSG00000250241
4,133091535,4,133149294,133208606,ENSG00000250241
4,133091574,4,133149294,133208606,ENSG00000250241
4,133094471,4,133149294,133208606,ENSG00000250241
4,133095318,4,133149294,133208606,ENSG00000250241
4,133096142,4,133149294,133208606,ENSG00000250241
4,133096754,4,133149294,133208606,ENSG00000250241
4,133098068,4,133149294,133208606,ENSG00000250241
4,133098517,4,133149294,133208606,ENSG00000250241
4,133099107,4,133149294,133208606,ENSG00000250241
4,133152903,4,133149294,133208606,ENSG00000250241
4,133112269,4,133149294,133208606,ENSG00000250241
11,780827,11,767220,777488,ENSG00000255284
11,784340,11,767220,777488,ENSG00000255284
11,780321,11,767220,777488,ENSG00000255284
11,774568,11,767220,777488,ENSG00000255284
11,772701,11,767220,777488,ENSG00000255284
11,774608,11,767220,777488,ENSG00000255284
11,775275,11,767220,777488,ENSG00000255284
11,775423,11,767220,777488,ENSG00000255284
11,775651,11,767220,777488,ENSG00000255284
14,103575037,14,103562960,103607523,ENSG00000256053
14,103576416,14,103562960,103607523,ENSG00000256053
14,103581397,14,103562960,103607523,ENSG00000256053
14,103593729,14,103562960,103607523,ENSG00000256053
14,103594030,14,103562960,103607523,ENSG00000256053
14,103594042,14,103562960,103607523,ENSG00000256053
14,103594044,14,103562960,103607523,ENSG00000256053
14,103594047,14,103562960,103607523,ENSG00000256053
14,103594050,14,103562960,103607523,ENSG00000256053
14,103594055,14,103562960,103607523,ENSG00000256053
14,103584020,14,103562960,103607523,ENSG00000256053
14,103603660,14,103562960,103607523,ENSG00000256053
14,103584546,14,103562960,103607523,ENSG00000256053
14,103561258,14,103562960,103607523,ENSG00000256053
14,103561658,14,103562960,103607523,ENSG00000256053
14,103594947,14,103562960,103607523,ENSG00000256053
14,103573728,14,103562960,103607523,ENSG00000256053
14,103581091,14,103562960,103607523,ENSG00000256053
14,103585720,14,103562960,103607523,ENSG00000256053
14,103587427,14,103562960,103607523,ENSG00000256053
14,103597386,14,103562960,103607523,ENSG00000256053
14,103599263,14,103562960,103607523,ENSG00000256053
14,103600085,14,103562960,103607523,ENSG00000256053
14,103601558,14,103562960,103607523,ENSG00000256053
14,103602292,14,103562960,103607523,ENSG00000256053
14,103562469,14,103562960,103607523,ENSG00000256053
14,103606456,14,103562960,103607523,ENSG00000256053
14,103611097,14,103562960,103607523,ENSG00000256053
14,103563112,14,103562960,103607523,ENSG00000256053
14,103563482,14,103562960,103607523,ENSG00000256053
14,103564564,14,103562960,103607523,ENSG00000256053
14,103565014,14,103562960,103607523,ENSG00000256053
14,103566928,14,103562960,103607523,ENSG00000256053
14,103568409,14,103562960,103607523,ENSG00000256053
14,103568955,14,103562960,103607523,ENSG00000256053
14,103559556,14,103562960,103607523,ENSG00000256053
14,103561933,14,103562960,103607523,ENSG00000256053
14,103585306,14,103562960,103607523,ENSG00000256053
14,103561732,14,103562960,103607523,ENSG00000256053
14,103562909,14,103562960,103607523,ENSG00000256053
14,103563041,14,103562960,103607523,ENSG00000256053
14,103568232,14,103562960,103607523,ENSG00000256053
14,103570002,14,103562960,103607523,ENSG00000256053
14,103572081,14,103562960,103607523,ENSG00000256053
14,103577878,14,103562960,103607523,ENSG00000256053
14,103579757,14,103562960,103607523,ENSG00000256053
14,103581420,14,103562960,103607523,ENSG00000256053
14,103582234,14,103562960,103607523,ENSG00000256053
14,103606028,14,103562960,103607523,ENSG00000256053
14,103595015,14,103562960,103607523,ENSG00000256053
14,103596029,14,103562960,103607523,ENSG00000256053
14,103596677,14,103562960,103607523,ENSG00000256053
14,103600308,14,103562960,103607523,ENSG00000256053
14,103602242,14,103562960,103607523,ENSG00000256053
14,103605753,14,103562960,103607523,ENSG00000256053
14,103608940,14,103562960,103607523,ENSG00000256053
14,103582497,14,103562960,103607523,ENSG00000256053
14,103599127,14,103562960,103607523,ENSG00000256053
14,64943482,14,64914361,64944591,ENSG00000258289
14,64918719,14,64914361,64944591,ENSG00000258289
14,64945723,14,64914361,64944591,ENSG00000258289
14,64911402,14,64914361,64944591,ENSG00000258289
15,80402580,15,80404350,80597933,ENSG00000259495
15,80347645,15,80404350,80597933,ENSG00000259495
1,156225891,1,156212993,156240042,ENSG00000260238
1,156222237,1,156212993,156240042,ENSG00000260238
1,156211824,1,156212993,156240042,ENSG00000260238
1,156220489,1,156212993,156240042,ENSG00000260238
1,156222560,1,156212993,156240042,ENSG00000260238
1,156226616,1,156212993,156240042,ENSG00000260238
1,156233069,1,156212993,156240042,ENSG00000260238
1,156233077,1,156212993,156240042,ENSG00000260238
1,156232849,1,156212993,156240042,ENSG00000260238
1,156232968,1,156212993,156240042,ENSG00000260238
1,156234256,1,156212993,156240042,ENSG00000260238
1,156235592,1,156212993,156240042,ENSG00000260238
1,156227589,1,156212993,156240042,ENSG00000260238
1,156235510,1,156212993,156240042,ENSG00000260238
1,156230880,1,156212993,156240042,ENSG00000260238
1,156234862,1,156212993,156240042,ENSG00000260238
1,156227823,1,156212993,156240042,ENSG00000260238
1,156229203,1,156212993,156240042,ENSG00000260238
1,156230563,1,156212993,156240042,ENSG00000260238
1,156230654,1,156212993,156240042,ENSG00000260238
1,156232382,1,156212993,156240042,ENSG00000260238
1,156233018,1,156212993,156240042,ENSG00000260238
1,156225414,1,156212993,156240042,ENSG00000260238
1,156219835,1,156212993,156240042,ENSG00000260238
1,156224572,1,156212993,156240042,ENSG00000260238
1,156214477,1,156212993,156240042,ENSG00000260238
1,156214807,1,156212993,156240042,ENSG00000260238
1,156215040,1,156212993,156240042,ENSG00000260238
1,156224548,1,156212993,156240042,ENSG00000260238
1,156220292,1,156212993,156240042,ENSG00000260238
1,156216843,1,156212993,156240042,ENSG00000260238
1,156217188,1,156212993,156240042,ENSG00000260238
1,156226097,1,156212993,156240042,ENSG00000260238
1,156226225,1,156212993,156240042,ENSG00000260238
1,156221358,1,156212993,156240042,ENSG00000260238
1,156211216,1,156212993,156240042,ENSG00000260238
1,156211979,1,156212993,156240042,ENSG00000260238
1,156212919,1,156212993,156240042,ENSG00000260238
1,156214667,1,156212993,156240042,ENSG00000260238
1,156214956,1,156212993,156240042,ENSG00000260238
1,156215101,1,156212993,156240042,ENSG00000260238
1,156216813,1,156212993,156240042,ENSG00000260238
1,156216824,1,156212993,156240042,ENSG00000260238
1,156217089,1,156212993,156240042,ENSG00000260238
1,156218423,1,156212993,156240042,ENSG00000260238
1,156220002,1,156212993,156240042,ENSG00000260238
1,156243466,1,156212993,156240042,ENSG00000260238
1,156228575,1,156212993,156240042,ENSG00000260238
16,979627,16,974131,981675,ENSG00000260807
16,972326,16,974131,981675,ENSG00000260807
16,975977,16,974131,981675,ENSG00000260807
16,976980,16,974131,981675,ENSG00000260807
16,978694,16,974131,981675,ENSG00000260807
16,973882,16,974131,981675,ENSG00000260807
16,983243,16,974131,981675,ENSG00000260807
16,984421,16,974131,981675,ENSG00000260807
16,984494,16,974131,981675,ENSG00000260807
16,977099,16,974131,981675,ENSG00000260807
16,982776,16,974131,981675,ENSG00000260807
16,980697,16,974131,981675,ENSG00000260807
16,980273,16,974131,981675,ENSG00000260807
16,980414,16,974131,981675,ENSG00000260807
16,981090,16,974131,981675,ENSG00000260807
16,976171,16,974131,981675,ENSG00000260807
16,971326,16,974131,981675,ENSG00000260807
16,975264,16,974131,981675,ENSG00000260807
16,981161,16,974131,981675,ENSG00000260807
16,971266,16,974131,981675,ENSG00000260807
16,977069,16,974131,981675,ENSG00000260807
16,977619,16,974131,981675,ENSG00000260807
16,974913,16,974131,981675,ENSG00000260807
16,976398,16,974131,981675,ENSG00000260807
16,978545,16,974131,981675,ENSG00000260807
16,984954,16,974131,981675,ENSG00000260807
16,980154,16,974131,981675,ENSG00000260807
16,975464,16,974131,981675,ENSG00000260807
16,979912,16,974131,981675,ENSG00000260807
16,981678,16,974131,981675,ENSG00000260807
17,81377954,17,81366667,81385464,ENSG00000262223
17,81378362,17,81366667,81385464,ENSG00000262223
17,81380542,17,81366667,81385464,ENSG00000262223
17,81378959,17,81366667,81385464,ENSG00000262223
17,81380654,17,81366667,81385464,ENSG00000262223
17,81380985,17,81366667,81385464,ENSG00000262223
17,81381314,17,81366667,81385464,ENSG00000262223
17,81381357,17,81366667,81385464,ENSG00000262223
17,81381494,17,81366667,81385464,ENSG00000262223
17,81383040,17,81366667,81385464,ENSG00000262223
17,81384878,17,81366667,81385464,ENSG00000262223
17,81384960,17,81366667,81385464,ENSG00000262223
17,81386709,17,81366667,81385464,ENSG00000262223
17,81387532,17,81366667,81385464,ENSG00000262223
17,81384195,17,81366667,81385464,ENSG00000262223
17,81386770,17,81366667,81385464,ENSG00000262223
17,81387868,17,81366667,81385464,ENSG00000262223
17,81388492,17,81366667,81385464,ENSG00000262223
17,81388774,17,81366667,81385464,ENSG00000262223
17,81389369,17,81366667,81385464,ENSG00000262223
17,81389871,17,81366667,81385464,ENSG00000262223
17,81383686,17,81366667,81385464,ENSG00000262223
17,81382798,17,81366667,81385464,ENSG00000262223
17,75629206,17,75587800,75626849,ENSG00000266714
17,75623840,17,75587800,75626849,ENSG00000266714
17,75620773,17,75587800,75626849,ENSG00000266714
17,75620840,17,75587800,75626849,ENSG00000266714
17,75621323,17,75587800,75626849,ENSG00000266714
17,75617895,17,75587800,75626849,ENSG00000266714
17,75617574,17,75587800,75626849,ENSG00000266714
17,75617575,17,75587800,75626849,ENSG00000266714
17,75617578,17,75587800,75626849,ENSG00000266714
17,75617579,17,75587800,75626849,ENSG00000266714
17,75617582,17,75587800,75626849,ENSG00000266714
17,75618277,17,75587800,75626849,ENSG00000266714
17,75618646,17,75587800,75626849,ENSG00000266714
17,75618714,17,75587800,75626849,ENSG00000266714
17,75618889,17,75587800,75626849,ENSG00000266714
17,75619564,17,75587800,75626849,ENSG00000266714
17,75620366,17,75587800,75626849,ENSG00000266714
17,75620784,17,75587800,75626849,ENSG00000266714
17,75621024,17,75587800,75626849,ENSG00000266714
17,75623192,17,75587800,75626849,ENSG00000266714
17,75630737,17,75587800,75626849,ENSG00000266714
17,75619853,17,75587800,75626849,ENSG00000266714
17,75619882,17,75587800,75626849,ENSG00000266714
17,75619903,17,75587800,75626849,ENSG00000266714
17,75620008,17,75587800,75626849,ENSG00000266714
17,75620159,17,75587800,75626849,ENSG00000266714
17,75623053,17,75587800,75626849,ENSG00000266714
17,75591977,17,75587800,75626849,ENSG00000266714
17,75618888,17,75587800,75626849,ENSG00000266714
17,75621297,17,75587800,75626849,ENSG00000266714
17,75618782,17,75587800,75626849,ENSG00000266714
17,75618834,17,75587800,75626849,ENSG00000266714
17,75619807,17,75587800,75626849,ENSG00000266714
17,75620131,17,75587800,75626849,ENSG00000266714
17,75591946,17,75587800,75626849,ENSG00000266714
17,75629350,17,75587800,75626849,ENSG00000266714
1,146977381,1,146938324,146996202,ENSG00000268043
1,146940903,1,146938324,146996202,ENSG00000268043
1,146938374,1,146938324,146996202,ENSG00000268043
1,146971907,1,146938324,146996202,ENSG00000268043
1,146963951,1,146938324,146996202,ENSG00000268043
1,146964988,1,146938324,146996202,ENSG00000268043
1,146947699,1,146938324,146996202,ENSG00000268043
19,38938056,19,38941401,38975742,ENSG00000269190
19,38939687,19,38941401,38975742,ENSG00000269190
19,38939861,19,38941401,38975742,ENSG00000269190
19,38939900,19,38941401,38975742,ENSG00000269190
19,38943434,19,38941401,38975742,ENSG00000269190
19,38946771,19,38941401,38975742,ENSG00000269190
19,38946618,19,38941401,38975742,ENSG00000269190
19,38946919,19,38941401,38975742,ENSG00000269190
19,38957635,19,38941401,38975742,ENSG00000269190
19,38947892,19,38941401,38975742,ENSG00000269190
X,149603957,X,149596556,149631912,ENSG00000269556
X,149634278,X,149596556,149631912,ENSG00000269556
1,149073894,1,149052186,149103561,ENSG00000269713
1,149063206,1,149052186,149103561,ENSG00000269713
1,149071307,1,149052186,149103561,ENSG00000269713
4,118277898,4,118278462,118285316,ENSG00000269893
4,118279119,4,118278462,118285316,ENSG00000269893
4,118280376,4,118278462,118285316,ENSG00000269893
4,118283311,4,118278462,118285316,ENSG00000269893
4,118283565,4,118278462,118285316,ENSG00000269893
4,118283696,4,118278462,118285316,ENSG00000269893
4,118282553,4,118278462,118285316,ENSG00000269893
4,118278724,4,118278462,118285316,ENSG00000269893
4,118284723,4,118278462,118285316,ENSG00000269893
4,118274507,4,118278462,118285316,ENSG00000269893
1,45489384,1,45493866,45500079,ENSG00000280670
1,45491028,1,45493866,45500079,ENSG00000280670
1,45491618,1,45493866,45500079,ENSG00000280670
1,45496283,1,45493866,45500079,ENSG00000280670
1,45498566,1,45493866,45500079,ENSG00000280670
1,45499668,1,45493866,45500079,ENSG00000280670
1,45500031,1,45493866,45500079,ENSG00000280670
1,45500910,1,45493866,45500079,ENSG00000280670
1,45502933,1,45493866,45500079,ENSG00000280670
1,45503364,1,45493866,45500079,ENSG00000280670
